ISO-10303-21;
HEADER;
FILE_DESCRIPTION (( 'STEP AP214' ),
    '1' );
FILE_NAME ('B6B-PH-K.STEP',
    '2022-04-14T18:59:08',
    ( '' ),
    ( '' ),
    'SwSTEP 2.0',
    'SolidWorks 2017',
    '' );
FILE_SCHEMA (( 'AUTOMOTIVE_DESIGN' ));
ENDSEC;

DATA;
#1 = CARTESIAN_POINT ( 'NONE',  ( 5.299999999999999800, 4.000000000000000900, 1.700000000000000000 ) ) ;
#2 = DIRECTION ( 'NONE',  ( 1.000000000000000000, 0.0000000000000000000, 1.720955829342070600E-017 ) ) ;
#3 = VECTOR ( 'NONE', #2842, 1000.000000000000000 ) ;
#4 =( LENGTH_UNIT ( ) NAMED_UNIT ( * ) SI_UNIT ( .MILLI., .METRE. ) );
#5 = ORIENTED_EDGE ( 'NONE', *, *, #1181, .F. ) ;
#6 = ORIENTED_EDGE ( 'NONE', *, *, #332, .T. ) ;
#7 = EDGE_CURVE ( 'NONE', #15, #2585, #4143, .T. ) ;
#8 = VECTOR ( 'NONE', #5942, 1000.000000000000000 ) ;
#9 = ORIENTED_EDGE ( 'NONE', *, *, #4782, .T. ) ;
#10 = ADVANCED_FACE ( 'NONE', ( #5640 ), #5309, .F. ) ;
#11 = EDGE_CURVE ( 'NONE', #3350, #1208, #310, .T. ) ;
#12 = VECTOR ( 'NONE', #3104, 1000.000000000000000 ) ;
#13 = DIRECTION ( 'NONE',  ( 1.112825628694216700E-015, 0.8660254037844578000, -0.4999999999999669700 ) ) ;
#14 = ORIENTED_EDGE ( 'NONE', *, *, #6016, .T. ) ;
#15 = VERTEX_POINT ( 'NONE', #535 ) ;
#16 = DIRECTION ( 'NONE',  ( 0.0000000000000000000, 1.000000000000000000, 2.710505431213762100E-016 ) ) ;
#17 = CARTESIAN_POINT ( 'NONE',  ( 4.750000000000000900, -0.1874133361683795700, -0.3345423273878239700 ) ) ;
#18 = VECTOR ( 'NONE', #1122, 1000.000000000000000 ) ;
#19 = VECTOR ( 'NONE', #153, 1000.000000000000000 ) ;
#20 = EDGE_CURVE ( 'NONE', #5275, #3519, #5490, .T. ) ;
#21 = DIRECTION ( 'NONE',  ( -0.0000000000000000000, 1.000000000000000000, 1.129377263005733600E-016 ) ) ;
#22 = VECTOR ( 'NONE', #333, 1000.000000000000100 ) ;
#23 = VERTEX_POINT ( 'NONE', #5331 ) ;
#24 = ADVANCED_FACE ( 'NONE', ( #2917 ), #611, .F. ) ;
#25 = ORIENTED_EDGE ( 'NONE', *, *, #932, .T. ) ;
#26 = DIRECTION ( 'NONE',  ( 0.0000000000000000000, 0.0000000000000000000, 1.000000000000000000 ) ) ;
#27 = CARTESIAN_POINT ( 'NONE',  ( 2.249999999999999600, -9.184850993605157100E-017, -2.799999999999999800 ) ) ;
#28 = AXIS2_PLACEMENT_3D ( 'NONE', #5247, #4794, #5727 ) ;
#29 = FACE_OUTER_BOUND ( 'NONE', #3824, .T. ) ;
#30 = VECTOR ( 'NONE', #2431, 1000.000000000000000 ) ;
#31 = ORIENTED_EDGE ( 'NONE', *, *, #5137, .F. ) ;
#32 = CARTESIAN_POINT ( 'NONE',  ( -1.749999999999998900, 1.749999999999999800, -2.099999999999944600 ) ) ;
#33 = ORIENTED_EDGE ( 'NONE', *, *, #4223, .F. ) ;
#34 = CARTESIAN_POINT ( 'NONE',  ( -4.250000000000000900, -9.629649721936179300E-032, -2.799999999999999800 ) ) ;
#35 = VECTOR ( 'NONE', #2727, 1000.000000000000000 ) ;
#36 = ORIENTED_EDGE ( 'NONE', *, *, #4509, .F. ) ;
#37 = ORIENTED_EDGE ( 'NONE', *, *, #2607, .T. ) ;
#38 = ORIENTED_EDGE ( 'NONE', *, *, #4102, .T. ) ;
#39 = ADVANCED_FACE ( 'NONE', ( #6079 ), #4060, .F. ) ;
#40 = LINE ( 'NONE', #6172, #1949 ) ;
#41 = DIRECTION ( 'NONE',  ( 1.000000000000000000, 0.0000000000000000000, 1.720955829342070600E-017 ) ) ;
#42 = DIRECTION ( 'NONE',  ( -1.284980352575413100E-015, 1.000000000000000000, 0.0000000000000000000 ) ) ;
#43 = EDGE_LOOP ( 'NONE', ( #2480, #3813, #1798, #6137 ) ) ;
#44 = EDGE_CURVE ( 'NONE', #1504, #3907, #1789, .T. ) ;
#45 = DIRECTION ( 'NONE',  ( 0.9396926207859098700, -0.3420201433256647700, 0.0000000000000000000 ) ) ;
#46 = EDGE_CURVE ( 'NONE', #6057, #441, #2694, .T. ) ;
#47 = VECTOR ( 'NONE', #2915, 999.9999999999998900 ) ;
#48 = CARTESIAN_POINT ( 'NONE',  ( 2.890230208359188900, 4.835279330992293000, 0.1097697916408101600 ) ) ;
#49 = DIRECTION ( 'NONE',  ( 1.000000000000000000, -0.0000000000000000000, 0.0000000000000000000 ) ) ;
#50 = ORIENTED_EDGE ( 'NONE', *, *, #136, .T. ) ;
#51 = ORIENTED_EDGE ( 'NONE', *, *, #486, .T. ) ;
#52 = AXIS2_PLACEMENT_3D ( 'NONE', #737, #3140, #2605 ) ;
#53 = LINE ( 'NONE', #2598, #4932 ) ;
#54 = CARTESIAN_POINT ( 'NONE',  ( 3.109769791640809400, 4.835279330992293000, -0.1097697916408099700 ) ) ;
#55 = CARTESIAN_POINT ( 'NONE',  ( 6.950000000000000200, -3.399999999999999900, 0.0000000000000000000 ) ) ;
#56 = EDGE_LOOP ( 'NONE', ( #2090, #1135, #1444, #4485, #5854, #5058, #3839, #4830, #1422, #4808, #2489, #1753, #854, #5352, #5761, #1514, #368, #5676, #5846, #3513, #1092, #5891, #2249, #5494, #375, #5779, #50, #3784 ) ) ;
#57 = ADVANCED_FACE ( 'NONE', ( #1415 ), #5955, .T. ) ;
#58 = ORIENTED_EDGE ( 'NONE', *, *, #1263, .F. ) ;
#59 = VECTOR ( 'NONE', #989, 1000.000000000000000 ) ;
#60 = CARTESIAN_POINT ( 'NONE',  ( -2.750000000000000900, -7.507106781186548600, 0.2500000000000003300 ) ) ;
#61 = ORIENTED_EDGE ( 'NONE', *, *, #1239, .T. ) ;
#62 = CARTESIAN_POINT ( 'NONE',  ( -3.799999999999999800, 1.749999999999999800, 1.100000000000056700 ) ) ;
#63 = VECTOR ( 'NONE', #372, 1000.000000000000000 ) ;
#64 = AXIS2_PLACEMENT_3D ( 'NONE', #133, #4435, #3391 ) ;
#65 = EDGE_CURVE ( 'NONE', #1923, #5173, #4293, .T. ) ;
#66 = DIRECTION ( 'NONE',  ( -0.0000000000000000000, 1.000000000000000000, 0.0000000000000000000 ) ) ;
#67 = ORIENTED_EDGE ( 'NONE', *, *, #1788, .T. ) ;
#68 = CARTESIAN_POINT ( 'NONE',  ( -1.750000000000000700, 0.1999999999999999300, 1.699999999999999700 ) ) ;
#69 = DIRECTION ( 'NONE',  ( 0.0000000000000000000, -1.000000000000000000, -1.426581805901979600E-016 ) ) ;
#70 = FACE_OUTER_BOUND ( 'NONE', #3566, .T. ) ;
#71 = ADVANCED_FACE ( 'NONE', ( #3996 ), #2492, .F. ) ;
#72 = UNCERTAINTY_MEASURE_WITH_UNIT (LENGTH_MEASURE( 1.000000000000000100E-005 ), #3606, 'distance_accuracy_value', 'NONE');
#73 = VERTEX_POINT ( 'NONE', #3032 ) ;
#74 = CARTESIAN_POINT ( 'NONE',  ( -0.7500000000000006700, -3.049999999999997200, 0.2500000000000003300 ) ) ;
#75 = CARTESIAN_POINT ( 'NONE',  ( -0.8773895819931711900, 4.800000000000000700, 0.1226104180068297700 ) ) ;
#76 = LINE ( 'NONE', #1804, #3353 ) ;
#77 = ORIENTED_EDGE ( 'NONE', *, *, #4007, .T. ) ;
#78 = VECTOR ( 'NONE', #5937, 1000.000000000000000 ) ;
#79 = ORIENTED_EDGE ( 'NONE', *, *, #2044, .F. ) ;
#80 = CARTESIAN_POINT ( 'NONE',  ( 4.750000000000000900, -9.629649721936179300E-032, -0.4999999999999997800 ) ) ;
#81 = DIRECTION ( 'NONE',  ( 1.020425574104003900E-016, 1.000000000000000000, 0.0000000000000000000 ) ) ;
#82 = EDGE_CURVE ( 'NONE', #1659, #5879, #1708, .T. ) ;
#83 = VECTOR ( 'NONE', #5732, 1000.000000000000000 ) ;
#84 = EDGE_LOOP ( 'NONE', ( #3210, #5873, #6089, #438, #2505, #2567 ) ) ;
#85 = ORIENTED_EDGE ( 'NONE', *, *, #5179, .T. ) ;
#86 = LINE ( 'NONE', #2050, #2985 ) ;
#87 = CARTESIAN_POINT ( 'NONE',  ( 0.0000000000000000000, 1.749999999999998900, 0.2500000000000003300 ) ) ;
#88 = DIRECTION ( 'NONE',  ( 0.0000000000000000000, 0.0000000000000000000, -1.000000000000000000 ) ) ;
#89 = CARTESIAN_POINT ( 'NONE',  ( 6.950000000000000200, -3.566454514754936800E-017, 0.2499999999999991400 ) ) ;
#90 = VECTOR ( 'NONE', #3084, 1000.000000000000000 ) ;
#91 = EDGE_CURVE ( 'NONE', #3419, #6110, #2376, .T. ) ;
#92 = FACE_BOUND ( 'NONE', #5104, .T. ) ;
#93 = DIRECTION ( 'NONE',  ( 0.0000000000000000000, -1.000000000000000000, -2.710505431213762100E-016 ) ) ;
#94 = CARTESIAN_POINT ( 'NONE',  ( -5.750000000000000900, 0.1999999999999999300, -2.799999999999999800 ) ) ;
#95 = CARTESIAN_POINT ( 'NONE',  ( 5.083588031202427100, 4.907213126598322500, 0.08358803120242594400 ) ) ;
#96 = CYLINDRICAL_SURFACE ( 'NONE', #3972, 1.000000000000000400 ) ;
#97 = DIRECTION ( 'NONE',  ( -1.000000000000000000, 0.0000000000000000000, -0.0000000000000000000 ) ) ;
#98 = ORIENTED_EDGE ( 'NONE', *, *, #4943, .F. ) ;
#99 = FACE_OUTER_BOUND ( 'NONE', #5456, .T. ) ;
#100 = DIRECTION ( 'NONE',  ( 0.0000000000000000000, 0.0000000000000000000, 1.000000000000000000 ) ) ;
#101 = EDGE_CURVE ( 'NONE', #1745, #5655, #1270, .T. ) ;
#102 = ORIENTED_EDGE ( 'NONE', *, *, #5254, .F. ) ;
#103 = LINE ( 'NONE', #4405, #764 ) ;
#104 = CARTESIAN_POINT ( 'NONE',  ( -3.250000000000001300, -7.507106781186548600, 0.2500000000000003300 ) ) ;
#105 = LINE ( 'NONE', #959, #6156 ) ;
#106 = PLANE ( 'NONE',  #2423 ) ;
#107 = VERTEX_POINT ( 'NONE', #2989 ) ;
#108 = CARTESIAN_POINT ( 'NONE',  ( -4.250000000000000900, -4.607859233063394800E-016, 1.699999999999999700 ) ) ;
#109 = AXIS2_PLACEMENT_3D ( 'NONE', #3088, #2552, #2595 ) ;
#110 = VERTEX_POINT ( 'NONE', #5004 ) ;
#111 = LINE ( 'NONE', #3976, #2940 ) ;
#112 = VERTEX_POINT ( 'NONE', #3491 ) ;
#113 = DIRECTION ( 'NONE',  ( -0.0000000000000000000, 1.000000000000000000, 3.854941057726238600E-016 ) ) ;
#114 = LINE ( 'NONE', #5505, #5882 ) ;
#115 = EDGE_CURVE ( 'NONE', #3860, #5318, #3538, .T. ) ;
#116 = ORIENTED_EDGE ( 'NONE', *, *, #3179, .F. ) ;
#117 = DIRECTION ( 'NONE',  ( 1.000000000000000000, 0.0000000000000000000, -0.0000000000000000000 ) ) ;
#118 = PLANE ( 'NONE',  #2236 ) ;
#119 = ORIENTED_EDGE ( 'NONE', *, *, #1934, .T. ) ;
#120 = LINE ( 'NONE', #2667, #633 ) ;
#121 = AXIS2_PLACEMENT_3D ( 'NONE', #5579, #2172, #6015 ) ;
#122 = ORIENTED_EDGE ( 'NONE', *, *, #3310, .F. ) ;
#123 = DIRECTION ( 'NONE',  ( 0.3236155771181831700, 0.8891264907159895900, 0.3236155771181831700 ) ) ;
#124 = DIRECTION ( 'NONE',  ( -1.000000000000000000, 0.0000000000000000000, 0.0000000000000000000 ) ) ;
#125 = EDGE_CURVE ( 'NONE', #2206, #4497, #2371, .T. ) ;
#126 = DIRECTION ( 'NONE',  ( -0.9396926207859084300, -0.3420201433256689300, 0.0000000000000000000 ) ) ;
#127 = VECTOR ( 'NONE', #4869, 1000.000000000000000 ) ;
#128 = DIRECTION ( 'NONE',  ( -0.0000000000000000000, 1.000000000000000000, 2.478176394252581100E-016 ) ) ;
#129 = VERTEX_POINT ( 'NONE', #3982 ) ;
#130 = AXIS2_PLACEMENT_3D ( 'NONE', #6045, #4763, #3253 ) ;
#131 = LINE ( 'NONE', #273, #796 ) ;
#132 = DIRECTION ( 'NONE',  ( 0.0000000000000000000, -2.478176394252581100E-016, 1.000000000000000000 ) ) ;
#133 = CARTESIAN_POINT ( 'NONE',  ( 6.299999999999999800, 4.000000000000001800, -2.399999999999942200 ) ) ;
#134 = DIRECTION ( 'NONE',  ( 0.0000000000000000000, 1.000000000000000000, 3.854941057726238600E-016 ) ) ;
#135 = ORIENTED_EDGE ( 'NONE', *, *, #5760, .F. ) ;
#136 = EDGE_CURVE ( 'NONE', #5596, #4240, #4517, .T. ) ;
#137 = ORIENTED_EDGE ( 'NONE', *, *, #5958, .F. ) ;
#138 = VECTOR ( 'NONE', #4939, 1000.000000000000000 ) ;
#139 = FILL_AREA_STYLE ('',( #2538 ) ) ;
#140 = ORIENTED_EDGE ( 'NONE', *, *, #261, .F. ) ;
#141 = VECTOR ( 'NONE', #3326, 1000.000000000000000 ) ;
#142 = DIRECTION ( 'NONE',  ( -0.0000000000000000000, -1.000000000000000000, -0.0000000000000000000 ) ) ;
#143 = EDGE_CURVE ( 'NONE', #431, #4601, #2223, .T. ) ;
#144 = ORIENTED_EDGE ( 'NONE', *, *, #2229, .F. ) ;
#145 = DIRECTION ( 'NONE',  ( 1.000000000000000000, 0.0000000000000000000, 0.0000000000000000000 ) ) ;
#146 = ORIENTED_EDGE ( 'NONE', *, *, #5692, .F. ) ;
#147 = LINE ( 'NONE', #5233, #600 ) ;
#148 = CARTESIAN_POINT ( 'NONE',  ( -2.250000000000001300, 0.2000000000000000100, 1.699999999999999700 ) ) ;
#149 = ORIENTED_EDGE ( 'NONE', *, *, #4220, .F. ) ;
#150 = VECTOR ( 'NONE', #5804, 1000.000000000000000 ) ;
#151 = FACE_OUTER_BOUND ( 'NONE', #5838, .T. ) ;
#152 = VERTEX_POINT ( 'NONE', #1618 ) ;
#153 = DIRECTION ( 'NONE',  ( 1.000000000000000000, 5.421010862427523400E-017, 1.469367938527860200E-032 ) ) ;
#154 = EDGE_CURVE ( 'NONE', #2413, #2134, #4965, .T. ) ;
#155 = VECTOR ( 'NONE', #1555, 1000.000000000000000 ) ;
#156 = EDGE_CURVE ( 'NONE', #4922, #5834, #4292, .T. ) ;
#157 = LINE ( 'NONE', #5564, #1414 ) ;
#158 = CARTESIAN_POINT ( 'NONE',  ( -0.2499999999999993600, 3.099999999999989400, -2.399999999999941700 ) ) ;
#159 = DIRECTION ( 'NONE',  ( 0.3236155771181831700, 0.8891264907159895900, -0.3236155771181831700 ) ) ;
#160 = VECTOR ( 'NONE', #5391, 1000.000000000000000 ) ;
#161 = AXIS2_PLACEMENT_3D ( 'NONE', #1169, #2115, #3101 ) ;
#162 = DIRECTION ( 'NONE',  ( 0.0000000000000000000, 0.0000000000000000000, -1.000000000000000000 ) ) ;
#163 = CARTESIAN_POINT ( 'NONE',  ( 6.950000000000000200, 4.099999999999999600, 0.2499999999999997200 ) ) ;
#164 = AXIS2_PLACEMENT_3D ( 'NONE', #4888, #5339, #124 ) ;
#165 = CARTESIAN_POINT ( 'NONE',  ( -6.300000000000000700, 4.099999999999999600, 0.2499999999999996700 ) ) ;
#166 = FACE_OUTER_BOUND ( 'NONE', #570, .T. ) ;
#167 = VECTOR ( 'NONE', #4095, 1000.000000000000000 ) ;
#168 = EDGE_CURVE ( 'NONE', #73, #3870, #5928, .T. ) ;
#169 = ORIENTED_EDGE ( 'NONE', *, *, #11, .F. ) ;
#170 = PLANE ( 'NONE',  #2778 ) ;
#171 = DIRECTION ( 'NONE',  ( 0.0000000000000000000, 0.0000000000000000000, -1.000000000000000000 ) ) ;
#172 = LINE ( 'NONE', #5776, #2541 ) ;
#173 = FACE_OUTER_BOUND ( 'NONE', #890, .T. ) ;
#174 = ORIENTED_EDGE ( 'NONE', *, *, #2794, .T. ) ;
#175 = DIRECTION ( 'NONE',  ( 1.112825628694216700E-015, 0.8660254037844578000, -0.4999999999999669700 ) ) ;
#176 = ORIENTED_EDGE ( 'NONE', *, *, #5669, .F. ) ;
#177 = MECHANICAL_DESIGN_GEOMETRIC_PRESENTATION_REPRESENTATION (  '', ( #4483 ), #4041 ) ;
#178 = LINE ( 'NONE', #2677, #5947 ) ;
#179 = ORIENTED_EDGE ( 'NONE', *, *, #5935, .T. ) ;
#180 = EDGE_CURVE ( 'NONE', #979, #828, #1926, .T. ) ;
#181 = DIRECTION ( 'NONE',  ( 0.0000000000000000000, -0.0000000000000000000, -1.000000000000000000 ) ) ;
#182 = ORIENTED_EDGE ( 'NONE', *, *, #5995, .T. ) ;
#183 = ORIENTED_EDGE ( 'NONE', *, *, #4319, .F. ) ;
#184 = CARTESIAN_POINT ( 'NONE',  ( 4.000000000000000000, 4.800000000000000700, 0.1226104180068297700 ) ) ;
#185 = LINE ( 'NONE', #2896, #4838 ) ;
#186 = DIRECTION ( 'NONE',  ( -0.9396926207859090900, 0.3368240888334635400, 0.05939117461388476700 ) ) ;
#187 = CARTESIAN_POINT ( 'NONE',  ( 5.135951552079194300, 4.763345535386262600, -0.1359515520791934100 ) ) ;
#188 = AXIS2_PLACEMENT_3D ( 'NONE', #4611, #4156, #4568 ) ;
#189 = ORIENTED_EDGE ( 'NONE', *, *, #3709, .T. ) ;
#190 = ORIENTED_EDGE ( 'NONE', *, *, #3880, .F. ) ;
#191 = VECTOR ( 'NONE', #5697, 1000.000000000000000 ) ;
#192 = DIRECTION ( 'NONE',  ( -1.000000000000000000, 0.0000000000000000000, -0.0000000000000000000 ) ) ;
#193 = DIRECTION ( 'NONE',  ( 1.000000000000000000, -1.284980352575412900E-015, 0.0000000000000000000 ) ) ;
#194 = ORIENTED_EDGE ( 'NONE', *, *, #2370, .T. ) ;
#195 = VERTEX_POINT ( 'NONE', #5543 ) ;
#196 = EDGE_CURVE ( 'NONE', #6104, #5991, #4893, .T. ) ;
#197 = FACE_OUTER_BOUND ( 'NONE', #1607, .T. ) ;
#198 = DIRECTION ( 'NONE',  ( -1.000000000000000000, 0.0000000000000000000, 0.0000000000000000000 ) ) ;
#199 = DIRECTION ( 'NONE',  ( -0.0000000000000000000, -0.0000000000000000000, 1.000000000000000000 ) ) ;
#200 = ORIENTED_EDGE ( 'NONE', *, *, #5502, .T. ) ;
#201 = PLANE ( 'NONE',  #2204 ) ;
#202 = DIRECTION ( 'NONE',  ( 0.0000000000000000000, 0.0000000000000000000, 1.000000000000000000 ) ) ;
#203 = LINE ( 'NONE', #4952, #5450 ) ;
#204 = AXIS2_PLACEMENT_3D ( 'NONE', #2481, #45, #3456 ) ;
#205 = DIRECTION ( 'NONE',  ( 0.0000000000000000000, -1.000000000000000000, -2.478176394252581100E-016 ) ) ;
#206 = EDGE_CURVE ( 'NONE', #5333, #1572, #2990, .T. ) ;
#207 = VERTEX_POINT ( 'NONE', #2687 ) ;
#208 = CARTESIAN_POINT ( 'NONE',  ( -0.8773895819931711900, 4.800000000000000700, 0.0000000000000000000 ) ) ;
#209 = DIRECTION ( 'NONE',  ( -0.0000000000000000000, -0.3420201433256668300, -0.9396926207859090900 ) ) ;
#210 = ORIENTED_EDGE ( 'NONE', *, *, #5215, .T. ) ;
#211 = LINE ( 'NONE', #1982, #4040 ) ;
#212 = VERTEX_POINT ( 'NONE', #257 ) ;
#213 = ORIENTED_EDGE ( 'NONE', *, *, #5457, .F. ) ;
#214 = DIRECTION ( 'NONE',  ( -0.0000000000000000000, 1.000000000000000000, 2.478176394252581100E-016 ) ) ;
#215 = CARTESIAN_POINT ( 'NONE',  ( -0.2500000000000011100, -9.629649721936179300E-032, 1.699999999999999700 ) ) ;
#216 = LINE ( 'NONE', #5750, #3438 ) ;
#217 = EDGE_CURVE ( 'NONE', #5448, #5186, #2525, .T. ) ;
#218 = ORIENTED_EDGE ( 'NONE', *, *, #3955, .F. ) ;
#219 = LINE ( 'NONE', #5898, #1769 ) ;
#220 = DIRECTION ( 'NONE',  ( -0.0000000000000000000, 1.000000000000000000, 2.478176394252581100E-016 ) ) ;
#221 = EDGE_LOOP ( 'NONE', ( #3975, #5542, #4788, #5805 ) ) ;
#222 = VECTOR ( 'NONE', #3114, 1000.000000000000000 ) ;
#223 = ORIENTED_EDGE ( 'NONE', *, *, #457, .T. ) ;
#224 = ORIENTED_EDGE ( 'NONE', *, *, #5507, .T. ) ;
#225 = AXIS2_PLACEMENT_3D ( 'NONE', #1874, #1402, #2352 ) ;
#226 = DIRECTION ( 'NONE',  ( 1.000000000000000000, 0.0000000000000000000, 0.0000000000000000000 ) ) ;
#227 = DIRECTION ( 'NONE',  ( -1.000000000000000000, -1.284980352575412900E-015, 0.0000000000000000000 ) ) ;
#228 = CARTESIAN_POINT ( 'NONE',  ( 0.7499999999999988900, 4.449999999999999300, 0.2500000000000003300 ) ) ;
#229 = CIRCLE ( 'NONE', #3603, 0.2500000000000000000 ) ;
#230 = ORIENTED_EDGE ( 'NONE', *, *, #2837, .T. ) ;
#231 = VECTOR ( 'NONE', #1131, 1000.000000000000000 ) ;
#232 = LINE ( 'NONE', #2916, #973 ) ;
#233 = CARTESIAN_POINT ( 'NONE',  ( 5.250000000000000900, -0.1874133361683795700, -0.3345423273878239700 ) ) ;
#234 = VECTOR ( 'NONE', #511, 1000.000000000000000 ) ;
#235 = EDGE_CURVE ( 'NONE', #2167, #4086, #3372, .T. ) ;
#236 = LINE ( 'NONE', #4657, #1273 ) ;
#237 = PLANE ( 'NONE',  #5746 ) ;
#238 = CARTESIAN_POINT ( 'NONE',  ( 2.749999999999999100, 0.1999999999999999600, -0.2500000000000000600 ) ) ;
#239 = CARTESIAN_POINT ( 'NONE',  ( 5.299999999999999800, 6.000000000000000000, 1.499999999999999800 ) ) ;
#240 = EDGE_CURVE ( 'NONE', #4198, #4448, #449, .T. ) ;
#241 = ORIENTED_EDGE ( 'NONE', *, *, #5900, .T. ) ;
#242 = ADVANCED_FACE ( 'NONE', ( #1116 ), #5998, .F. ) ;
#243 = VECTOR ( 'NONE', #2242, 1000.000000000000000 ) ;
#244 = CARTESIAN_POINT ( 'NONE',  ( -1.250000000000001100, -7.507106781186548600, 0.2500000000000003300 ) ) ;
#245 = VECTOR ( 'NONE', #3933, 1000.000000000000000 ) ;
#246 = CARTESIAN_POINT ( 'NONE',  ( -0.8773895819931711900, 4.800000000000000700, 0.0000000000000000000 ) ) ;
#247 = ORIENTED_EDGE ( 'NONE', *, *, #1269, .F. ) ;
#248 = AXIS2_PLACEMENT_3D ( 'NONE', #1213, #2658, #5139 ) ;
#249 = ORIENTED_EDGE ( 'NONE', *, *, #3643, .F. ) ;
#250 = CARTESIAN_POINT ( 'NONE',  ( 4.249999999999999100, 0.1999999999999999300, 1.699999999999999700 ) ) ;
#251 = DIRECTION ( 'NONE',  ( -1.284980352575413100E-015, 1.000000000000000000, 0.0000000000000000000 ) ) ;
#252 = ORIENTED_EDGE ( 'NONE', *, *, #5659, .F. ) ;
#253 = FACE_OUTER_BOUND ( 'NONE', #1793, .T. ) ;
#254 = MANIFOLD_SOLID_BREP ( 'CirPattern1', #4171 ) ;
#255 = VERTEX_POINT ( 'NONE', #3138 ) ;
#256 = ORIENTED_EDGE ( 'NONE', *, *, #4867, .F. ) ;
#257 = CARTESIAN_POINT ( 'NONE',  ( -1.750000000000000700, -9.184850993605157100E-017, 1.699999999999999700 ) ) ;
#258 = CARTESIAN_POINT ( 'NONE',  ( 5.299999999999999800, 4.000000000000000900, -2.399999999999942200 ) ) ;
#259 = CARTESIAN_POINT ( 'NONE',  ( -4.250000000000024900, 3.099999999999986800, -2.399999999999913800 ) ) ;
#260 = ORIENTED_EDGE ( 'NONE', *, *, #1068, .T. ) ;
#261 = EDGE_CURVE ( 'NONE', #5483, #1802, #4138, .T. ) ;
#262 = DIRECTION ( 'NONE',  ( 1.000000000000000000, -0.0000000000000000000, 0.0000000000000000000 ) ) ;
#263 = ORIENTED_EDGE ( 'NONE', *, *, #1700, .F. ) ;
#264 = LINE ( 'NONE', #1266, #781 ) ;
#265 = ORIENTED_EDGE ( 'NONE', *, *, #3156, .T. ) ;
#266 = APPLICATION_PROTOCOL_DEFINITION ( 'draft international standard', 'automotive_design', 1998, #5105 ) ;
#267 = CARTESIAN_POINT ( 'NONE',  ( -1.250000000000001100, -6.505213034913026600E-016, -0.2500000000000001100 ) ) ;
#268 = FACE_OUTER_BOUND ( 'NONE', #5262, .T. ) ;
#269 = CARTESIAN_POINT ( 'NONE',  ( 2.877389581993171000, -3.399999999999999900, -0.2500000000000001100 ) ) ;
#270 = ORIENTED_EDGE ( 'NONE', *, *, #2641, .T. ) ;
#271 = ORIENTED_EDGE ( 'NONE', *, *, #599, .F. ) ;
#272 = FACE_OUTER_BOUND ( 'NONE', #581, .T. ) ;
#273 = CARTESIAN_POINT ( 'NONE',  ( -3.750000000000000900, -9.184850993605157100E-017, -2.799999999999999800 ) ) ;
#274 = DIRECTION ( 'NONE',  ( 0.0000000000000000000, 0.0000000000000000000, -1.000000000000000000 ) ) ;
#275 = EDGE_LOOP ( 'NONE', ( #1174, #365, #1326, #822 ) ) ;
#276 = EDGE_CURVE ( 'NONE', #5329, #1150, #3461, .T. ) ;
#277 = FACE_OUTER_BOUND ( 'NONE', #3581, .T. ) ;
#278 = DIRECTION ( 'NONE',  ( 1.000000000000000000, 5.421010862427523400E-017, 1.469367938527860200E-032 ) ) ;
#279 = DIRECTION ( 'NONE',  ( -1.000000000000000000, 0.0000000000000000000, 0.0000000000000000000 ) ) ;
#280 = CARTESIAN_POINT ( 'NONE',  ( 0.7499999999999988900, 0.1999999999999999600, 0.2499999999999999400 ) ) ;
#281 = VERTEX_POINT ( 'NONE', #4593 ) ;
#282 = VECTOR ( 'NONE', #5246, 1000.000000000000000 ) ;
#283 = APPLICATION_PROTOCOL_DEFINITION ( 'draft international standard', 'automotive_design', 1998, #2697 ) ;
#284 = CARTESIAN_POINT ( 'NONE',  ( 6.950000000000000200, 8.013668231414597300E-017, 1.700000000000000000 ) ) ;
#285 = EDGE_CURVE ( 'NONE', #1767, #3468, #2149, .T. ) ;
#286 = VERTEX_POINT ( 'NONE', #4574 ) ;
#287 = CARTESIAN_POINT ( 'NONE',  ( -6.299999999999999800, 5.999999999999999100, 1.100000000000058000 ) ) ;
#288 = LINE ( 'NONE', #5646, #2056 ) ;
#289 = CARTESIAN_POINT ( 'NONE',  ( -0.7500000000000006700, 4.449999999999999300, 0.2500000000000003300 ) ) ;
#290 = ORIENTED_EDGE ( 'NONE', *, *, #2336, .T. ) ;
#291 = DIRECTION ( 'NONE',  ( -0.3236155771181827800, -0.8891264907159898100, -0.3236155771181827800 ) ) ;
#292 = ORIENTED_EDGE ( 'NONE', *, *, #125, .F. ) ;
#293 = AXIS2_PLACEMENT_3D ( 'NONE', #5560, #1658, #3609 ) ;
#294 = DIRECTION ( 'NONE',  ( 0.0000000000000000000, 0.0000000000000000000, 1.000000000000000000 ) ) ;
#295 = EDGE_CURVE ( 'NONE', #2399, #4521, #678, .T. ) ;
#296 = VECTOR ( 'NONE', #582, 1000.000000000000100 ) ;
#297 = ORIENTED_EDGE ( 'NONE', *, *, #5711, .T. ) ;
#298 = ORIENTED_EDGE ( 'NONE', *, *, #5236, .T. ) ;
#299 = LINE ( 'NONE', #5489, #2910 ) ;
#300 = CARTESIAN_POINT ( 'NONE',  ( -4.250000000000002700, 1.749999999999999800, -2.099999999999944600 ) ) ;
#301 = DIRECTION ( 'NONE',  ( -1.000000000000000000, 0.0000000000000000000, 0.0000000000000000000 ) ) ;
#302 = DIRECTION ( 'NONE',  ( 0.0000000000000000000, -0.1736481776669313600, 0.9848077530122079100 ) ) ;
#303 = AXIS2_PLACEMENT_3D ( 'NONE', #3421, #2429, #3911 ) ;
#304 = VECTOR ( 'NONE', #345, 1000.000000000000000 ) ;
#305 = DIRECTION ( 'NONE',  ( 0.0000000000000000000, 0.0000000000000000000, 1.000000000000000000 ) ) ;
#306 = DIRECTION ( 'NONE',  ( -0.0000000000000000000, 0.9848077530122079100, 0.1736481776669314700 ) ) ;
#307 = VECTOR ( 'NONE', #2603, 1000.000000000000000 ) ;
#308 = CARTESIAN_POINT ( 'NONE',  ( 5.250000000000000900, -1.023890769675363900, -0.1651155134452243500 ) ) ;
#309 = CIRCLE ( 'NONE', #6193, 0.7500000000000004400 ) ;
#310 = LINE ( 'NONE', #4858, #4373 ) ;
#311 = EDGE_CURVE ( 'NONE', #112, #837, #3531, .T. ) ;
#312 = CARTESIAN_POINT ( 'NONE',  ( 5.749999999999999100, -9.629649721936179300E-032, 1.699999999999999700 ) ) ;
#313 = CARTESIAN_POINT ( 'NONE',  ( 0.7499999999999988900, -3.049999999999997200, 0.2500000000000003300 ) ) ;
#314 = DIRECTION ( 'NONE',  ( 0.0000000000000000000, 0.1736481776669313900, 0.9848077530122079100 ) ) ;
#315 = VECTOR ( 'NONE', #4333, 1000.000000000000000 ) ;
#316 = ORIENTED_EDGE ( 'NONE', *, *, #4580, .T. ) ;
#317 = DIRECTION ( 'NONE',  ( 1.000000000000000000, 0.0000000000000000000, 0.0000000000000000000 ) ) ;
#318 = EDGE_CURVE ( 'NONE', #2417, #2167, #2068, .T. ) ;
#319 = LINE ( 'NONE', #5837, #5416 ) ;
#320 = CARTESIAN_POINT ( 'NONE',  ( 1.249999999999999300, -6.505213034913026600E-016, 0.2499999999999998900 ) ) ;
#321 = ORIENTED_EDGE ( 'NONE', *, *, #4571, .T. ) ;
#322 = FACE_OUTER_BOUND ( 'NONE', #1292, .T. ) ;
#323 = CARTESIAN_POINT ( 'NONE',  ( 0.0000000000000000000, 1.749999999999998900, 0.2500000000000003300 ) ) ;
#324 = EDGE_CURVE ( 'NONE', #1246, #4533, #5856, .T. ) ;
#325 = ORIENTED_EDGE ( 'NONE', *, *, #4278, .T. ) ;
#326 = ORIENTED_EDGE ( 'NONE', *, *, #1257, .F. ) ;
#327 = LINE ( 'NONE', #3172, #4386 ) ;
#328 = CARTESIAN_POINT ( 'NONE',  ( 0.2500000000000011100, 1.749999999999999800, -2.099999999999944600 ) ) ;
#329 = ORIENTED_EDGE ( 'NONE', *, *, #2873, .F. ) ;
#330 = ORIENTED_EDGE ( 'NONE', *, *, #4986, .T. ) ;
#331 = VECTOR ( 'NONE', #4071, 1000.000000000000000 ) ;
#332 = EDGE_CURVE ( 'NONE', #963, #3407, #3766, .T. ) ;
#333 = DIRECTION ( 'NONE',  ( 0.0000000000000000000, -0.9848077530122076900, -0.1736481776669322700 ) ) ;
#334 = CARTESIAN_POINT ( 'NONE',  ( 0.7499999999999988900, 4.449999999999999300, -0.2500000000000001100 ) ) ;
#335 = ORIENTED_EDGE ( 'NONE', *, *, #5866, .F. ) ;
#336 = ORIENTED_EDGE ( 'NONE', *, *, #1125, .F. ) ;
#337 = FACE_OUTER_BOUND ( 'NONE', #1302, .T. ) ;
#338 = AXIS2_PLACEMENT_3D ( 'NONE', #2031, #4947, #2476 ) ;
#339 = ORIENTED_EDGE ( 'NONE', *, *, #1557, .F. ) ;
#340 = CARTESIAN_POINT ( 'NONE',  ( 6.300000000000000700, 5.999999999999999100, 0.2500000000000000000 ) ) ;
#341 = DIRECTION ( 'NONE',  ( -0.0000000000000000000, 0.9848077530122079100, 0.1736481776669313600 ) ) ;
#342 = FACE_OUTER_BOUND ( 'NONE', #352, .T. ) ;
#343 = DIRECTION ( 'NONE',  ( 0.0000000000000000000, -0.0000000000000000000, -1.000000000000000000 ) ) ;
#344 = ORIENTED_EDGE ( 'NONE', *, *, #82, .F. ) ;
#345 = DIRECTION ( 'NONE',  ( -1.000000000000000000, -6.424901762877045700E-016, 6.969659583545340300E-015 ) ) ;
#346 = CARTESIAN_POINT ( 'NONE',  ( -2.750000000000000900, -7.507106781186548600, -0.2500000000000001100 ) ) ;
#347 = ORIENTED_EDGE ( 'NONE', *, *, #5526, .T. ) ;
#348 = LINE ( 'NONE', #1449, #1529 ) ;
#349 = ORIENTED_EDGE ( 'NONE', *, *, #3021, .F. ) ;
#350 = DIRECTION ( 'NONE',  ( -1.000000000000000000, -0.0000000000000000000, -0.0000000000000000000 ) ) ;
#351 = DIRECTION ( 'NONE',  ( 1.000000000000000000, 0.0000000000000000000, 0.0000000000000000000 ) ) ;
#352 = EDGE_LOOP ( 'NONE', ( #2976, #336, #3807, #1475 ) ) ;
#353 = CARTESIAN_POINT ( 'NONE',  ( -5.250000000000000900, 1.749999999999998900, 0.2500000000000003300 ) ) ;
#354 = EDGE_CURVE ( 'NONE', #4570, #1617, #899, .T. ) ;
#355 = EDGE_CURVE ( 'NONE', #635, #5662, #3994, .T. ) ;
#356 = ORIENTED_EDGE ( 'NONE', *, *, #527, .F. ) ;
#357 = FACE_OUTER_BOUND ( 'NONE', #2983, .T. ) ;
#358 = CARTESIAN_POINT ( 'NONE',  ( 3.249999999999999600, 4.449999999999999300, -0.2500000000000001100 ) ) ;
#359 = DIRECTION ( 'NONE',  ( 0.0000000000000000000, 0.0000000000000000000, -1.000000000000000000 ) ) ;
#360 = AXIS2_PLACEMENT_3D ( 'NONE', #3762, #3200, #875 ) ;
#361 = ADVANCED_FACE ( 'NONE', ( #92, #3292 ), #2237, .F. ) ;
#362 = EDGE_LOOP ( 'NONE', ( #1338, #4079, #2234, #6117 ) ) ;
#364 = ORIENTED_EDGE ( 'NONE', *, *, #3964, .F. ) ;
#363 = AXIS2_PLACEMENT_3D ( 'NONE', #3131, #3175, #3623 ) ;
#365 = ORIENTED_EDGE ( 'NONE', *, *, #2772, .T. ) ;
#366 = LINE ( 'NONE', #3967, #1910 ) ;
#367 = CARTESIAN_POINT ( 'NONE',  ( 6.950000000000000200, 6.276959945968717000E-017, -0.5500000000000006000 ) ) ;
#368 = ORIENTED_EDGE ( 'NONE', *, *, #1700, .T. ) ;
#369 = VECTOR ( 'NONE', #2495, 1000.000000000000000 ) ;
#370 = CARTESIAN_POINT ( 'NONE',  ( -6.299999999999999800, 6.000000000000000000, -2.399999999999942200 ) ) ;
#371 = ORIENTED_EDGE ( 'NONE', *, *, #5938, .F. ) ;
#372 = DIRECTION ( 'NONE',  ( -0.0000000000000000000, 1.000000000000000000, 2.478176394252581100E-016 ) ) ;
#373 = LINE ( 'NONE', #3330, #83 ) ;
#374 = CARTESIAN_POINT ( 'NONE',  ( 4.750000000000000900, -3.038299777613183900, 0.03573422627373677700 ) ) ;
#375 = ORIENTED_EDGE ( 'NONE', *, *, #5414, .T. ) ;
#376 = AXIS2_PLACEMENT_3D ( 'NONE', #3085, #5031, #2037 ) ;
#377 = LINE ( 'NONE', #5419, #1995 ) ;
#378 = EDGE_LOOP ( 'NONE', ( #3973, #3498, #4051, #388 ) ) ;
#379 = EDGE_CURVE ( 'NONE', #5318, #1275, #1262, .T. ) ;
#380 = ADVANCED_FACE ( 'NONE', ( #5700 ), #2738, .T. ) ;
#381 = VECTOR ( 'NONE', #3679, 1000.000000000000000 ) ;
#382 = CARTESIAN_POINT ( 'NONE',  ( -5.750000000000000900, -4.607859233063394800E-016, 1.699999999999999700 ) ) ;
#383 = DIRECTION ( 'NONE',  ( -1.000000000000000000, -6.424901762877045700E-016, 6.969659583545340300E-015 ) ) ;
#384 = DIRECTION ( 'NONE',  ( 0.0000000000000000000, -0.0000000000000000000, 1.000000000000000000 ) ) ;
#385 = DIRECTION ( 'NONE',  ( -1.000000000000000000, 0.0000000000000000000, 0.0000000000000000000 ) ) ;
#386 = EDGE_LOOP ( 'NONE', ( #4210, #1595, #290, #1744 ) ) ;
#387 = LINE ( 'NONE', #1755, #4742 ) ;
#388 = ORIENTED_EDGE ( 'NONE', *, *, #3568, .F. ) ;
#389 = DIRECTION ( 'NONE',  ( 0.0000000000000000000, 0.0000000000000000000, -1.000000000000000000 ) ) ;
#390 = VECTOR ( 'NONE', #5166, 1000.000000000000000 ) ;
#391 = FACE_OUTER_BOUND ( 'NONE', #2908, .T. ) ;
#392 = ADVANCED_FACE ( 'NONE', ( #1408 ), #5821, .F. ) ;
#393 = EDGE_CURVE ( 'NONE', #4539, #6180, #2679, .T. ) ;
#394 = ORIENTED_EDGE ( 'NONE', *, *, #2736, .F. ) ;
#395 = CARTESIAN_POINT ( 'NONE',  ( -3.749999999999999100, 1.749999999999999800, -2.399999999999944000 ) ) ;
#396 = CARTESIAN_POINT ( 'NONE',  ( 4.750000000000000900, -1.110714858508829600, -0.6575193899513287500 ) ) ;
#397 = DIRECTION ( 'NONE',  ( 0.0000000000000000000, 0.0000000000000000000, -1.000000000000000000 ) ) ;
#398 = VECTOR ( 'NONE', #1686, 1000.000000000000000 ) ;
#399 = ORIENTED_EDGE ( 'NONE', *, *, #1797, .T. ) ;
#400 = DIRECTION ( 'NONE',  ( -1.284980352575413100E-015, -1.000000000000000000, -0.0000000000000000000 ) ) ;
#401 = FILL_AREA_STYLE ('',( #2781 ) ) ;
#402 = ORIENTED_EDGE ( 'NONE', *, *, #843, .T. ) ;
#403 = CARTESIAN_POINT ( 'NONE',  ( 5.249999999999999100, 0.1999999999999999800, 0.2499999999999998900 ) ) ;
#404 = DIRECTION ( 'NONE',  ( 1.000000000000000000, -0.0000000000000000000, 0.0000000000000000000 ) ) ;
#405 = ORIENTED_EDGE ( 'NONE', *, *, #6049, .T. ) ;
#406 = EDGE_CURVE ( 'NONE', #4842, #3835, #4438, .T. ) ;
#407 = LINE ( 'NONE', #4747, #3627 ) ;
#408 = ORIENTED_EDGE ( 'NONE', *, *, #4925, .F. ) ;
#409 = DIRECTION ( 'NONE',  ( 0.0000000000000000000, 1.000000000000000000, 0.0000000000000000000 ) ) ;
#410 = CARTESIAN_POINT ( 'NONE',  ( 0.7499999999999988900, -3.049999999999997200, 0.2500000000000003300 ) ) ;
#411 = ADVANCED_FACE ( 'NONE', ( #1848 ), #3382, .T. ) ;
#412 = CARTESIAN_POINT ( 'NONE',  ( 4.749999999999999100, 0.1999999999999999600, 0.2500000000000003300 ) ) ;
#413 = ORIENTED_EDGE ( 'NONE', *, *, #616, .F. ) ;
#414 = AXIS2_PLACEMENT_3D ( 'NONE', #2984, #2555, #134 ) ;
#415 = EDGE_CURVE ( 'NONE', #2554, #1974, #5097, .T. ) ;
#416 = LINE ( 'NONE', #5600, #3799 ) ;
#417 = DIRECTION ( 'NONE',  ( 0.0000000000000000000, 0.0000000000000000000, -1.000000000000000000 ) ) ;
#418 = VERTEX_POINT ( 'NONE', #3476 ) ;
#419 = LINE ( 'NONE', #3436, #5529 ) ;
#420 = CARTESIAN_POINT ( 'NONE',  ( 2.749999999999999100, 0.1999999999999999600, 0.2499999999999998900 ) ) ;
#421 = DIRECTION ( 'NONE',  ( 0.0000000000000000000, 0.0000000000000000000, -1.000000000000000000 ) ) ;
#422 = EDGE_LOOP ( 'NONE', ( #556, #6023, #4330, #3599 ) ) ;
#423 = ADVANCED_FACE ( 'NONE', ( #1552 ), #106, .F. ) ;
#424 = FACE_OUTER_BOUND ( 'NONE', #4437, .T. ) ;
#425 = EDGE_LOOP ( 'NONE', ( #3173, #1956, #2662, #984, #3947, #3939, #4406, #1582, #2446, #1082, #2426, #2578 ) ) ;
#426 = CARTESIAN_POINT ( 'NONE',  ( 3.799999999999999800, 1.749999999999999800, 1.700000000000000000 ) ) ;
#427 = CARTESIAN_POINT ( 'NONE',  ( -6.299999999999999800, 1.749999999999998900, 1.100000000000056300 ) ) ;
#428 = EDGE_CURVE ( 'NONE', #701, #4633, #4284, .T. ) ;
#429 = VECTOR ( 'NONE', #251, 1000.000000000000000 ) ;
#430 = DIRECTION ( 'NONE',  ( 0.0000000000000000000, 0.0000000000000000000, -1.000000000000000000 ) ) ;
#431 = VERTEX_POINT ( 'NONE', #1468 ) ;
#432 = CARTESIAN_POINT ( 'NONE',  ( 6.950000000000000200, 0.2000000000000001800, 1.699999999999999700 ) ) ;
#433 = EDGE_CURVE ( 'NONE', #5020, #1831, #5999, .T. ) ;
#434 = LINE ( 'NONE', #5184, #6126 ) ;
#435 = ADVANCED_FACE ( 'NONE', ( #5853 ), #1447, .F. ) ;
#436 = EDGE_CURVE ( 'NONE', #4825, #701, #4212, .T. ) ;
#437 = ADVANCED_FACE ( 'NONE', ( #1182 ), #3926, .F. ) ;
#438 = ORIENTED_EDGE ( 'NONE', *, *, #4698, .T. ) ;
#439 = CARTESIAN_POINT ( 'NONE',  ( 1.423950916901413500, 3.972073783719933400, 0.4239509169014144500 ) ) ;
#440 = LINE ( 'NONE', #2970, #1404 ) ;
#441 = VERTEX_POINT ( 'NONE', #1048 ) ;
#442 = ORIENTED_EDGE ( 'NONE', *, *, #4032, .F. ) ;
#443 = LINE ( 'NONE', #3190, #748 ) ;
#444 = CARTESIAN_POINT ( 'NONE',  ( -6.299999999999999800, 6.000000000000000000, -2.399999999999942200 ) ) ;
#445 = EDGE_CURVE ( 'NONE', #4092, #2224, #5250, .T. ) ;
#446 = CARTESIAN_POINT ( 'NONE',  ( -0.7500000000000006700, -3.399999999999999900, -0.1226104180068291200 ) ) ;
#447 = ORIENTED_EDGE ( 'NONE', *, *, #957, .T. ) ;
#448 = LINE ( 'NONE', #666, #1186 ) ;
#449 = LINE ( 'NONE', #4559, #1189 ) ;
#450 = ADVANCED_FACE ( 'NONE', ( #4575 ), #5294, .F. ) ;
#451 = CARTESIAN_POINT ( 'NONE',  ( 5.799999999999999800, 6.000000000000000000, 1.700000000000000000 ) ) ;
#452 = DIRECTION ( 'NONE',  ( 1.000000000000000000, 5.421010862427523400E-017, 1.469367938527860200E-032 ) ) ;
#453 =( NAMED_UNIT ( * ) SI_UNIT ( $, .STERADIAN. ) SOLID_ANGLE_UNIT ( ) );
#454 = EDGE_LOOP ( 'NONE', ( #6189, #936, #2078, #638 ) ) ;
#455 = AXIS2_PLACEMENT_3D ( 'NONE', #4488, #5439, #181 ) ;
#456 = CIRCLE ( 'NONE', #4087, 0.3999999999999998600 ) ;
#457 = EDGE_CURVE ( 'NONE', #2716, #5756, #299, .T. ) ;
#458 = VECTOR ( 'NONE', #4981, 1000.000000000000000 ) ;
#459 = LINE ( 'NONE', #2564, #5498 ) ;
#460 = DIRECTION ( 'NONE',  ( 0.0000000000000000000, 1.000000000000000000, 0.0000000000000000000 ) ) ;
#461 = CARTESIAN_POINT ( 'NONE',  ( 6.950000000000000200, 0.7999999999999998200, 1.249999999999999300 ) ) ;
#462 = DIRECTION ( 'NONE',  ( 0.0000000000000000000, 0.0000000000000000000, 1.000000000000000000 ) ) ;
#463 = VECTOR ( 'NONE', #3365, 1000.000000000000000 ) ;
#464 = ORIENTED_EDGE ( 'NONE', *, *, #5072, .F. ) ;
#465 = LINE ( 'NONE', #583, #981 ) ;
#466 = FACE_OUTER_BOUND ( 'NONE', #3002, .T. ) ;
#467 = ADVANCED_FACE ( 'NONE', ( #5484 ), #1027, .F. ) ;
#468 = CARTESIAN_POINT ( 'NONE',  ( 5.799999999999999800, 6.000000000000000000, 1.499999999999999800 ) ) ;
#469 = ORIENTED_EDGE ( 'NONE', *, *, #1665, .F. ) ;
#470 = EDGE_LOOP ( 'NONE', ( #3237, #1782, #3827, #3030 ) ) ;
#471 = EDGE_CURVE ( 'NONE', #6150, #1437, #1695, .T. ) ;
#472 = VECTOR ( 'NONE', #4759, 1000.000000000000000 ) ;
#473 = EDGE_CURVE ( 'NONE', #3793, #4613, #3454, .T. ) ;
#474 = DIRECTION ( 'NONE',  ( 0.0000000000000000000, -1.000000000000000000, -2.478176394252581100E-016 ) ) ;
#475 = CARTESIAN_POINT ( 'NONE',  ( 6.000000000000000000, 4.800000000000000700, 0.1226104180068297700 ) ) ;
#476 = ORIENTED_EDGE ( 'NONE', *, *, #6125, .F. ) ;
#477 = DIRECTION ( 'NONE',  ( -0.0000000000000000000, 1.000000000000000000, 2.478176394252581100E-016 ) ) ;
#478 = ORIENTED_EDGE ( 'NONE', *, *, #6072, .T. ) ;
#479 = VECTOR ( 'NONE', #2153, 999.9999999999998900 ) ;
#480 = AXIS2_PLACEMENT_3D ( 'NONE', #2116, #5512, #743 ) ;
#481 = ORIENTED_EDGE ( 'NONE', *, *, #910, .T. ) ;
#482 = DIRECTION ( 'NONE',  ( -0.0000000000000000000, -0.0000000000000000000, -1.000000000000000000 ) ) ;
#483 = PLANE ( 'NONE',  #1006 ) ;
#484 = CARTESIAN_POINT ( 'NONE',  ( 4.250000000000000900, 1.957596189432280900, -1.740432852445508800 ) ) ;
#485 = CARTESIAN_POINT ( 'NONE',  ( 6.950000000000000200, 5.999999999999999100, 0.2500000000000000000 ) ) ;
#486 = EDGE_CURVE ( 'NONE', #3074, #3263, #4365, .T. ) ;
#487 = ADVANCED_FACE ( 'NONE', ( #3598 ), #1544, .F. ) ;
#488 = VECTOR ( 'NONE', #4301, 1000.000000000000000 ) ;
#489 = ORIENTED_EDGE ( 'NONE', *, *, #2680, .F. ) ;
#490 = ORIENTED_EDGE ( 'NONE', *, *, #3830, .T. ) ;
#491 = CARTESIAN_POINT ( 'NONE',  ( -3.250000000000001300, 4.449999999999999300, -0.2500000000000001100 ) ) ;
#492 = LINE ( 'NONE', #4720, #6106 ) ;
#493 = AXIS2_PLACEMENT_3D ( 'NONE', #504, #2878, #2360 ) ;
#494 = ORIENTED_EDGE ( 'NONE', *, *, #4560, .F. ) ;
#495 = EDGE_CURVE ( 'NONE', #1127, #3551, #2143, .T. ) ;
#496 = CARTESIAN_POINT ( 'NONE',  ( 6.950000000000000200, 4.099999999999999600, -0.5500000000000001600 ) ) ;
#497 = ORIENTED_EDGE ( 'NONE', *, *, #616, .T. ) ;
#498 = VECTOR ( 'NONE', #3028, 1000.000000000000000 ) ;
#499 = PLANE ( 'NONE',  #715 ) ;
#500 = ADVANCED_FACE ( 'NONE', ( #5551, #2516 ), #1108, .T. ) ;
#501 = ORIENTED_EDGE ( 'NONE', *, *, #5259, .F. ) ;
#502 = VECTOR ( 'NONE', #1093, 1000.000000000000000 ) ;
#503 = CARTESIAN_POINT ( 'NONE',  ( -2.250000000000001300, -9.629649721936179300E-032, -2.799999999999999800 ) ) ;
#504 = CARTESIAN_POINT ( 'NONE',  ( 12.94999999999999900, -3.399999999999999900, -0.1226104180068291200 ) ) ;
#505 = CARTESIAN_POINT ( 'NONE',  ( -2.877389581993171000, -3.399999999999999900, 0.1226104180068293400 ) ) ;
#506 = DIRECTION ( 'NONE',  ( 0.0000000000000000000, -1.000000000000000000, -2.478176394252581100E-016 ) ) ;
#507 = ORIENTED_EDGE ( 'NONE', *, *, #2504, .T. ) ;
#508 = VERTEX_POINT ( 'NONE', #5923 ) ;
#509 = CARTESIAN_POINT ( 'NONE',  ( -4.750000000000000900, -0.5622400085051390000, 0.003626982163471926000 ) ) ;
#510 = LINE ( 'NONE', #5100, #2665 ) ;
#511 = DIRECTION ( 'NONE',  ( 1.000000000000000000, 0.0000000000000000000, 0.0000000000000000000 ) ) ;
#512 = AXIS2_PLACEMENT_3D ( 'NONE', #5491, #5968, #2161 ) ;
#513 = EDGE_LOOP ( 'NONE', ( #85, #2260, #2956, #5997 ) ) ;
#514 = CARTESIAN_POINT ( 'NONE',  ( -4.750000000000000900, 4.449999999999997500, -0.2500000000000001700 ) ) ;
#515 = PLANE ( 'NONE',  #1086 ) ;
#516 = EDGE_CURVE ( 'NONE', #6150, #2211, #3285, .T. ) ;
#517 = ORIENTED_EDGE ( 'NONE', *, *, #4610, .F. ) ;
#518 = VERTEX_POINT ( 'NONE', #2499 ) ;
#519 = LINE ( 'NONE', #4684, #736 ) ;
#520 = ADVANCED_FACE ( 'NONE', ( #4730 ), #4447, .T. ) ;
#521 = ORIENTED_EDGE ( 'NONE', *, *, #1526, .F. ) ;
#522 = CARTESIAN_POINT ( 'NONE',  ( -3.250000000000001300, -6.505213034913026600E-016, 0.2499999999999998900 ) ) ;
#523 = DIRECTION ( 'NONE',  ( 0.9396926207859090900, -0.3368240888334635400, 0.05939117461388476700 ) ) ;
#524 = ORIENTED_EDGE ( 'NONE', *, *, #3990, .F. ) ;
#525 = DIRECTION ( 'NONE',  ( 0.0000000000000000000, 0.0000000000000000000, 1.000000000000000000 ) ) ;
#526 = EDGE_CURVE ( 'NONE', #5753, #4201, #86, .T. ) ;
#527 = EDGE_CURVE ( 'NONE', #1660, #2398, #6138, .T. ) ;
#528 = VECTOR ( 'NONE', #5311, 1000.000000000000000 ) ;
#529 = PLANE ( 'NONE',  #2639 ) ;
#530 = ORIENTED_EDGE ( 'NONE', *, *, #1339, .F. ) ;
#531 = ORIENTED_EDGE ( 'NONE', *, *, #4160, .F. ) ;
#532 = DIRECTION ( 'NONE',  ( 0.0000000000000000000, 0.0000000000000000000, -1.000000000000000000 ) ) ;
#533 = FACE_OUTER_BOUND ( 'NONE', #3597, .T. ) ;
#534 = LINE ( 'NONE', #27, #5487 ) ;
#535 = CARTESIAN_POINT ( 'NONE',  ( 4.749999999999999100, 1.749999999999998900, -0.2500000000000001100 ) ) ;
#536 = ADVANCED_FACE ( 'NONE', ( #3069 ), #2996, .F. ) ;
#537 = EDGE_LOOP ( 'NONE', ( #4974, #2515, #2925, #4216 ) ) ;
#538 = EDGE_CURVE ( 'NONE', #5001, #5404, #5034, .T. ) ;
#539 = DIRECTION ( 'NONE',  ( 0.0000000000000000000, 0.8660254037844576900, -0.4999999999999669200 ) ) ;
#540 = LINE ( 'NONE', #2186, #22 ) ;
#541 = CARTESIAN_POINT ( 'NONE',  ( -0.7500000000000006700, 4.449999999999999300, -0.2500000000000001100 ) ) ;
#542 = DIRECTION ( 'NONE',  ( 0.0000000000000000000, -1.000000000000000000, -1.141265444721583800E-016 ) ) ;
#543 = EDGE_LOOP ( 'NONE', ( #5421, #4995, #2410, #3130 ) ) ;
#544 = CARTESIAN_POINT ( 'NONE',  ( -0.7500000000000006700, -3.049999999999997200, -0.2500000000000001100 ) ) ;
#545 = DIRECTION ( 'NONE',  ( 0.0000000000000000000, 0.0000000000000000000, 1.000000000000000000 ) ) ;
#546 = CARTESIAN_POINT ( 'NONE',  ( 3.249999999999999600, -3.049999999999997200, 0.2500000000000003300 ) ) ;
#547 = AXIS2_PLACEMENT_3D ( 'NONE', #4335, #3442, #2966 ) ;
#548 = LINE ( 'NONE', #3440, #4590 ) ;
#549 = EDGE_LOOP ( 'NONE', ( #2964, #4155, #241, #5239 ) ) ;
#550 = PLANE ( 'NONE',  #3189 ) ;
#551 = CARTESIAN_POINT ( 'NONE',  ( -5.250000000000000900, -9.629649721936179300E-032, 0.4999999999999997800 ) ) ;
#552 = CARTESIAN_POINT ( 'NONE',  ( 6.300000000000000700, 1.749999999999998900, 1.100000000000056500 ) ) ;
#553 = DIRECTION ( 'NONE',  ( -1.000000000000000000, -0.0000000000000000000, -0.0000000000000000000 ) ) ;
#554 = VECTOR ( 'NONE', #3640, 1000.000000000000000 ) ;
#555 = EDGE_LOOP ( 'NONE', ( #3941, #804, #169, #4815 ) ) ;
#556 = ORIENTED_EDGE ( 'NONE', *, *, #3405, .F. ) ;
#557 = ORIENTED_EDGE ( 'NONE', *, *, #4943, .T. ) ;
#558 = VECTOR ( 'NONE', #4771, 1000.000000000000000 ) ;
#559 = CARTESIAN_POINT ( 'NONE',  ( 0.8773895819931695200, 4.800000000000000700, 0.1226104180068297700 ) ) ;
#560 = CARTESIAN_POINT ( 'NONE',  ( -4.750000000000000900, -0.9370666808418981500, 0.6727116369391208400 ) ) ;
#561 = ORIENTED_EDGE ( 'NONE', *, *, #4840, .T. ) ;
#562 = EDGE_CURVE ( 'NONE', #3334, #4322, #5636, .T. ) ;
#563 = CARTESIAN_POINT ( 'NONE',  ( -4.750000000000000900, -3.011905242028990200, -0.1854250760696250800 ) ) ;
#564 = ORIENTED_EDGE ( 'NONE', *, *, #699, .F. ) ;
#565 = CARTESIAN_POINT ( 'NONE',  ( -3.250000000000001300, -6.505213034913026600E-016, -0.2500000000000001100 ) ) ;
#566 = EDGE_CURVE ( 'NONE', #4927, #3010, #3139, .T. ) ;
#567 = LINE ( 'NONE', #5647, #3099 ) ;
#568 = CARTESIAN_POINT ( 'NONE',  ( -1.749999999999998900, 1.749999999999999800, -2.399999999999944800 ) ) ;
#569 = PLANE ( 'NONE',  #631 ) ;
#570 = EDGE_LOOP ( 'NONE', ( #5482, #817, #5913, #1049 ) ) ;
#571 = ADVANCED_FACE ( 'NONE', ( #533 ), #1626, .F. ) ;
#572 = ORIENTED_EDGE ( 'NONE', *, *, #473, .T. ) ;
#573 = LINE ( 'NONE', #4847, #2409 ) ;
#574 = AXIS2_PLACEMENT_3D ( 'NONE', #1259, #3665, #2253 ) ;
#575 = CARTESIAN_POINT ( 'NONE',  ( -0.2500000000000011100, 3.099999999999999600, -2.399999999999944800 ) ) ;
#576 = DIRECTION ( 'NONE',  ( 0.0000000000000000000, 5.981805089575197200E-016, 1.000000000000000000 ) ) ;
#577 = CARTESIAN_POINT ( 'NONE',  ( -6.299999999999999800, 1.749999999999999800, -2.399999999999944000 ) ) ;
#578 = ORIENTED_EDGE ( 'NONE', *, *, #717, .F. ) ;
#579 = VERTEX_POINT ( 'NONE', #4126 ) ;
#580 = LINE ( 'NONE', #5361, #1158 ) ;
#581 = EDGE_LOOP ( 'NONE', ( #4953, #3318, #1037, #3367 ) ) ;
#582 = DIRECTION ( 'NONE',  ( 0.0000000000000000000, 0.9848077530122079100, -0.1736481776669314700 ) ) ;
#583 = CARTESIAN_POINT ( 'NONE',  ( -4.250000000000002700, 1.749999999999999800, -2.099999999999944600 ) ) ;
#584 = LINE ( 'NONE', #4300, #5014 ) ;
#585 = CARTESIAN_POINT ( 'NONE',  ( 6.300000000000000700, 4.099999999999999600, -0.1500000000000002400 ) ) ;
#586 = EDGE_CURVE ( 'NONE', #931, #3389, #443, .T. ) ;
#587 = ORIENTED_EDGE ( 'NONE', *, *, #5677, .F. ) ;
#588 = PLANE ( 'NONE',  #5188 ) ;
#589 = DIRECTION ( 'NONE',  ( -1.000000000000000000, 0.0000000000000000000, 0.0000000000000000000 ) ) ;
#590 = LINE ( 'NONE', #1038, #4790 ) ;
#591 = ORIENTED_EDGE ( 'NONE', *, *, #3591, .F. ) ;
#592 = DIRECTION ( 'NONE',  ( 0.3236155771181831700, 0.8891264907159895900, 0.3236155771181831700 ) ) ;
#593 = PLANE ( 'NONE',  #64 ) ;
#594 = DIRECTION ( 'NONE',  ( 0.0000000000000000000, 1.000000000000000000, 7.228014483236696600E-016 ) ) ;
#595 = ORIENTED_EDGE ( 'NONE', *, *, #908, .T. ) ;
#596 = EDGE_CURVE ( 'NONE', #3838, #418, #602, .T. ) ;
#597 = DIRECTION ( 'NONE',  ( -0.0000000000000000000, 1.000000000000000000, 2.478176394252581100E-016 ) ) ;
#598 = SURFACE_STYLE_USAGE ( .BOTH. , #3494 ) ;
#599 = EDGE_CURVE ( 'NONE', #4552, #5321, #1254, .T. ) ;
#600 = VECTOR ( 'NONE', #3795, 1000.000000000000000 ) ;
#601 = ORIENTED_EDGE ( 'NONE', *, *, #3113, .F. ) ;
#602 = LINE ( 'NONE', #284, #4131 ) ;
#603 = CARTESIAN_POINT ( 'NONE',  ( 2.877389581993171000, -3.399999999999999900, 0.0000000000000000000 ) ) ;
#604 = AXIS2_PLACEMENT_3D ( 'NONE', #3240, #2281, #384 ) ;
#605 = LINE ( 'NONE', #4565, #2221 ) ;
#606 = EDGE_CURVE ( 'NONE', #2052, #3419, #377, .T. ) ;
#607 = VECTOR ( 'NONE', #1180, 1000.000000000000000 ) ;
#608 = FILL_AREA_STYLE ('',( #5406 ) ) ;
#609 = FACE_OUTER_BOUND ( 'NONE', #659, .T. ) ;
#610 = CARTESIAN_POINT ( 'NONE',  ( -6.299999999999998900, 5.999999999999999100, -0.5499999999999999300 ) ) ;
#611 = CYLINDRICAL_SURFACE ( 'NONE', #3319, 0.5000000000000000000 ) ;
#612 = AXIS2_PLACEMENT_3D ( 'NONE', #1678, #1166, #2606 ) ;
#613 = DIRECTION ( 'NONE',  ( 1.000000000000000000, -0.0000000000000000000, 0.0000000000000000000 ) ) ;
#614 = FACE_OUTER_BOUND ( 'NONE', #4015, .T. ) ;
#615 = DIRECTION ( 'NONE',  ( -1.000000000000000000, -1.020425574104003900E-016, 0.0000000000000000000 ) ) ;
#616 = EDGE_CURVE ( 'NONE', #5404, #2263, #1783, .T. ) ;
#617 = CARTESIAN_POINT ( 'NONE',  ( -5.250000000000000900, 4.449999999999997500, -0.2500000000000001100 ) ) ;
#618 = ORIENTED_EDGE ( 'NONE', *, *, #1301, .T. ) ;
#619 = VECTOR ( 'NONE', #2608, 1000.000000000000000 ) ;
#620 = LINE ( 'NONE', #1903, #3387 ) ;
#621 = CARTESIAN_POINT ( 'NONE',  ( 4.750000000000000900, -3.421291075649866900, -0.1207476902531908800 ) ) ;
#622 = ORIENTED_EDGE ( 'NONE', *, *, #4024, .T. ) ;
#623 = DIRECTION ( 'NONE',  ( -0.0000000000000000000, 1.000000000000000000, 2.478176394252581100E-016 ) ) ;
#624 = ORIENTED_EDGE ( 'NONE', *, *, #2336, .F. ) ;
#625 = LINE ( 'NONE', #2288, #5802 ) ;
#626 = EDGE_LOOP ( 'NONE', ( #3960, #1063, #4837, #4543 ) ) ;
#627 = CARTESIAN_POINT ( 'NONE',  ( 5.299999999999999800, 4.000000000000000900, 1.100000000000057200 ) ) ;
#628 = CARTESIAN_POINT ( 'NONE',  ( -6.950000000000000200, 0.0000000000000000000, -2.799999999999999400 ) ) ;
#629 = DIRECTION ( 'NONE',  ( -1.000000000000000000, -0.0000000000000000000, -0.0000000000000000000 ) ) ;
#630 = EDGE_LOOP ( 'NONE', ( #1674, #1969, #4239, #3029 ) ) ;
#631 = AXIS2_PLACEMENT_3D ( 'NONE', #3844, #49, #3886 ) ;
#632 = ORIENTED_EDGE ( 'NONE', *, *, #3492, .T. ) ;
#633 = VECTOR ( 'NONE', #4577, 1000.000000000000000 ) ;
#634 = DIRECTION ( 'NONE',  ( 0.0000000000000000000, -0.9848077530122076900, -0.1736481776669322700 ) ) ;
#635 = VERTEX_POINT ( 'NONE', #2699 ) ;
#636 = DIRECTION ( 'NONE',  ( -0.0000000000000000000, -1.000000000000000000, 1.129377263005733600E-016 ) ) ;
#637 = CARTESIAN_POINT ( 'NONE',  ( -5.750000000000000900, -9.184850993605157100E-017, -2.799999999999999800 ) ) ;
#638 = ORIENTED_EDGE ( 'NONE', *, *, #5738, .T. ) ;
#639 = DIRECTION ( 'NONE',  ( -1.000000000000000000, -0.0000000000000000000, -0.0000000000000000000 ) ) ;
#640 = LINE ( 'NONE', #2792, #5068 ) ;
#641 = EDGE_CURVE ( 'NONE', #2894, #4322, #3916, .T. ) ;
#642 = ORIENTED_EDGE ( 'NONE', *, *, #5718, .F. ) ;
#643 = DIRECTION ( 'NONE',  ( -0.0000000000000000000, 0.0000000000000000000, 1.000000000000000000 ) ) ;
#644 = EDGE_CURVE ( 'NONE', #3882, #4862, #2831, .T. ) ;
#645 = CARTESIAN_POINT ( 'NONE',  ( -5.250000000000000900, 0.1999999999999999600, 0.2499999999999998900 ) ) ;
#646 = LINE ( 'NONE', #5454, #3420 ) ;
#647 = CARTESIAN_POINT ( 'NONE',  ( 4.750000000000000900, 4.449999999999997500, -0.2500000000000002800 ) ) ;
#648 = CARTESIAN_POINT ( 'NONE',  ( 2.249999999999999600, -9.184850993605157100E-017, -2.799999999999999800 ) ) ;
#649 = VERTEX_POINT ( 'NONE', #1226 ) ;
#650 = LINE ( 'NONE', #2293, #1670 ) ;
#651 = CARTESIAN_POINT ( 'NONE',  ( -3.749999999999999100, 1.749999999999999800, -2.099999999999944600 ) ) ;
#652 = EDGE_LOOP ( 'NONE', ( #2026, #3625, #1357, #3887 ) ) ;
#653 = EDGE_CURVE ( 'NONE', #6027, #4539, #5921, .T. ) ;
#654 = CARTESIAN_POINT ( 'NONE',  ( -4.750000000000000900, 4.800000000000000700, -0.1226104180068291200 ) ) ;
#655 = LINE ( 'NONE', #4375, #5685 ) ;
#656 = DIRECTION ( 'NONE',  ( 1.000000000000000000, 0.0000000000000000000, -0.0000000000000000000 ) ) ;
#657 = CARTESIAN_POINT ( 'NONE',  ( -6.950000000000000200, 8.013668231414597300E-017, 1.700000000000000000 ) ) ;
#658 = CARTESIAN_POINT ( 'NONE',  ( 6.950000000000000200, 0.0000000000000000000, -2.799999999999999400 ) ) ;
#659 = EDGE_LOOP ( 'NONE', ( #3669, #1438, #3969, #1197 ) ) ;
#660 = MECHANICAL_DESIGN_GEOMETRIC_PRESENTATION_REPRESENTATION (  '', ( #4967 ), #3137 ) ;
#661 = VECTOR ( 'NONE', #4122, 1000.000000000000000 ) ;
#662 = PLANE ( 'NONE',  #1828 ) ;
#663 = DIRECTION ( 'NONE',  ( 0.9396926207859098700, -0.3420201433256647700, 0.0000000000000000000 ) ) ;
#664 = CARTESIAN_POINT ( 'NONE',  ( 4.750000000000000900, -0.5622400085051390000, -0.003626982163471926000 ) ) ;
#665 = ORIENTED_EDGE ( 'NONE', *, *, #2385, .F. ) ;
#666 = CARTESIAN_POINT ( 'NONE',  ( -3.250000000000001300, 0.1999999999999999600, -0.2500000000000000600 ) ) ;
#667 = ORIENTED_EDGE ( 'NONE', *, *, #1435, .F. ) ;
#668 = VECTOR ( 'NONE', #4703, 1000.000000000000000 ) ;
#669 = ORIENTED_EDGE ( 'NONE', *, *, #749, .T. ) ;
#670 = DIRECTION ( 'NONE',  ( -1.000000000000000000, -0.0000000000000000000, -0.0000000000000000000 ) ) ;
#671 = ORIENTED_EDGE ( 'NONE', *, *, #3310, .T. ) ;
#672 = CARTESIAN_POINT ( 'NONE',  ( 6.950000000000000200, 0.0000000000000000000, 0.0000000000000000000 ) ) ;
#673 = VECTOR ( 'NONE', #1110, 1000.000000000000000 ) ;
#674 = VERTEX_POINT ( 'NONE', #1249 ) ;
#675 = CARTESIAN_POINT ( 'NONE',  ( -6.950000000000000200, -9.629649721936179300E-032, 1.699999999999999700 ) ) ;
#676 = CARTESIAN_POINT ( 'NONE',  ( 5.250000000000000900, -0.9370666808418981500, 0.3272883630608796600 ) ) ;
#677 = EDGE_CURVE ( 'NONE', #4539, #2066, #2214, .T. ) ;
#678 = LINE ( 'NONE', #2663, #607 ) ;
#679 = DIRECTION ( 'NONE',  ( 0.0000000000000000000, 0.1736481776669323000, -0.9848077530122078000 ) ) ;
#680 = DIRECTION ( 'NONE',  ( -1.000000000000000000, -5.421010862427523400E-017, -1.343422115225471600E-032 ) ) ;
#681 = EDGE_CURVE ( 'NONE', #3860, #2671, #4959, .T. ) ;
#682 = VECTOR ( 'NONE', #1799, 1000.000000000000000 ) ;
#683 = CARTESIAN_POINT ( 'NONE',  ( -4.750000000000000900, -0.9370666808418981500, 0.1727116369391203400 ) ) ;
#684 = DIRECTION ( 'NONE',  ( -0.0000000000000000000, 0.4999999999999996100, 0.8660254037844389300 ) ) ;
#685 = ORIENTED_EDGE ( 'NONE', *, *, #156, .F. ) ;
#686 = CARTESIAN_POINT ( 'NONE',  ( 6.899999999999995900, 2.580384757729338800, -2.100000000000022300 ) ) ;
#687 = LINE ( 'NONE', #4586, #3768 ) ;
#688 = ORIENTED_EDGE ( 'NONE', *, *, #3545, .F. ) ;
#689 = CARTESIAN_POINT ( 'NONE',  ( 12.94999999999999900, -3.399999999999999900, 0.0000000000000000000 ) ) ;
#690 = CARTESIAN_POINT ( 'NONE',  ( 5.122610418006829900, 4.800000000000000700, -0.2500000000000003300 ) ) ;
#691 = CARTESIAN_POINT ( 'NONE',  ( -4.250000000000000900, 0.2000000000000000100, -2.799999999999999800 ) ) ;
#692 = VECTOR ( 'NONE', #1126, 1000.000000000000000 ) ;
#693 = VECTOR ( 'NONE', #1117, 1000.000000000000000 ) ;
#694 = ORIENTED_EDGE ( 'NONE', *, *, #1972, .F. ) ;
#695 = CARTESIAN_POINT ( 'NONE',  ( 2.249999999999999600, -4.607859233063394800E-016, 1.699999999999999700 ) ) ;
#696 = LINE ( 'NONE', #2523, #1284 ) ;
#697 = DIRECTION ( 'NONE',  ( 0.0000000000000000000, 0.0000000000000000000, -1.000000000000000000 ) ) ;
#698 = DIRECTION ( 'NONE',  ( 0.0000000000000000000, -1.000000000000000000, -2.710505431213762100E-016 ) ) ;
#699 = EDGE_CURVE ( 'NONE', #1827, #2099, #1106, .T. ) ;
#700 = CARTESIAN_POINT ( 'NONE',  ( 6.950000000000000200, -9.629649721936179300E-032, 1.699999999999999700 ) ) ;
#701 = VERTEX_POINT ( 'NONE', #1724 ) ;
#702 = ORIENTED_EDGE ( 'NONE', *, *, #3082, .F. ) ;
#703 = CARTESIAN_POINT ( 'NONE',  ( -1.109769791640809800, -3.435279330992292700, -0.1097697916408096200 ) ) ;
#704 = DIRECTION ( 'NONE',  ( -1.000000000000000000, 0.0000000000000000000, -0.0000000000000000000 ) ) ;
#705 = FACE_OUTER_BOUND ( 'NONE', #2569, .T. ) ;
#706 = CARTESIAN_POINT ( 'NONE',  ( -5.250000000000000900, -1.110714858508829600, 0.6575193899513287500 ) ) ;
#707 = ORIENTED_EDGE ( 'NONE', *, *, #2132, .T. ) ;
#708 = ORIENTED_EDGE ( 'NONE', *, *, #6049, .F. ) ;
#709 = VECTOR ( 'NONE', #2762, 1000.000000000000000 ) ;
#710 = ADVANCED_FACE ( 'NONE', ( #6067 ), #4626, .F. ) ;
#711 = DIRECTION ( 'NONE',  ( 0.0000000000000000000, 0.0000000000000000000, -1.000000000000000000 ) ) ;
#712 = DIRECTION ( 'NONE',  ( 1.000000000000000000, 0.0000000000000000000, 0.0000000000000000000 ) ) ;
#713 = CARTESIAN_POINT ( 'NONE',  ( 4.249999999999999100, -9.184850993605157100E-017, -2.799999999999999800 ) ) ;
#714 = ORIENTED_EDGE ( 'NONE', *, *, #2107, .T. ) ;
#715 = AXIS2_PLACEMENT_3D ( 'NONE', #3385, #5342, #2872 ) ;
#716 = EDGE_LOOP ( 'NONE', ( #51, #489, #31, #1142 ) ) ;
#717 = EDGE_CURVE ( 'NONE', #1076, #1246, #3524, .T. ) ;
#718 = ORIENTED_EDGE ( 'NONE', *, *, #168, .F. ) ;
#719 = DIRECTION ( 'NONE',  ( 1.000000000000000000, 0.0000000000000000000, 0.0000000000000000000 ) ) ;
#720 = DIRECTION ( 'NONE',  ( -0.3236155771181832800, -0.8194234062344383200, 0.4730943241697324600 ) ) ;
#721 = FILL_AREA_STYLE ('',( #3635 ) ) ;
#722 = ORIENTED_EDGE ( 'NONE', *, *, #4913, .T. ) ;
#723 = LINE ( 'NONE', #1605, #2737 ) ;
#724 = CARTESIAN_POINT ( 'NONE',  ( -3.122610418006829500, -3.399999999999999900, -0.2500000000000001100 ) ) ;
#725 = EDGE_CURVE ( 'NONE', #4113, #6092, #5772, .T. ) ;
#726 = ORIENTED_EDGE ( 'NONE', *, *, #4571, .F. ) ;
#727 = DIRECTION ( 'NONE',  ( 1.000000000000000000, 0.0000000000000000000, 1.720955829342070600E-017 ) ) ;
#728 = VECTOR ( 'NONE', #750, 1000.000000000000000 ) ;
#729 = ORIENTED_EDGE ( 'NONE', *, *, #4545, .T. ) ;
#730 = CARTESIAN_POINT ( 'NONE',  ( 4.750000000000000900, 4.800000000000000700, 0.1226104180068291200 ) ) ;
#731 = CARTESIAN_POINT ( 'NONE',  ( -0.7500000000000006700, -3.049999999999997200, -0.2500000000000001100 ) ) ;
#732 = VECTOR ( 'NONE', #3914, 1000.000000000000000 ) ;
#733 = AXIS2_PLACEMENT_3D ( 'NONE', #2810, #3316, #1383 ) ;
#734 = EDGE_CURVE ( 'NONE', #4696, #3435, #819, .T. ) ;
#735 = ORIENTED_EDGE ( 'NONE', *, *, #1872, .F. ) ;
#736 = VECTOR ( 'NONE', #1329, 1000.000000000000100 ) ;
#737 = CARTESIAN_POINT ( 'NONE',  ( -4.750000000000000900, 4.800000000000000700, 0.2500000000000003300 ) ) ;
#738 = DIRECTION ( 'NONE',  ( 1.112825628694216700E-015, 0.8660254037844578000, -0.4999999999999669700 ) ) ;
#739 = CARTESIAN_POINT ( 'NONE',  ( 0.0000000000000000000, 4.800000000000000700, 0.1226104180068297700 ) ) ;
#740 = ADVANCED_FACE ( 'NONE', ( #3360 ), #1664, .F. ) ;
#741 = ORIENTED_EDGE ( 'NONE', *, *, #4951, .F. ) ;
#742 = DIRECTION ( 'NONE',  ( 1.000000000000000000, 0.0000000000000000000, 0.0000000000000000000 ) ) ;
#743 = DIRECTION ( 'NONE',  ( 0.0000000000000000000, 0.8660254037844576900, -0.4999999999999669200 ) ) ;
#744 = CARTESIAN_POINT ( 'NONE',  ( 5.250000000000000900, 4.449999999999997500, 0.2500000000000001700 ) ) ;
#745 = LINE ( 'NONE', #1355, #1779 ) ;
#746 = CARTESIAN_POINT ( 'NONE',  ( -4.877389581993172700, -3.421291075649866900, 0.1207476902531909900 ) ) ;
#747 = ORIENTED_EDGE ( 'NONE', *, *, #562, .F. ) ;
#748 = VECTOR ( 'NONE', #1648, 1000.000000000000000 ) ;
#749 = EDGE_CURVE ( 'NONE', #1364, #112, #1120, .T. ) ;
#750 = DIRECTION ( 'NONE',  ( 0.0000000000000000000, -0.0000000000000000000, 1.000000000000000000 ) ) ;
#751 = LINE ( 'NONE', #108, #4961 ) ;
#752 = DIRECTION ( 'NONE',  ( -1.000000000000000000, 0.0000000000000000000, -0.0000000000000000000 ) ) ;
#753 = VECTOR ( 'NONE', #5915, 999.9999999999998900 ) ;
#754 = VECTOR ( 'NONE', #5588, 1000.000000000000000 ) ;
#755 = CARTESIAN_POINT ( 'NONE',  ( 1.122610418006829300, -3.399999999999999900, 0.2500000000000003300 ) ) ;
#756 = EDGE_CURVE ( 'NONE', #195, #6167, #3840, .T. ) ;
#757 = ORIENTED_EDGE ( 'NONE', *, *, #4663, .T. ) ;
#758 =( NAMED_UNIT ( * ) SI_UNIT ( $, .STERADIAN. ) SOLID_ANGLE_UNIT ( ) );
#759 = VECTOR ( 'NONE', #1074, 1000.000000000000000 ) ;
#760 = CARTESIAN_POINT ( 'NONE',  ( 6.950000000000000200, 4.099999999999999600, 0.2499999999999997200 ) ) ;
#761 = EDGE_LOOP ( 'NONE', ( #4551, #2500, #3954, #1293 ) ) ;
#762 = CARTESIAN_POINT ( 'NONE',  ( 3.749999999999999100, 0.2000000000000000100, -2.799999999999999400 ) ) ;
#763 = AXIS2_PLACEMENT_3D ( 'NONE', #3006, #1568, #4038 ) ;
#764 = VECTOR ( 'NONE', #3965, 1000.000000000000200 ) ;
#765 = FACE_BOUND ( 'NONE', #2549, .T. ) ;
#766 = EDGE_CURVE ( 'NONE', #1572, #1831, #1857, .T. ) ;
#767 = ADVANCED_FACE ( 'NONE', ( #2604 ), #980, .T. ) ;
#768 = VERTEX_POINT ( 'NONE', #4234 ) ;
#769 = CARTESIAN_POINT ( 'NONE',  ( 6.950000000000000200, -9.629649721936179300E-032, 1.699999999999999700 ) ) ;
#770 = DIRECTION ( 'NONE',  ( 0.0000000000000000000, 0.0000000000000000000, 1.000000000000000000 ) ) ;
#771 = ORIENTED_EDGE ( 'NONE', *, *, #852, .F. ) ;
#772 = LINE ( 'NONE', #2747, #4681 ) ;
#773 = ORIENTED_EDGE ( 'NONE', *, *, #3858, .F. ) ;
#774 = AXIS2_PLACEMENT_3D ( 'NONE', #2496, #1971, #1023 ) ;
#775 = CARTESIAN_POINT ( 'NONE',  ( -2.750000000000000900, -3.399999999999999900, -0.1226104180068291200 ) ) ;
#776 = DIRECTION ( 'NONE',  ( -1.000000000000000000, -1.284980352575412900E-015, 0.0000000000000000000 ) ) ;
#777 = CARTESIAN_POINT ( 'NONE',  ( 6.300000000000000700, 5.999999999999999100, 1.100000000000058300 ) ) ;
#778 = ORIENTED_EDGE ( 'NONE', *, *, #516, .T. ) ;
#779 = DIRECTION ( 'NONE',  ( -0.0000000000000000000, 1.000000000000000000, 0.0000000000000000000 ) ) ;
#780 = EDGE_CURVE ( 'NONE', #3529, #3166, #5308, .T. ) ;
#781 = VECTOR ( 'NONE', #4685, 1000.000000000000000 ) ;
#782 = PLANE ( 'NONE',  #2198 ) ;
#783 = VERTEX_POINT ( 'NONE', #5270 ) ;
#784 = DIRECTION ( 'NONE',  ( -0.0000000000000000000, 1.000000000000000000, 2.478176394252581100E-016 ) ) ;
#785 = EDGE_LOOP ( 'NONE', ( #2599, #3329, #1285, #2350 ) ) ;
#786 = CARTESIAN_POINT ( 'NONE',  ( 0.0000000000000000000, 0.0000000000000000000, 1.499999999999999800 ) ) ;
#787 = ORIENTED_EDGE ( 'NONE', *, *, #2425, .F. ) ;
#788 = UNCERTAINTY_MEASURE_WITH_UNIT (LENGTH_MEASURE( 1.000000000000000100E-005 ), #5832, 'distance_accuracy_value', 'NONE');
#789 = VECTOR ( 'NONE', #1161, 1000.000000000000000 ) ;
#790 = DIRECTION ( 'NONE',  ( 0.0000000000000000000, 0.1736481776669313900, -0.9848077530122079100 ) ) ;
#791 = CARTESIAN_POINT ( 'NONE',  ( 2.250000000000001300, 1.749999999999999800, -2.099999999999944600 ) ) ;
#792 = CARTESIAN_POINT ( 'NONE',  ( -2.250000000000002700, 1.749999999999999800, -2.399999999999944000 ) ) ;
#793 = EDGE_CURVE ( 'NONE', #1036, #5573, #5909, .T. ) ;
#794 = VERTEX_POINT ( 'NONE', #2948 ) ;
#795 = EDGE_CURVE ( 'NONE', #5056, #152, #6052, .T. ) ;
#796 = VECTOR ( 'NONE', #834, 1000.000000000000000 ) ;
#797 = CARTESIAN_POINT ( 'NONE',  ( 2.000000000000000000, 4.800000000000000700, 0.1226104180068297700 ) ) ;
#798 = PLANE ( 'NONE',  #5224 ) ;
#799 = DIRECTION ( 'NONE',  ( -0.0000000000000000000, 0.0000000000000000000, 1.000000000000000000 ) ) ;
#800 = ORIENTED_EDGE ( 'NONE', *, *, #4384, .T. ) ;
#801 = CARTESIAN_POINT ( 'NONE',  ( -6.950000000000000200, 4.099999999999999600, -0.1500000000000002400 ) ) ;
#802 = AXIS2_PLACEMENT_3D ( 'NONE', #3020, #4027, #5922 ) ;
#803 = EDGE_CURVE ( 'NONE', #107, #6114, #2203, .T. ) ;
#804 = ORIENTED_EDGE ( 'NONE', *, *, #2070, .T. ) ;
#805 = DIRECTION ( 'NONE',  ( -1.000000000000000000, -0.0000000000000000000, -0.0000000000000000000 ) ) ;
#806 = CARTESIAN_POINT ( 'NONE',  ( -0.2500000000000011100, 0.2000000000000000100, -2.799999999999999400 ) ) ;
#807 = CYLINDRICAL_SURFACE ( 'NONE', #1432, 0.7500000000000004400 ) ;
#808 = DIRECTION ( 'NONE',  ( -0.0000000000000000000, 0.0000000000000000000, 1.000000000000000000 ) ) ;
#809 = ORIENTED_EDGE ( 'NONE', *, *, #3156, .F. ) ;
#810 = DIRECTION ( 'NONE',  ( -0.0000000000000000000, 7.228014483236695800E-017, 1.000000000000000000 ) ) ;
#811 = FILL_AREA_STYLE_COLOUR ( '', #3720 ) ;
#812 = VECTOR ( 'NONE', #1824, 999.9999999999998900 ) ;
#813 = EDGE_CURVE ( 'NONE', #5458, #1150, #510, .T. ) ;
#814 = ORIENTED_EDGE ( 'NONE', *, *, #332, .F. ) ;
#815 = ADVANCED_FACE ( 'NONE', ( #6202 ), #6077, .F. ) ;
#816 = VECTOR ( 'NONE', #4268, 999.9999999999998900 ) ;
#817 = ORIENTED_EDGE ( 'NONE', *, *, #2455, .T. ) ;
#818 = CARTESIAN_POINT ( 'NONE',  ( 6.950000000000000200, 6.000000000000000000, -2.799999999999999800 ) ) ;
#819 = LINE ( 'NONE', #2611, #5408 ) ;
#820 = CARTESIAN_POINT ( 'NONE',  ( 3.749999999999999100, 3.099999999999999600, -2.399999999999944800 ) ) ;
#821 = CARTESIAN_POINT ( 'NONE',  ( -5.750000000000000900, 0.1999999999999999300, 1.699999999999999700 ) ) ;
#822 = ORIENTED_EDGE ( 'NONE', *, *, #5841, .F. ) ;
#823 = DIRECTION ( 'NONE',  ( 0.0000000000000000000, 1.000000000000000000, 2.478176394252581100E-016 ) ) ;
#824 = CARTESIAN_POINT ( 'NONE',  ( 6.950000000000000200, -2.023844055306274500E-016, -2.799999999999999400 ) ) ;
#825 = LINE ( 'NONE', #5514, #1260 ) ;
#826 = ORIENTED_EDGE ( 'NONE', *, *, #5547, .F. ) ;
#827 =( REPRESENTATION_RELATIONSHIP ('NONE','NONE', #1959, #1318 ) REPRESENTATION_RELATIONSHIP_WITH_TRANSFORMATION ( #5453 )SHAPE_REPRESENTATION_RELATIONSHIP( ) );
#828 = VERTEX_POINT ( 'NONE', #2195 ) ;
#829 = CARTESIAN_POINT ( 'NONE',  ( -2.750000000000000900, -3.049999999999997200, 0.2500000000000003300 ) ) ;
#830 = LINE ( 'NONE', #4623, #5260 ) ;
#831 = AXIS2_PLACEMENT_3D ( 'NONE', #5129, #4152, #389 ) ;
#832 = ORIENTED_EDGE ( 'NONE', *, *, #4196, .F. ) ;
#833 = CARTESIAN_POINT ( 'NONE',  ( -2.250000000000001300, -9.629649721936179300E-032, -2.799999999999999800 ) ) ;
#834 = DIRECTION ( 'NONE',  ( -0.0000000000000000000, -1.000000000000000000, -0.0000000000000000000 ) ) ;
#835 = CARTESIAN_POINT ( 'NONE',  ( -4.250000000000002700, 1.749999999999999800, -2.399999999999944000 ) ) ;
#836 = LINE ( 'NONE', #1688, #6147 ) ;
#837 = VERTEX_POINT ( 'NONE', #4962 ) ;
#838 = VECTOR ( 'NONE', #1222, 1000.000000000000000 ) ;
#839 = CARTESIAN_POINT ( 'NONE',  ( -2.250000000000002700, 1.749999999999999800, -2.099999999999944600 ) ) ;
#840 = DIRECTION ( 'NONE',  ( 0.3236155771181811200, 0.8891264907159901500, -0.3236155771181833400 ) ) ;
#841 = FACE_OUTER_BOUND ( 'NONE', #3249, .T. ) ;
#842 = DIRECTION ( 'NONE',  ( 0.0000000000000000000, -1.000000000000000000, -1.355252715606880500E-016 ) ) ;
#843 = EDGE_CURVE ( 'NONE', #1309, #1127, #2355, .T. ) ;
#844 = EDGE_LOOP ( 'NONE', ( #3400, #557, #1451, #726 ) ) ;
#845 = LINE ( 'NONE', #906, #4463 ) ;
#846 = CARTESIAN_POINT ( 'NONE',  ( -4.750000000000000900, -0.9370666808418981500, 0.1727116369391203400 ) ) ;
#847 = ADVANCED_FACE ( 'NONE', ( #5982 ), #6037, .F. ) ;
#848 = DIRECTION ( 'NONE',  ( -0.0000000000000000000, 1.000000000000000000, 2.478176394252581100E-016 ) ) ;
#849 = ORIENTED_EDGE ( 'NONE', *, *, #4707, .F. ) ;
#850 = ORIENTED_EDGE ( 'NONE', *, *, #5910, .F. ) ;
#851 = LINE ( 'NONE', #797, #5207 ) ;
#852 = EDGE_CURVE ( 'NONE', #1546, #3246, #3821, .T. ) ;
#853 = DIRECTION ( 'NONE',  ( -1.000000000000000000, 0.0000000000000000000, 0.0000000000000000000 ) ) ;
#854 = ORIENTED_EDGE ( 'NONE', *, *, #5201, .T. ) ;
#855 = VERTEX_POINT ( 'NONE', #4619 ) ;
#856 = VERTEX_POINT ( 'NONE', #4978 ) ;
#857 = ORIENTED_EDGE ( 'NONE', *, *, #756, .T. ) ;
#858 = CARTESIAN_POINT ( 'NONE',  ( -4.786445002943956700, -3.191011317775757700, 0.2536997704507295000 ) ) ;
#859 = ADVANCED_FACE ( 'NONE', ( #2748 ), #807, .T. ) ;
#860 = VECTOR ( 'NONE', #868, 1000.000000000000000 ) ;
#861 = VERTEX_POINT ( 'NONE', #4482 ) ;
#862 = ORIENTED_EDGE ( 'NONE', *, *, #3746, .F. ) ;
#863 = VECTOR ( 'NONE', #2, 1000.000000000000000 ) ;
#864 = SHAPE_DEFINITION_REPRESENTATION ( #5447, #1959 ) ;
#865 = VERTEX_POINT ( 'NONE', #1698 ) ;
#866 = CARTESIAN_POINT ( 'NONE',  ( 0.7499999999999988900, 4.449999999999999300, -0.2500000000000001100 ) ) ;
#867 = ORIENTED_EDGE ( 'NONE', *, *, #1218, .T. ) ;
#868 = DIRECTION ( 'NONE',  ( 0.0000000000000000000, 0.0000000000000000000, -1.000000000000000000 ) ) ;
#869 = VECTOR ( 'NONE', #1710, 1000.000000000000000 ) ;
#870 = EDGE_CURVE ( 'NONE', #2938, #4277, #5616, .T. ) ;
#871 = EDGE_CURVE ( 'NONE', #4521, #2018, #1242, .T. ) ;
#872 = ORIENTED_EDGE ( 'NONE', *, *, #324, .T. ) ;
#873 = ADVANCED_FACE ( 'NONE', ( #3347 ), #3652, .T. ) ;
#874 = FACE_OUTER_BOUND ( 'NONE', #2563, .T. ) ;
#875 = DIRECTION ( 'NONE',  ( -1.000000000000000000, 0.0000000000000000000, 0.0000000000000000000 ) ) ;
#876 =( LENGTH_UNIT ( ) NAMED_UNIT ( * ) SI_UNIT ( .MILLI., .METRE. ) );
#877 = DIRECTION ( 'NONE',  ( -1.000000000000000000, -5.421010862427523400E-017, 0.0000000000000000000 ) ) ;
#878 = DIRECTION ( 'NONE',  ( -1.000000000000000000, -0.0000000000000000000, 0.0000000000000000000 ) ) ;
#879 = AXIS2_PLACEMENT_3D ( 'NONE', #1682, #305, #742 ) ;
#880 = VERTEX_POINT ( 'NONE', #5583 ) ;
#881 = VECTOR ( 'NONE', #1932, 1000.000000000000000 ) ;
#882 = CARTESIAN_POINT ( 'NONE',  ( -2.250000000000001300, 0.2000000000000000100, -2.799999999999999800 ) ) ;
#883 = CARTESIAN_POINT ( 'NONE',  ( -1.250000000000001100, -3.049999999999997200, 0.2500000000000003300 ) ) ;
#884 = ORIENTED_EDGE ( 'NONE', *, *, #2302, .F. ) ;
#885 = VERTEX_POINT ( 'NONE', #3676 ) ;
#886 = ADVANCED_FACE ( 'NONE', ( #1019 ), #798, .F. ) ;
#887 = DIRECTION ( 'NONE',  ( 0.0000000000000000000, -0.0000000000000000000, 1.000000000000000000 ) ) ;
#888 = LINE ( 'NONE', #5354, #1630 ) ;
#889 = CARTESIAN_POINT ( 'NONE',  ( -1.749999999999998900, 1.749999999999999800, -2.399999999999944000 ) ) ;
#890 = EDGE_LOOP ( 'NONE', ( #4315, #1509, #1631, #1297 ) ) ;
#891 = AXIS2_PLACEMENT_3D ( 'NONE', #2693, #4208, #3186 ) ;
#892 = ORIENTED_EDGE ( 'NONE', *, *, #1435, .T. ) ;
#893 = VECTOR ( 'NONE', #3434, 1000.000000000000000 ) ;
#894 = EDGE_CURVE ( 'NONE', #1840, #1220, #956, .T. ) ;
#895 = ORIENTED_EDGE ( 'NONE', *, *, #6163, .T. ) ;
#896 = VECTOR ( 'NONE', #3578, 1000.000000000000100 ) ;
#897 = CARTESIAN_POINT ( 'NONE',  ( 6.950000000000000200, 4.099999999999999600, 0.2499999999999997200 ) ) ;
#898 = CARTESIAN_POINT ( 'NONE',  ( -2.250000000000002200, 1.957596189432299500, -1.740432852445476600 ) ) ;
#899 = LINE ( 'NONE', #5605, #5108 ) ;
#900 = VERTEX_POINT ( 'NONE', #5205 ) ;
#901 = VECTOR ( 'NONE', #430, 1000.000000000000000 ) ;
#902 = ADVANCED_FACE ( 'NONE', ( #2433, #70 ), #6054, .F. ) ;
#903 = ORIENTED_EDGE ( 'NONE', *, *, #5379, .F. ) ;
#904 = DIRECTION ( 'NONE',  ( 0.0000000000000000000, -7.228014483236695600E-016, 1.000000000000000000 ) ) ;
#905 = ADVANCED_FACE ( 'NONE', ( #3514 ), #1786, .F. ) ;
#906 = CARTESIAN_POINT ( 'NONE',  ( 4.749999999999999100, -6.505213034913026600E-016, -0.2500000000000001100 ) ) ;
#907 = VECTOR ( 'NONE', #1699, 1000.000000000000100 ) ;
#908 = EDGE_CURVE ( 'NONE', #5347, #5032, #1317, .T. ) ;
#909 = LINE ( 'NONE', #503, #1796 ) ;
#910 = EDGE_CURVE ( 'NONE', #6096, #15, #1473, .T. ) ;
#911 = EDGE_LOOP ( 'NONE', ( #895, #4617, #271, #5771 ) ) ;
#912 = CARTESIAN_POINT ( 'NONE',  ( 1.249999999999999300, 0.1999999999999999800, -0.2500000000000000000 ) ) ;
#913 = DIRECTION ( 'NONE',  ( 1.020425574104003900E-016, -1.000000000000000000, 0.0000000000000000000 ) ) ;
#914 = DIRECTION ( 'NONE',  ( 1.000000000000000000, 0.0000000000000000000, 0.0000000000000000000 ) ) ;
#915 = LINE ( 'NONE', #1891, #5940 ) ;
#916 = FACE_BOUND ( 'NONE', #5415, .T. ) ;
#917 = ORIENTED_EDGE ( 'NONE', *, *, #1538, .T. ) ;
#918 = CARTESIAN_POINT ( 'NONE',  ( 5.799999999999999800, 4.000000000000001800, 1.499999999999999800 ) ) ;
#919 = EDGE_LOOP ( 'NONE', ( #5441, #5932, #5901, #2612 ) ) ;
#920 = CARTESIAN_POINT ( 'NONE',  ( 3.249999999999999600, 0.1999999999999999800, 0.2499999999999998900 ) ) ;
#921 = EDGE_CURVE ( 'NONE', #431, #5563, #5018, .T. ) ;
#922 = VECTOR ( 'NONE', #2703, 1000.000000000000000 ) ;
#923 = ADVANCED_FACE ( 'NONE', ( #5835 ), #1765, .T. ) ;
#924 = VERTEX_POINT ( 'NONE', #3723 ) ;
#925 = ORIENTED_EDGE ( 'NONE', *, *, #5595, .T. ) ;
#926 = LINE ( 'NONE', #6001, #5587 ) ;
#927 = DIRECTION ( 'NONE',  ( 1.000000000000000000, 0.0000000000000000000, -0.0000000000000000000 ) ) ;
#928 = CARTESIAN_POINT ( 'NONE',  ( 6.950000000000000200, 0.0000000000000000000, 0.0000000000000000000 ) ) ;
#929 = EDGE_LOOP ( 'NONE', ( #2793, #5213, #33, #5528 ) ) ;
#930 = PRESENTATION_LAYER_ASSIGNMENT (  '', '', ( #4483 ) ) ;
#931 = VERTEX_POINT ( 'NONE', #4726 ) ;
#932 = EDGE_CURVE ( 'NONE', #4470, #2421, #4797, .T. ) ;
#933 = LINE ( 'NONE', #1876, #4173 ) ;
#934 = PLANE ( 'NONE',  #5446 ) ;
#935 = DIRECTION ( 'NONE',  ( 0.0000000000000000000, 0.0000000000000000000, -1.000000000000000000 ) ) ;
#936 = ORIENTED_EDGE ( 'NONE', *, *, #566, .F. ) ;
#937 = ADVANCED_FACE ( 'NONE', ( #2279 ), #3744, .F. ) ;
#938 = LINE ( 'NONE', #4638, #4852 ) ;
#939 = AXIS2_PLACEMENT_3D ( 'NONE', #1533, #2942, #3004 ) ;
#940 = CARTESIAN_POINT ( 'NONE',  ( 0.2500000000000011100, 1.749999999999999800, -2.099999999999944600 ) ) ;
#941 = DIRECTION ( 'NONE',  ( -5.421010862427523400E-017, 1.000000000000000000, 0.0000000000000000000 ) ) ;
#942 = CARTESIAN_POINT ( 'NONE',  ( 0.8902302083591889800, 4.835279330992293000, 0.1097697916408101600 ) ) ;
#943 = ORIENTED_EDGE ( 'NONE', *, *, #870, .T. ) ;
#944 = VECTOR ( 'NONE', #4096, 1000.000000000000000 ) ;
#945 = AXIS2_PLACEMENT_3D ( 'NONE', #5653, #3247, #1770 ) ;
#946 = ORIENTED_EDGE ( 'NONE', *, *, #415, .F. ) ;
#947 = EDGE_CURVE ( 'NONE', #3067, #1150, #1395, .T. ) ;
#948 = VERTEX_POINT ( 'NONE', #4270 ) ;
#949 = FACE_OUTER_BOUND ( 'NONE', #5791, .T. ) ;
#950 = ADVANCED_FACE ( 'NONE', ( #4645 ), #4748, .F. ) ;
#951 = VERTEX_POINT ( 'NONE', #4705 ) ;
#952 = CARTESIAN_POINT ( 'NONE',  ( -4.250000000000002700, 1.749999999999999800, -2.099999999999944600 ) ) ;
#953 = PLANE ( 'NONE',  #2309 ) ;
#954 = DIRECTION ( 'NONE',  ( -1.000000000000000000, 0.0000000000000000000, 0.0000000000000000000 ) ) ;
#955 = MECHANICAL_DESIGN_GEOMETRIC_PRESENTATION_REPRESENTATION (  '', ( #1064 ), #2091 ) ;
#956 = LINE ( 'NONE', #5227, #2508 ) ;
#957 = EDGE_CURVE ( 'NONE', #3374, #3717, #3741, .T. ) ;
#958 = EDGE_LOOP ( 'NONE', ( #1638, #2967, #2590, #5136 ) ) ;
#959 = CARTESIAN_POINT ( 'NONE',  ( -4.750000000000000900, 4.449999999999997500, 0.2500000000000002800 ) ) ;
#960 = DIRECTION ( 'NONE',  ( -1.000000000000000000, -0.0000000000000000000, -0.0000000000000000000 ) ) ;
#961 = DIRECTION ( 'NONE',  ( -0.9396926207859084300, -0.3420201433256689300, 0.0000000000000000000 ) ) ;
#962 = FACE_OUTER_BOUND ( 'NONE', #2118, .T. ) ;
#963 = VERTEX_POINT ( 'NONE', #1307 ) ;
#964 = VECTOR ( 'NONE', #3122, 1000.000000000000000 ) ;
#965 = ADVANCED_FACE ( 'NONE', ( #3199 ), #4666, .F. ) ;
#966 = EDGE_CURVE ( 'NONE', #1974, #2182, #4195, .T. ) ;
#967 = CARTESIAN_POINT ( 'NONE',  ( 6.950000000000000200, 6.000000000000000000, 1.699999999999999700 ) ) ;
#968 = LINE ( 'NONE', #5047, #1042 ) ;
#969 = ORIENTED_EDGE ( 'NONE', *, *, #4560, .T. ) ;
#970 = COLOUR_RGB ( '',0.7921568627450980000, 0.8196078431372548800, 0.9333333333333333500 ) ;
#971 = DIRECTION ( 'NONE',  ( 1.000000000000000000, -0.0000000000000000000, 0.0000000000000000000 ) ) ;
#972 = DIRECTION ( 'NONE',  ( 0.0000000000000000000, 2.478176394252581100E-016, -1.000000000000000000 ) ) ;
#973 = VECTOR ( 'NONE', #4870, 1000.000000000000000 ) ;
#974 = ORIENTED_EDGE ( 'NONE', *, *, #2559, .T. ) ;
#975 = CARTESIAN_POINT ( 'NONE',  ( 4.750000000000000900, -3.011905242028990200, 0.1854250760696250800 ) ) ;
#976 = CARTESIAN_POINT ( 'NONE',  ( -5.750000000000000900, 0.1999999999999999300, -2.799999999999999800 ) ) ;
#977 = CARTESIAN_POINT ( 'NONE',  ( 0.1518038570884677500, -0.5723142658723154900, -1.151803857088474300 ) ) ;
#978 = ADVANCED_FACE ( 'NONE', ( #357 ), #4309, .F. ) ;
#979 = VERTEX_POINT ( 'NONE', #2405 ) ;
#980 = PLANE ( 'NONE',  #5301 ) ;
#981 = VECTOR ( 'NONE', #4465, 1000.000000000000000 ) ;
#982 = VECTOR ( 'NONE', #553, 1000.000000000000000 ) ;
#983 = PLANE ( 'NONE',  #5920 ) ;
#984 = ORIENTED_EDGE ( 'NONE', *, *, #1185, .T. ) ;
#985 = EDGE_CURVE ( 'NONE', #1437, #4113, #3978, .T. ) ;
#986 = LINE ( 'NONE', #1296, #6091 ) ;
#987 = CARTESIAN_POINT ( 'NONE',  ( 6.000000000000000000, 4.800000000000000700, -0.1226104180068295500 ) ) ;
#988 = EDGE_CURVE ( 'NONE', #2184, #1097, #1094, .T. ) ;
#989 = DIRECTION ( 'NONE',  ( -1.284980352575413100E-015, 1.000000000000000000, 0.0000000000000000000 ) ) ;
#990 = DIRECTION ( 'NONE',  ( -0.0000000000000000000, 1.000000000000000000, 2.478176394252581100E-016 ) ) ;
#991 = ORIENTED_EDGE ( 'NONE', *, *, #985, .F. ) ;
#992 = ORIENTED_EDGE ( 'NONE', *, *, #4743, .F. ) ;
#993 = VERTEX_POINT ( 'NONE', #2430 ) ;
#994 = ADVANCED_FACE ( 'NONE', ( #6121 ), #5305, .F. ) ;
#995 = AXIS2_PLACEMENT_3D ( 'NONE', #5530, #1225, #2200 ) ;
#996 = ORIENTED_EDGE ( 'NONE', *, *, #4512, .F. ) ;
#997 = CARTESIAN_POINT ( 'NONE',  ( -1.250000000000001100, 0.1999999999999999600, -0.2500000000000000600 ) ) ;
#998 = ORIENTED_EDGE ( 'NONE', *, *, #2763, .F. ) ;
#999 = CARTESIAN_POINT ( 'NONE',  ( 6.950000000000000200, 0.0000000000000000000, -2.799999999999999400 ) ) ;
#1000 = VERTEX_POINT ( 'NONE', #505 ) ;
#1001 = ORIENTED_EDGE ( 'NONE', *, *, #1540, .F. ) ;
#1002 = CLOSED_SHELL ( 'NONE', ( #2890, #5989, #39, #5755, #5663, #4337, #5678, #3705, #2860, #3348, #859, #965, #2742, #411, #1856, #1754, #3119, #450, #3637, #4851, #5737, #847 ) ) ;
#1003 = CARTESIAN_POINT ( 'NONE',  ( 4.750000000000000900, -1.023890769675363900, -0.1651155134452243500 ) ) ;
#1004 = EDGE_LOOP ( 'NONE', ( #2085, #1596, #3087, #1209 ) ) ;
#1005 = VECTOR ( 'NONE', #4200, 1000.000000000000000 ) ;
#1006 = AXIS2_PLACEMENT_3D ( 'NONE', #1433, #1901, #4814 ) ;
#1007 = ORIENTED_EDGE ( 'NONE', *, *, #4780, .T. ) ;
#1008 = CARTESIAN_POINT ( 'NONE',  ( 2.249999999999999600, -9.184850993605157100E-017, 1.699999999999999700 ) ) ;
#1009 = EDGE_CURVE ( 'NONE', #4059, #2402, #216, .T. ) ;
#1010 = CARTESIAN_POINT ( 'NONE',  ( 0.0000000000000000000, 1.749999999999998900, 0.2500000000000003300 ) ) ;
#1011 = VECTOR ( 'NONE', #1528, 1000.000000000000000 ) ;
#1012 = EDGE_LOOP ( 'NONE', ( #1525, #2183, #1689, #1947 ) ) ;
#1013 = ORIENTED_EDGE ( 'NONE', *, *, #5080, .F. ) ;
#1014 = FACE_OUTER_BOUND ( 'NONE', #56, .T. ) ;
#1015 = CARTESIAN_POINT ( 'NONE',  ( -2.890230208359190200, -3.435279330992292700, 0.1097697916408097600 ) ) ;
#1016 = PLANE ( 'NONE',  #3017 ) ;
#1017 = PRODUCT_DEFINITION_SHAPE ( 'NONE', 'NONE',  #3909 ) ;
#1018 = EDGE_LOOP ( 'NONE', ( #2135, #4733, #1041, #5722, #1077, #2760, #137, #5524 ) ) ;
#1019 = FACE_OUTER_BOUND ( 'NONE', #4807, .T. ) ;
#1020 = AXIS2_PLACEMENT_3D ( 'NONE', #2329, #904, #5757 ) ;
#1021 = ADVANCED_FACE ( 'NONE', ( #2586 ), #1924, .F. ) ;
#1022 = DIRECTION ( 'NONE',  ( -1.000000000000000000, 0.0000000000000000000, 0.0000000000000000000 ) ) ;
#1023 = DIRECTION ( 'NONE',  ( 0.0000000000000000000, -0.0000000000000000000, 1.000000000000000000 ) ) ;
#1024 = EDGE_CURVE ( 'NONE', #1328, #5948, #3894, .T. ) ;
#1025 = EDGE_LOOP ( 'NONE', ( #1498, #6174, #298, #1501 ) ) ;
#1026 = VECTOR ( 'NONE', #1467, 1000.000000000000100 ) ;
#1027 = PLANE ( 'NONE',  #2054 ) ;
#1028 = PLANE ( 'NONE',  #4753 ) ;
#1029 = LINE ( 'NONE', #4966, #5170 ) ;
#1030 = VERTEX_POINT ( 'NONE', #2897 ) ;
#1031 =( GEOMETRIC_REPRESENTATION_CONTEXT ( 3 ) GLOBAL_UNCERTAINTY_ASSIGNED_CONTEXT ( ( #788 ) ) GLOBAL_UNIT_ASSIGNED_CONTEXT ( ( #5832, #3005, #4456 ) ) REPRESENTATION_CONTEXT ( 'NONE', 'WORKASPACE' ) );
#1032 = EDGE_CURVE ( 'NONE', #3389, #6104, #2893, .T. ) ;
#1033 = LINE ( 'NONE', #2347, #4572 ) ;
#1034 = CARTESIAN_POINT ( 'NONE',  ( -3.750000000000000900, 0.1999999999999999300, 1.699999999999999700 ) ) ;
#1035 = CARTESIAN_POINT ( 'NONE',  ( 3.800000000000000300, 6.000000000000000900, 1.100000000000057600 ) ) ;
#1036 = VERTEX_POINT ( 'NONE', #4354 ) ;
#1037 = ORIENTED_EDGE ( 'NONE', *, *, #947, .F. ) ;
#1038 = CARTESIAN_POINT ( 'NONE',  ( -6.950000000000000200, -9.035018104045861100E-016, 1.249999999999998700 ) ) ;
#1039 = CARTESIAN_POINT ( 'NONE',  ( 0.7499999999999988900, 4.449999999999999300, -0.2500000000000001100 ) ) ;
#1040 = VECTOR ( 'NONE', #4410, 1000.000000000000100 ) ;
#1041 = ORIENTED_EDGE ( 'NONE', *, *, #5777, .F. ) ;
#1042 = VECTOR ( 'NONE', #2632, 1000.000000000000000 ) ;
#1043 = AXIS2_PLACEMENT_3D ( 'NONE', #5861, #2244, #4597 ) ;
#1044 = DIRECTION ( 'NONE',  ( -0.0000000000000000000, -1.000000000000000000, 1.355252715606880500E-016 ) ) ;
#1045 = EDGE_CURVE ( 'NONE', #1431, #5927, #5089, .T. ) ;
#1046 = CARTESIAN_POINT ( 'NONE',  ( 1.749999999999998900, -9.629649721936179300E-032, 1.699999999999999700 ) ) ;
#1047 = VECTOR ( 'NONE', #2791, 1000.000000000000000 ) ;
#1048 = CARTESIAN_POINT ( 'NONE',  ( 2.249999999999999600, 0.1999999999999999300, 1.699999999999999700 ) ) ;
#1049 = ORIENTED_EDGE ( 'NONE', *, *, #91, .F. ) ;
#1050 = DIRECTION ( 'NONE',  ( 0.0000000000000000000, -2.478176394252581100E-016, 1.000000000000000000 ) ) ;
#1051 = LINE ( 'NONE', #3344, #4588 ) ;
#1052 = VECTOR ( 'NONE', #5264, 1000.000000000000000 ) ;
#1053 = EDGE_LOOP ( 'NONE', ( #3688, #3859, #5823, #2392 ) ) ;
#1054 = DIRECTION ( 'NONE',  ( -0.3236155771181826700, 0.8891264907159897000, -0.3236155771181827800 ) ) ;
#1055 = VECTOR ( 'NONE', #3015, 1000.000000000000000 ) ;
#1056 = LINE ( 'NONE', #2895, #4755 ) ;
#1057 = EDGE_CURVE ( 'NONE', #880, #1309, #2889, .T. ) ;
#1058 = ORIENTED_EDGE ( 'NONE', *, *, #1897, .T. ) ;
#1059 = VERTEX_POINT ( 'NONE', #2835 ) ;
#1060 = FACE_OUTER_BOUND ( 'NONE', #4412, .T. ) ;
#1061 = CARTESIAN_POINT ( 'NONE',  ( -6.299999999999999800, 1.749999999999998900, 1.100000000000056300 ) ) ;
#1062 = CARTESIAN_POINT ( 'NONE',  ( 1.749999999999997100, 1.749999999999999300, -2.099999999999944600 ) ) ;
#1063 = ORIENTED_EDGE ( 'NONE', *, *, #5094, .T. ) ;
#1064 = STYLED_ITEM ( 'NONE', ( #3604 ), #254 ) ;
#1065 = ORIENTED_EDGE ( 'NONE', *, *, #4591, .T. ) ;
#1066 = DIRECTION ( 'NONE',  ( 0.0000000000000000000, 1.000000000000000000, 0.0000000000000000000 ) ) ;
#1067 = CARTESIAN_POINT ( 'NONE',  ( -5.250000000000000900, -9.629649721936179300E-032, 0.4999999999999997800 ) ) ;
#1068 = EDGE_CURVE ( 'NONE', #4240, #5744, #5465, .T. ) ;
#1069 = SURFACE_STYLE_FILL_AREA ( #4647 ) ;
#1070 = DIRECTION ( 'NONE',  ( 0.0000000000000000000, 0.0000000000000000000, 1.000000000000000000 ) ) ;
#1071 = ORIENTED_EDGE ( 'NONE', *, *, #3643, .T. ) ;
#1072 = VECTOR ( 'NONE', #3273, 1000.000000000000000 ) ;
#1073 = AXIS2_PLACEMENT_3D ( 'NONE', #5553, #3583, #770 ) ;
#1074 = DIRECTION ( 'NONE',  ( 1.000000000000000000, 0.0000000000000000000, 0.0000000000000000000 ) ) ;
#1075 = CARTESIAN_POINT ( 'NONE',  ( 3.249999999999999600, -7.507106781186548600, -0.2500000000000001100 ) ) ;
#1076 = VERTEX_POINT ( 'NONE', #75 ) ;
#1077 = ORIENTED_EDGE ( 'NONE', *, *, #355, .T. ) ;
#1078 = EDGE_CURVE ( 'NONE', #924, #4613, #655, .T. ) ;
#1079 = ORIENTED_EDGE ( 'NONE', *, *, #2794, .F. ) ;
#1080 = LINE ( 'NONE', #4940, #2570 ) ;
#1081 = CARTESIAN_POINT ( 'NONE',  ( -0.7500000000000006700, -7.507106781186548600, -0.2500000000000001100 ) ) ;
#1082 = ORIENTED_EDGE ( 'NONE', *, *, #3236, .T. ) ;
#1083 = DIRECTION ( 'NONE',  ( 1.000000000000000000, -0.0000000000000000000, 0.0000000000000000000 ) ) ;
#1084 = UNCERTAINTY_MEASURE_WITH_UNIT (LENGTH_MEASURE( 1.000000000000000100E-005 ), #4, 'distance_accuracy_value', 'NONE');
#1085 = LINE ( 'NONE', #5036, #6043 ) ;
#1086 = AXIS2_PLACEMENT_3D ( 'NONE', #5733, #4295, #1400 ) ;
#1087 = CARTESIAN_POINT ( 'NONE',  ( 2.749999999999999100, -3.049999999999997200, 0.2500000000000003300 ) ) ;
#1088 = EDGE_CURVE ( 'NONE', #3102, #1890, #4639, .T. ) ;
#1089 = ORIENTED_EDGE ( 'NONE', *, *, #5156, .T. ) ;
#1090 = CARTESIAN_POINT ( 'NONE',  ( -2.750000000000000900, 0.1999999999999999800, 0.2499999999999999400 ) ) ;
#1091 = LINE ( 'NONE', #4417, #502 ) ;
#1092 = ORIENTED_EDGE ( 'NONE', *, *, #5910, .T. ) ;
#1093 = DIRECTION ( 'NONE',  ( -1.000000000000000000, -0.0000000000000000000, -0.0000000000000000000 ) ) ;
#1094 = LINE ( 'NONE', #1478, #3661 ) ;
#1095 = EDGE_LOOP ( 'NONE', ( #5470, #5190, #4608, #1966 ) ) ;
#1096 = CARTESIAN_POINT ( 'NONE',  ( 6.950000000000000200, -9.629649721936179300E-032, 1.699999999999999700 ) ) ;
#1097 = VERTEX_POINT ( 'NONE', #2879 ) ;
#1098 = DIRECTION ( 'NONE',  ( 0.0000000000000000000, -1.000000000000000000, 0.0000000000000000000 ) ) ;
#1099 = EDGE_CURVE ( 'NONE', #255, #855, #4945, .T. ) ;
#1100 = DIRECTION ( 'NONE',  ( 1.000000000000000000, 0.0000000000000000000, 0.0000000000000000000 ) ) ;
#1101 = CARTESIAN_POINT ( 'NONE',  ( -5.250000000000000900, 2.710505431213761100E-017, 0.2499999999999996700 ) ) ;
#1102 = EDGE_CURVE ( 'NONE', #1551, #4922, #5459, .T. ) ;
#1103 = LINE ( 'NONE', #2666, #1772 ) ;
#1104 = ORIENTED_EDGE ( 'NONE', *, *, #3719, .F. ) ;
#1105 = VERTEX_POINT ( 'NONE', #3422 ) ;
#1106 = LINE ( 'NONE', #5106, #3673 ) ;
#1107 = CARTESIAN_POINT ( 'NONE',  ( -2.750000000000000900, -6.505213034913026600E-016, 0.2499999999999998900 ) ) ;
#1108 = PLANE ( 'NONE',  #4391 ) ;
#1109 = DIRECTION ( 'NONE',  ( -0.0000000000000000000, -0.0000000000000000000, 1.000000000000000000 ) ) ;
#1110 = DIRECTION ( 'NONE',  ( -1.284980352575413100E-015, 1.000000000000000000, 0.0000000000000000000 ) ) ;
#1111 = FACE_OUTER_BOUND ( 'NONE', #3025, .T. ) ;
#1112 = DIRECTION ( 'NONE',  ( 0.0000000000000000000, 0.0000000000000000000, -1.000000000000000000 ) ) ;
#1113 = EDGE_LOOP ( 'NONE', ( #1878, #974, #3255, #1877 ) ) ;
#1114 = PRODUCT_DEFINITION_CONTEXT ( 'detailed design', #2697, 'design' ) ;
#1115 = EDGE_CURVE ( 'NONE', #5160, #3769, #1238, .T. ) ;
#1116 = FACE_OUTER_BOUND ( 'NONE', #4920, .T. ) ;
#1117 = DIRECTION ( 'NONE',  ( 0.0000000000000000000, 1.000000000000000000, -7.228014483236695800E-017 ) ) ;
#1118 = CARTESIAN_POINT ( 'NONE',  ( 0.7499999999999988900, 0.1999999999999999600, 0.2500000000000003300 ) ) ;
#1119 = FACE_OUTER_BOUND ( 'NONE', #2126, .T. ) ;
#1120 = LINE ( 'NONE', #724, #4819 ) ;
#1121 = CARTESIAN_POINT ( 'NONE',  ( 0.0000000000000000000, 1.749999999999998900, -0.2499999999999996700 ) ) ;
#1122 = DIRECTION ( 'NONE',  ( 1.000000000000000000, 0.0000000000000000000, 0.0000000000000000000 ) ) ;
#1123 = LINE ( 'NONE', #6107, #4823 ) ;
#1124 = DIRECTION ( 'NONE',  ( 1.000000000000000000, 1.734723475976808500E-015, 0.0000000000000000000 ) ) ;
#1125 = EDGE_CURVE ( 'NONE', #3265, #2830, #5905, .T. ) ;
#1126 = DIRECTION ( 'NONE',  ( 1.000000000000000000, 0.0000000000000000000, 0.0000000000000000000 ) ) ;
#1127 = VERTEX_POINT ( 'NONE', #5851 ) ;
#1128 = FACE_OUTER_BOUND ( 'NONE', #716, .T. ) ;
#1129 = DIRECTION ( 'NONE',  ( -1.000000000000000000, -0.0000000000000000000, -0.0000000000000000000 ) ) ;
#1130 = VECTOR ( 'NONE', #3829, 1000.000000000000000 ) ;
#1131 = DIRECTION ( 'NONE',  ( -0.0000000000000000000, -1.000000000000000000, -0.0000000000000000000 ) ) ;
#1132 = DIRECTION ( 'NONE',  ( -1.000000000000000000, -1.284980352575412900E-015, 0.0000000000000000000 ) ) ;
#1133 = ORIENTED_EDGE ( 'NONE', *, *, #5414, .F. ) ;
#1134 = CARTESIAN_POINT ( 'NONE',  ( -6.299999999999999800, 2.199999999999999700, 1.100000000000058000 ) ) ;
#1135 = ORIENTED_EDGE ( 'NONE', *, *, #115, .T. ) ;
#1136 = VECTOR ( 'NONE', #2806, 1000.000000000000000 ) ;
#1137 = ORIENTED_EDGE ( 'NONE', *, *, #3841, .F. ) ;
#1138 = DIRECTION ( 'NONE',  ( 0.0000000000000000000, 0.0000000000000000000, -1.000000000000000000 ) ) ;
#1139 = CARTESIAN_POINT ( 'NONE',  ( -5.250000000000000900, -0.9370666808418981500, -0.3272883630608796600 ) ) ;
#1140 = ORIENTED_EDGE ( 'NONE', *, *, #1821, .F. ) ;
#1141 = DIRECTION ( 'NONE',  ( 0.0000000000000000000, 1.426581805901979400E-016, -1.000000000000000000 ) ) ;
#1142 = ORIENTED_EDGE ( 'NONE', *, *, #4020, .F. ) ;
#1143 = FACE_OUTER_BOUND ( 'NONE', #5307, .T. ) ;
#1144 = EDGE_CURVE ( 'NONE', #635, #5828, #3656, .T. ) ;
#1145 = ORIENTED_EDGE ( 'NONE', *, *, #1163, .F. ) ;
#1146 = PLANE ( 'NONE',  #4934 ) ;
#1147 = ORIENTED_EDGE ( 'NONE', *, *, #5065, .T. ) ;
#1148 = DIRECTION ( 'NONE',  ( 0.0000000000000000000, 2.478176394252581100E-016, -1.000000000000000000 ) ) ;
#1149 = FACE_OUTER_BOUND ( 'NONE', #5183, .T. ) ;
#1150 = VERTEX_POINT ( 'NONE', #5386 ) ;
#1151 = DIRECTION ( 'NONE',  ( 0.0000000000000000000, 1.000000000000000000, 0.0000000000000000000 ) ) ;
#1152 = DIRECTION ( 'NONE',  ( -0.0000000000000000000, -2.478176394252581600E-016, 1.000000000000000000 ) ) ;
#1153 = EDGE_CURVE ( 'NONE', #1000, #5275, #1900, .T. ) ;
#1154 = ORIENTED_EDGE ( 'NONE', *, *, #2132, .F. ) ;
#1155 = LINE ( 'NONE', #1175, #2877 ) ;
#1156 = ORIENTED_EDGE ( 'NONE', *, *, #5468, .F. ) ;
#1157 = ORIENTED_EDGE ( 'NONE', *, *, #5541, .T. ) ;
#1158 = VECTOR ( 'NONE', #2396, 1000.000000000000000 ) ;
#1159 = CARTESIAN_POINT ( 'NONE',  ( 4.750000000000000900, -3.421291075649866900, -0.1207476902531909600 ) ) ;
#1160 = CARTESIAN_POINT ( 'NONE',  ( 5.122610418006829900, 4.800000000000000700, -0.1226104180068292900 ) ) ;
#1161 = DIRECTION ( 'NONE',  ( -1.000000000000000000, -0.0000000000000000000, -0.0000000000000000000 ) ) ;
#1162 = ORIENTED_EDGE ( 'NONE', *, *, #1409, .F. ) ;
#1163 = EDGE_CURVE ( 'NONE', #948, #1356, #1091, .T. ) ;
#1164 = FACE_OUTER_BOUND ( 'NONE', #4478, .T. ) ;
#1165 = CARTESIAN_POINT ( 'NONE',  ( -1.250000000000001100, -3.049999999999997200, -0.2500000000000001100 ) ) ;
#1166 = DIRECTION ( 'NONE',  ( -0.0000000000000000000, -0.3420201433256668300, -0.9396926207859090900 ) ) ;
#1167 = ORIENTED_EDGE ( 'NONE', *, *, #1359, .F. ) ;
#1168 = VECTOR ( 'NONE', #840, 1000.000000000000000 ) ;
#1169 = CARTESIAN_POINT ( 'NONE',  ( 0.0000000000000000000, 0.0000000000000000000, -2.099999999999944600 ) ) ;
#1170 = DIRECTION ( 'NONE',  ( 0.0000000000000000000, 0.0000000000000000000, -1.000000000000000000 ) ) ;
#1171 = ORIENTED_EDGE ( 'NONE', *, *, #871, .T. ) ;
#1172 = VECTOR ( 'NONE', #2568, 1000.000000000000000 ) ;
#1173 = LINE ( 'NONE', #6017, #1624 ) ;
#1174 = ORIENTED_EDGE ( 'NONE', *, *, #6021, .F. ) ;
#1175 = CARTESIAN_POINT ( 'NONE',  ( 4.749999999999999100, 0.1999999999999999600, 0.2499999999999998900 ) ) ;
#1176 = VERTEX_POINT ( 'NONE', #2488 ) ;
#1177 = LINE ( 'NONE', #4256, #5322 ) ;
#1178 = ORIENTED_EDGE ( 'NONE', *, *, #154, .F. ) ;
#1179 = EDGE_LOOP ( 'NONE', ( #2121, #2725, #408, #3938, #591, #862, #5220, #4764, #1058, #5698, #5142, #2749 ) ) ;
#1180 = DIRECTION ( 'NONE',  ( -0.0000000000000000000, -0.0000000000000000000, 1.000000000000000000 ) ) ;
#1181 = EDGE_CURVE ( 'NONE', #5862, #3782, #590, .T. ) ;
#1182 = FACE_OUTER_BOUND ( 'NONE', #2656, .T. ) ;
#1183 = DIRECTION ( 'NONE',  ( 0.0000000000000000000, 0.0000000000000000000, -1.000000000000000000 ) ) ;
#1184 = CARTESIAN_POINT ( 'NONE',  ( -0.2500000000000028300, 1.749999999999999800, -2.099999999999944600 ) ) ;
#1185 = EDGE_CURVE ( 'NONE', #2402, #4261, #4191, .T. ) ;
#1186 = VECTOR ( 'NONE', #2571, 1000.000000000000000 ) ;
#1187 = PRODUCT_CONTEXT ( 'NONE', #3121, 'mechanical' ) ;
#1188 = ORIENTED_EDGE ( 'NONE', *, *, #1896, .T. ) ;
#1189 = VECTOR ( 'NONE', #1715, 1000.000000000000000 ) ;
#1190 = AXIS2_PLACEMENT_3D ( 'NONE', #1221, #719, #4142 ) ;
#1191 = VECTOR ( 'NONE', #2144, 1000.000000000000000 ) ;
#1192 = ORIENTED_EDGE ( 'NONE', *, *, #1418, .T. ) ;
#1193 = CARTESIAN_POINT ( 'NONE',  ( 0.8773895819931695200, 4.800000000000000700, 0.0000000000000000000 ) ) ;
#1194 = PLANE ( 'NONE',  #4266 ) ;
#1195 = DIRECTION ( 'NONE',  ( 0.0000000000000000000, 0.0000000000000000000, 1.000000000000000000 ) ) ;
#1196 = FACE_OUTER_BOUND ( 'NONE', #5919, .T. ) ;
#1197 = ORIENTED_EDGE ( 'NONE', *, *, #526, .F. ) ;
#1198 = LINE ( 'NONE', #3349, #3698 ) ;
#1199 = CARTESIAN_POINT ( 'NONE',  ( -0.2500000000000011100, -9.629649721936179300E-032, -2.799999999999999800 ) ) ;
#1200 = EDGE_CURVE ( 'NONE', #4521, #979, #3974, .T. ) ;
#1201 = VECTOR ( 'NONE', #5228, 1000.000000000000000 ) ;
#1202 = SURFACE_SIDE_STYLE ('',( #5263 ) ) ;
#1203 = EDGE_LOOP ( 'NONE', ( #2313, #4614, #321, #2384 ) ) ;
#1204 = ORIENTED_EDGE ( 'NONE', *, *, #2692, .T. ) ;
#1205 = ORIENTED_EDGE ( 'NONE', *, *, #1257, .T. ) ;
#1206 = DIRECTION ( 'NONE',  ( 0.0000000000000000000, 0.0000000000000000000, -1.000000000000000000 ) ) ;
#1207 = FACE_OUTER_BOUND ( 'NONE', #5013, .T. ) ;
#1208 = VERTEX_POINT ( 'NONE', #2040 ) ;
#1209 = ORIENTED_EDGE ( 'NONE', *, *, #2913, .T. ) ;
#1210 = ORIENTED_EDGE ( 'NONE', *, *, #4427, .T. ) ;
#1211 = LINE ( 'NONE', #3223, #1880 ) ;
#1212 = CARTESIAN_POINT ( 'NONE',  ( 0.2500000000000011100, 3.099999999999989900, -2.399999999999945300 ) ) ;
#1213 = CARTESIAN_POINT ( 'NONE',  ( -1.250000000000001100, -7.507106781186548600, -0.2500000000000001100 ) ) ;
#1214 = DIRECTION ( 'NONE',  ( 0.0000000000000000000, -1.000000000000000000, -1.141265444721583800E-016 ) ) ;
#1215 = ORIENTED_EDGE ( 'NONE', *, *, #1421, .T. ) ;
#1216 = EDGE_CURVE ( 'NONE', #951, #4585, #2351, .T. ) ;
#1217 = ORIENTED_EDGE ( 'NONE', *, *, #2971, .F. ) ;
#1218 = EDGE_CURVE ( 'NONE', #3717, #5991, #4267, .T. ) ;
#1219 = LINE ( 'NONE', #3317, #1072 ) ;
#1220 = VERTEX_POINT ( 'NONE', #3505 ) ;
#1221 = CARTESIAN_POINT ( 'NONE',  ( -5.250000000000000900, -0.9370666808418981500, -0.3272883630608796600 ) ) ;
#1222 = DIRECTION ( 'NONE',  ( 0.0000000000000000000, 1.000000000000000000, -7.228014483236695800E-017 ) ) ;
#1223 = ORIENTED_EDGE ( 'NONE', *, *, #5229, .T. ) ;
#1224 = VECTOR ( 'NONE', #1637, 1000.000000000000100 ) ;
#1225 = DIRECTION ( 'NONE',  ( 0.0000000000000000000, 0.0000000000000000000, 1.000000000000000000 ) ) ;
#1226 = CARTESIAN_POINT ( 'NONE',  ( 5.799999999999999800, 4.000000000000001800, 1.700000000000000000 ) ) ;
#1227 = EDGE_CURVE ( 'NONE', #1572, #1923, #211, .T. ) ;
#1228 = ORIENTED_EDGE ( 'NONE', *, *, #599, .T. ) ;
#1229 = CARTESIAN_POINT ( 'NONE',  ( 1.249999999999999300, -7.507106781186548600, -0.2500000000000001100 ) ) ;
#1230 = DIRECTION ( 'NONE',  ( -0.9396926207859090900, -0.3420201433256669400, -0.0000000000000000000 ) ) ;
#1231 = CARTESIAN_POINT ( 'NONE',  ( -1.109769791640809800, -3.435279330992292700, 0.1097697916408098100 ) ) ;
#1232 = FACE_OUTER_BOUND ( 'NONE', #2805, .T. ) ;
#1233 = ORIENTED_EDGE ( 'NONE', *, *, #988, .F. ) ;
#1234 = MANIFOLD_SOLID_BREP ( 'Pin Pattern[3]', #3507 ) ;
#1235 = CARTESIAN_POINT ( 'NONE',  ( -0.8773895819931707400, -3.399999999999999900, -0.1226104180068291200 ) ) ;
#1236 = CARTESIAN_POINT ( 'NONE',  ( 5.250000000000000900, -9.629649721936179300E-032, -0.4999999999999997800 ) ) ;
#1237 = DIRECTION ( 'NONE',  ( -1.000000000000000000, 0.0000000000000000000, 0.0000000000000000000 ) ) ;
#1238 = LINE ( 'NONE', #3805, #138 ) ;
#1239 = EDGE_CURVE ( 'NONE', #5134, #3506, #3888, .T. ) ;
#1240 = VERTEX_POINT ( 'NONE', #2024 ) ;
#1241 = DIRECTION ( 'NONE',  ( 1.000000000000000000, -0.0000000000000000000, 0.0000000000000000000 ) ) ;
#1242 = LINE ( 'NONE', #1096, #661 ) ;
#1243 = CARTESIAN_POINT ( 'NONE',  ( 1.749999999999997300, 1.957596189432288200, -1.740432852445496400 ) ) ;
#1244 = DIRECTION ( 'NONE',  ( 0.0000000000000000000, 0.0000000000000000000, -1.000000000000000000 ) ) ;
#1245 = CARTESIAN_POINT ( 'NONE',  ( 3.800000000000001200, 1.749999999999997800, 1.100000000000056500 ) ) ;
#1246 = VERTEX_POINT ( 'NONE', #5367 ) ;
#1247 = ORIENTED_EDGE ( 'NONE', *, *, #4840, .F. ) ;
#1248 =( NAMED_UNIT ( * ) PLANE_ANGLE_UNIT ( ) SI_UNIT ( $, .RADIAN. ) );
#1249 = CARTESIAN_POINT ( 'NONE',  ( 4.750000000000000900, -1.110714858508829600, -0.6575193899513287500 ) ) ;
#1250 = PLANE ( 'NONE',  #3399 ) ;
#1251 = CIRCLE ( 'NONE', #5455, 1.000000000000000400 ) ;
#1252 = DIRECTION ( 'NONE',  ( -1.000000000000000000, -0.0000000000000000000, -0.0000000000000000000 ) ) ;
#1253 = ORIENTED_EDGE ( 'NONE', *, *, #5541, .F. ) ;
#1254 = LINE ( 'NONE', #4950, #1632 ) ;
#1255 = ORIENTED_EDGE ( 'NONE', *, *, #4424, .T. ) ;
#1256 = ADVANCED_FACE ( 'NONE', ( #949 ), #4479, .T. ) ;
#1257 = EDGE_CURVE ( 'NONE', #4086, #1551, #5759, .T. ) ;
#1258 = CARTESIAN_POINT ( 'NONE',  ( 2.749999999999999100, 0.1999999999999999600, 0.2500000000000003300 ) ) ;
#1259 = CARTESIAN_POINT ( 'NONE',  ( 3.749999999999999100, -9.629649721936179300E-032, -2.799999999999999800 ) ) ;
#1260 = VECTOR ( 'NONE', #4070, 1000.000000000000000 ) ;
#1261 = ORIENTED_EDGE ( 'NONE', *, *, #1505, .T. ) ;
#1262 = LINE ( 'NONE', #4844, #2000 ) ;
#1263 = EDGE_CURVE ( 'NONE', #5318, #2713, #3267, .T. ) ;
#1264 = VECTOR ( 'NONE', #5863, 1000.000000000000000 ) ;
#1265 = DIRECTION ( 'NONE',  ( 0.0000000000000000000, 0.0000000000000000000, -1.000000000000000000 ) ) ;
#1266 = CARTESIAN_POINT ( 'NONE',  ( 5.250000000000000900, -3.098729330862455700, -0.3069788004364774100 ) ) ;
#1267 = CARTESIAN_POINT ( 'NONE',  ( 6.950000000000000200, 0.0000000000000000000, 0.0000000000000000000 ) ) ;
#1268 = DIRECTION ( 'NONE',  ( 1.000000000000000000, 5.421010862427523400E-017, 1.343422115225471600E-032 ) ) ;
#1269 = EDGE_CURVE ( 'NONE', #1617, #649, #5540, .T. ) ;
#1270 = LINE ( 'NONE', #2535, #19 ) ;
#1271 = DIRECTION ( 'NONE',  ( -0.0000000000000000000, -0.0000000000000000000, 1.000000000000000000 ) ) ;
#1272 = DIRECTION ( 'NONE',  ( -1.000000000000000000, 2.120481987877619300E-016, -2.775557561562891400E-017 ) ) ;
#1273 = VECTOR ( 'NONE', #3622, 1000.000000000000000 ) ;
#1274 = EDGE_LOOP ( 'NONE', ( #4537, #5015, #3447, #4192 ) ) ;
#1275 = VERTEX_POINT ( 'NONE', #628 ) ;
#1276 = DIRECTION ( 'NONE',  ( -1.000000000000000000, 1.142931433387322800E-014, 0.0000000000000000000 ) ) ;
#1277 = ADVANCED_FACE ( 'NONE', ( #2744 ), #4499, .F. ) ;
#1278 = DIRECTION ( 'NONE',  ( 0.3236155771181832800, 0.9318139166968479900, -0.1643039345132816500 ) ) ;
#1279 = VECTOR ( 'NONE', #2992, 1000.000000000000000 ) ;
#1280 = LINE ( 'NONE', #1039, #30 ) ;
#1281 = EDGE_CURVE ( 'NONE', #951, #3621, #1681, .T. ) ;
#1282 = ORIENTED_EDGE ( 'NONE', *, *, #5019, .F. ) ;
#1283 = EDGE_LOOP ( 'NONE', ( #5693, #4789, #4107, #4547 ) ) ;
#1284 = VECTOR ( 'NONE', #1112, 1000.000000000000000 ) ;
#1285 = ORIENTED_EDGE ( 'NONE', *, *, #1748, .F. ) ;
#1286 = DIRECTION ( 'NONE',  ( -1.000000000000000000, -5.421010862427523400E-017, 0.0000000000000000000 ) ) ;
#1287 = ORIENTED_EDGE ( 'NONE', *, *, #5480, .T. ) ;
#1288 =( NAMED_UNIT ( * ) SI_UNIT ( $, .STERADIAN. ) SOLID_ANGLE_UNIT ( ) );
#1289 = ORIENTED_EDGE ( 'NONE', *, *, #2311, .F. ) ;
#1290 = CARTESIAN_POINT ( 'NONE',  ( -2.877389581993171400, 4.800000000000000700, 0.1226104180068297700 ) ) ;
#1291 = LINE ( 'NONE', #4353, #5513 ) ;
#1292 = EDGE_LOOP ( 'NONE', ( #4030, #442, #230, #5066 ) ) ;
#1293 = ORIENTED_EDGE ( 'NONE', *, *, #3695, .F. ) ;
#1294 = ORIENTED_EDGE ( 'NONE', *, *, #3457, .F. ) ;
#1295 = DIRECTION ( 'NONE',  ( 0.0000000000000000000, 1.000000000000000000, 1.141265444721583800E-016 ) ) ;
#1296 = CARTESIAN_POINT ( 'NONE',  ( 4.250000000000000900, 1.749999999999999800, -2.099999999999944600 ) ) ;
#1297 = ORIENTED_EDGE ( 'NONE', *, *, #3677, .F. ) ;
#1298 = LINE ( 'NONE', #691, #5671 ) ;
#1299 = CARTESIAN_POINT ( 'NONE',  ( -6.299999999999999800, 5.999999999999999100, 1.100000000000058000 ) ) ;
#1300 = DIRECTION ( 'NONE',  ( 0.0000000000000000000, 0.0000000000000000000, 1.000000000000000000 ) ) ;
#1301 = EDGE_CURVE ( 'NONE', #418, #4561, #6195, .T. ) ;
#1302 = EDGE_LOOP ( 'NONE', ( #4274, #4607, #747, #3019 ) ) ;
#1303 = EDGE_CURVE ( 'NONE', #3396, #3506, #2817, .T. ) ;
#1304 = ORIENTED_EDGE ( 'NONE', *, *, #4344, .T. ) ;
#1305 = LINE ( 'NONE', #3356, #5298 ) ;
#1306 = SURFACE_STYLE_USAGE ( .BOTH. , #4206 ) ;
#1307 = CARTESIAN_POINT ( 'NONE',  ( -4.750000000000000900, 2.710505431213761100E-017, 0.2499999999999996700 ) ) ;
#1308 = CARTESIAN_POINT ( 'NONE',  ( 0.0000000000000000000, 1.749999999999998900, 0.2500000000000003300 ) ) ;
#1309 = VERTEX_POINT ( 'NONE', #5992 ) ;
#1310 = AXIS2_PLACEMENT_3D ( 'NONE', #5127, #4105, #1272 ) ;
#1311 = AXIS2_PLACEMENT_3D ( 'NONE', #713, #1237, #4536 ) ;
#1312 = ORIENTED_EDGE ( 'NONE', *, *, #5093, .T. ) ;
#1313 = LINE ( 'NONE', #4016, #944 ) ;
#1314 = ORIENTED_EDGE ( 'NONE', *, *, #1200, .F. ) ;
#1315 = CARTESIAN_POINT ( 'NONE',  ( 6.950000000000000200, -9.629649721936179300E-032, 1.699999999999999700 ) ) ;
#1316 = DIRECTION ( 'NONE',  ( 0.3236155771181850000, -0.8891264907159889300, 0.3236155771181828400 ) ) ;
#1317 = LINE ( 'NONE', #403, #4348 ) ;
#1318 = SHAPE_REPRESENTATION ( 'B4B-PH-K-body_B6B-PH-K', ( #995 ), #3789 ) ;
#1319 = ADVANCED_FACE ( 'NONE', ( #2120 ), #4054, .T. ) ;
#1320 = PLANE ( 'NONE',  #5362 ) ;
#1321 = ORIENTED_EDGE ( 'NONE', *, *, #681, .T. ) ;
#1322 = CARTESIAN_POINT ( 'NONE',  ( -0.7500000000000006700, 1.749999999999998900, 0.2500000000000003300 ) ) ;
#1323 = AXIS2_PLACEMENT_3D ( 'NONE', #475, #3800, #914 ) ;
#1324 = FACE_OUTER_BOUND ( 'NONE', #537, .T. ) ;
#1325 = EDGE_CURVE ( 'NONE', #3506, #1328, #2498, .T. ) ;
#1326 = ORIENTED_EDGE ( 'NONE', *, *, #4304, .T. ) ;
#1327 = FACE_OUTER_BOUND ( 'NONE', #4253, .T. ) ;
#1328 = VERTEX_POINT ( 'NONE', #1160 ) ;
#1329 = DIRECTION ( 'NONE',  ( -0.0000000000000000000, -0.9848077530122076900, 0.1736481776669322700 ) ) ;
#1330 = CARTESIAN_POINT ( 'NONE',  ( -5.135951552079193400, -3.387510138335422900, 0.1402511235051631700 ) ) ;
#1331 = VERTEX_POINT ( 'NONE', #4555 ) ;
#1332 = DIRECTION ( 'NONE',  ( -1.000000000000000000, 0.0000000000000000000, 0.0000000000000000000 ) ) ;
#1333 = VECTOR ( 'NONE', #2905, 1000.000000000000000 ) ;
#1334 = ORIENTED_EDGE ( 'NONE', *, *, #4925, .T. ) ;
#1335 = VECTOR ( 'NONE', #6060, 1000.000000000000000 ) ;
#1336 = ADVANCED_FACE ( 'NONE', ( #5231 ), #3050, .F. ) ;
#1337 = LINE ( 'NONE', #2076, #5558 ) ;
#1338 = ORIENTED_EDGE ( 'NONE', *, *, #3964, .T. ) ;
#1339 = EDGE_CURVE ( 'NONE', #1728, #948, #1313, .T. ) ;
#1340 = CARTESIAN_POINT ( 'NONE',  ( -3.250000000000001300, 1.749999999999998900, -0.2500000000000001100 ) ) ;
#1341 = DIRECTION ( 'NONE',  ( 0.0000000000000000000, 1.000000000000000000, -1.129377263005733600E-016 ) ) ;
#1342 = LINE ( 'NONE', #3663, #1191 ) ;
#1343 = ORIENTED_EDGE ( 'NONE', *, *, #4766, .F. ) ;
#1344 = VERTEX_POINT ( 'NONE', #1118 ) ;
#1345 = LINE ( 'NONE', #3241, #243 ) ;
#1346 = CARTESIAN_POINT ( 'NONE',  ( 2.250000000000002700, 2.580384757729335700, -2.099999999999989900 ) ) ;
#1347 = FACE_OUTER_BOUND ( 'NONE', #454, .T. ) ;
#1348 = DIRECTION ( 'NONE',  ( 1.284980352575412900E-015, 1.000000000000000000, 0.0000000000000000000 ) ) ;
#1349 = EDGE_CURVE ( 'NONE', #5662, #4092, #1085, .T. ) ;
#1350 = ADVANCED_BREP_SHAPE_REPRESENTATION ( '', ( #2531, #254, #3489, #2654, #3403, #1234, #2264, #995 ), #3789 ) ;
#1351 = ADVANCED_FACE ( 'NONE', ( #1164 ), #2145, .F. ) ;
#1352 = EDGE_LOOP ( 'NONE', ( #6070, #2197, #1649, #1879, #2509, #2944, #3311, #2678 ) ) ;
#1353 = LINE ( 'NONE', #967, #4153 ) ;
#1354 = VECTOR ( 'NONE', #1944, 1000.000000000000000 ) ;
#1355 = CARTESIAN_POINT ( 'NONE',  ( -6.299999999999999800, 2.199999999999999700, 1.700000000000000000 ) ) ;
#1356 = VERTEX_POINT ( 'NONE', #3582 ) ;
#1357 = ORIENTED_EDGE ( 'NONE', *, *, #3986, .F. ) ;
#1358 = LINE ( 'NONE', #5265, #5353 ) ;
#1359 = EDGE_CURVE ( 'NONE', #5433, #5573, #1385, .T. ) ;
#1360 = DIRECTION ( 'NONE',  ( -0.0000000000000000000, 1.000000000000000000, 2.478176394252581100E-016 ) ) ;
#1361 = DIRECTION ( 'NONE',  ( 0.0000000000000000000, 0.1736481776669323000, 0.9848077530122078000 ) ) ;
#1362 = CARTESIAN_POINT ( 'NONE',  ( 6.950000000000000200, -3.566454514754936800E-017, 0.2499999999999991400 ) ) ;
#1363 = ORIENTED_EDGE ( 'NONE', *, *, #5072, .T. ) ;
#1364 = VERTEX_POINT ( 'NONE', #5538 ) ;
#1365 = ORIENTED_EDGE ( 'NONE', *, *, #4123, .F. ) ;
#1366 = ADVANCED_FACE ( 'NONE', ( #2655, #1232 ), #1194, .F. ) ;
#1367 = LINE ( 'NONE', #1330, #709 ) ;
#1368 = ADVANCED_FACE ( 'NONE', ( #424 ), #2597, .F. ) ;
#1369 = AXIS2_PLACEMENT_3D ( 'NONE', #2059, #5929, #3108 ) ;
#1370 = ORIENTED_EDGE ( 'NONE', *, *, #1719, .T. ) ;
#1371 = DIRECTION ( 'NONE',  ( 1.000000000000000000, 0.0000000000000000000, 0.0000000000000000000 ) ) ;
#1372 = CARTESIAN_POINT ( 'NONE',  ( -1.250000000000001100, -3.049999999999997200, 0.2500000000000003300 ) ) ;
#1373 = VECTOR ( 'NONE', #301, 1000.000000000000000 ) ;
#1374 = ORIENTED_EDGE ( 'NONE', *, *, #1622, .F. ) ;
#1375 = ORIENTED_EDGE ( 'NONE', *, *, #3830, .F. ) ;
#1376 = DIRECTION ( 'NONE',  ( 0.0000000000000000000, 0.0000000000000000000, 1.000000000000000000 ) ) ;
#1377 = DIRECTION ( 'NONE',  ( 0.0000000000000000000, 0.0000000000000000000, 1.000000000000000000 ) ) ;
#1378 = EDGE_CURVE ( 'NONE', #207, #931, #1829, .T. ) ;
#1379 = VECTOR ( 'NONE', #1109, 1000.000000000000000 ) ;
#1380 = ORIENTED_EDGE ( 'NONE', *, *, #3501, .F. ) ;
#1381 = ADVANCED_FACE ( 'NONE', ( #3966 ), #2166, .T. ) ;
#1382 = DIRECTION ( 'NONE',  ( 0.0000000000000000000, -0.0000000000000000000, 1.000000000000000000 ) ) ;
#1383 = DIRECTION ( 'NONE',  ( 0.0000000000000000000, 0.0000000000000000000, 1.000000000000000000 ) ) ;
#1384 = DIRECTION ( 'NONE',  ( -1.000000000000000000, 0.0000000000000000000, -0.0000000000000000000 ) ) ;
#1385 = CIRCLE ( 'NONE', #2962, 0.5000000000000000000 ) ;
#1386 = AXIS2_PLACEMENT_3D ( 'NONE', #5783, #1957, #88 ) ;
#1387 = EDGE_CURVE ( 'NONE', #5232, #5596, #131, .T. ) ;
#1388 = EDGE_LOOP ( 'NONE', ( #5144, #2337, #5812, #149 ) ) ;
#1389 = ORIENTED_EDGE ( 'NONE', *, *, #5059, .T. ) ;
#1390 = VECTOR ( 'NONE', #1495, 1000.000000000000000 ) ;
#1391 = DIRECTION ( 'NONE',  ( 1.000000000000000000, 0.0000000000000000000, 0.0000000000000000000 ) ) ;
#1392 = DIRECTION ( 'NONE',  ( -0.0000000000000000000, 1.000000000000000000, 3.854941057726238600E-016 ) ) ;
#1393 = VERTEX_POINT ( 'NONE', #2732 ) ;
#1394 = MECHANICAL_DESIGN_GEOMETRIC_PRESENTATION_REPRESENTATION (  '', ( #2465 ), #3379 ) ;
#1395 = LINE ( 'NONE', #858, #4714 ) ;
#1396 = ADVANCED_FACE ( 'NONE', ( #4937 ), #2753, .T. ) ;
#1397 = CARTESIAN_POINT ( 'NONE',  ( -3.750000000000000900, 0.1999999999999999300, -2.799999999999999800 ) ) ;
#1398 = ADVANCED_FACE ( 'NONE', ( #4711 ), #4587, .F. ) ;
#1399 = EDGE_CURVE ( 'NONE', #3419, #1431, #3649, .T. ) ;
#1400 = DIRECTION ( 'NONE',  ( 0.0000000000000000000, 0.0000000000000000000, -1.000000000000000000 ) ) ;
#1401 = ORIENTED_EDGE ( 'NONE', *, *, #3868, .F. ) ;
#1402 = DIRECTION ( 'NONE',  ( 0.0000000000000000000, 1.355252715606880500E-016, 1.000000000000000000 ) ) ;
#1403 = DIRECTION ( 'NONE',  ( 0.0000000000000000000, 0.0000000000000000000, -1.000000000000000000 ) ) ;
#1404 = VECTOR ( 'NONE', #597, 1000.000000000000000 ) ;
#1405 = CARTESIAN_POINT ( 'NONE',  ( 6.950000000000000200, 6.276959945968717000E-017, -0.5500000000000006000 ) ) ;
#1406 = ORIENTED_EDGE ( 'NONE', *, *, #2581, .F. ) ;
#1407 = AXIS2_PLACEMENT_3D ( 'NONE', #2801, #1844, #1807 ) ;
#1408 = FACE_OUTER_BOUND ( 'NONE', #4162, .T. ) ;
#1409 = EDGE_CURVE ( 'NONE', #3134, #6096, #2191, .T. ) ;
#1410 = VECTOR ( 'NONE', #5548, 1000.000000000000000 ) ;
#1411 = DIRECTION ( 'NONE',  ( 0.0000000000000000000, 0.0000000000000000000, -1.000000000000000000 ) ) ;
#1412 = VECTOR ( 'NONE', #317, 1000.000000000000000 ) ;
#1413 = ADVANCED_FACE ( 'NONE', ( #3111 ), #5620, .F. ) ;
#1414 = VECTOR ( 'NONE', #302, 1000.000000000000100 ) ;
#1415 = FACE_OUTER_BOUND ( 'NONE', #3144, .T. ) ;
#1416 = DIRECTION ( 'NONE',  ( -0.0000000000000000000, 1.000000000000000000, 3.854941057726238600E-016 ) ) ;
#1417 = LINE ( 'NONE', #4230, #1130 ) ;
#1418 = EDGE_CURVE ( 'NONE', #5209, #2074, #5535, .T. ) ;
#1419 = LINE ( 'NONE', #6187, #2382 ) ;
#1420 = VERTEX_POINT ( 'NONE', #6030 ) ;
#1421 = EDGE_CURVE ( 'NONE', #5970, #5333, #3264, .T. ) ;
#1422 = ORIENTED_EDGE ( 'NONE', *, *, #5050, .T. ) ;
#1423 = DIRECTION ( 'NONE',  ( 4.818676322157797400E-016, -1.000000000000000000, 0.0000000000000000000 ) ) ;
#1424 = DIRECTION ( 'NONE',  ( 0.0000000000000000000, 2.478176394252581100E-016, -1.000000000000000000 ) ) ;
#1425 = DIRECTION ( 'NONE',  ( 0.0000000000000000000, 1.000000000000000000, 1.141265444721583800E-016 ) ) ;
#1426 = DIRECTION ( 'NONE',  ( 0.0000000000000000000, 0.0000000000000000000, 1.000000000000000000 ) ) ;
#1427 = FACE_OUTER_BOUND ( 'NONE', #5728, .T. ) ;
#1428 = VECTOR ( 'NONE', #421, 1000.000000000000000 ) ;
#1429 = ADVANCED_FACE ( 'NONE', ( #1014 ), #3646, .F. ) ;
#1430 = UNCERTAINTY_MEASURE_WITH_UNIT (LENGTH_MEASURE( 1.000000000000000100E-005 ), #1742, 'distance_accuracy_value', 'NONE');
#1431 = VERTEX_POINT ( 'NONE', #791 ) ;
#1432 = AXIS2_PLACEMENT_3D ( 'NONE', #3185, #3634, #1718 ) ;
#1433 = CARTESIAN_POINT ( 'NONE',  ( 5.299999999999999800, 4.000000000000000900, -2.399999999999942200 ) ) ;
#1434 = ORIENTED_EDGE ( 'NONE', *, *, #795, .F. ) ;
#1435 = EDGE_CURVE ( 'NONE', #1059, #2224, #4264, .T. ) ;
#1436 = VECTOR ( 'NONE', #4631, 1000.000000000000000 ) ;
#1437 = VERTEX_POINT ( 'NONE', #5599 ) ;
#1438 = ORIENTED_EDGE ( 'NONE', *, *, #1387, .F. ) ;
#1439 = EDGE_LOOP ( 'NONE', ( #1140, #2798, #4708, #2332 ) ) ;
#1440 = VECTOR ( 'NONE', #1764, 1000.000000000000000 ) ;
#1441 = CARTESIAN_POINT ( 'NONE',  ( -4.750000000000000900, -1.110714858508829600, 0.6575193899513287500 ) ) ;
#1442 = ORIENTED_EDGE ( 'NONE', *, *, #1239, .F. ) ;
#1443 = AXIS2_PLACEMENT_3D ( 'NONE', #6190, #417, #5278 ) ;
#1444 = ORIENTED_EDGE ( 'NONE', *, *, #379, .T. ) ;
#1445 = EDGE_CURVE ( 'NONE', #2421, #255, #4863, .T. ) ;
#1446 = ADVANCED_FACE ( 'NONE', ( #2965 ), #2682, .T. ) ;
#1447 = PLANE ( 'NONE',  #2761 ) ;
#1448 = FACE_OUTER_BOUND ( 'NONE', #549, .T. ) ;
#1449 = CARTESIAN_POINT ( 'NONE',  ( 5.250000000000000900, 4.800000000000000700, 0.2500000000000001100 ) ) ;
#1450 = CARTESIAN_POINT ( 'NONE',  ( 6.950000000000000200, 1.399999999999999700, 1.700000000000000000 ) ) ;
#1451 = ORIENTED_EDGE ( 'NONE', *, *, #4867, .T. ) ;
#1452 = ORIENTED_EDGE ( 'NONE', *, *, #1709, .F. ) ;
#1453 = VECTOR ( 'NONE', #2616, 1000.000000000000000 ) ;
#1454 = PLANE ( 'NONE',  #4363 ) ;
#1455 = DIRECTION ( 'NONE',  ( 0.0000000000000000000, 2.710505431213762100E-016, -1.000000000000000000 ) ) ;
#1456 = ORIENTED_EDGE ( 'NONE', *, *, #2205, .F. ) ;
#1457 = LINE ( 'NONE', #4411, #863 ) ;
#1458 = ORIENTED_EDGE ( 'NONE', *, *, #1115, .F. ) ;
#1459 = AXIS2_PLACEMENT_3D ( 'NONE', #2202, #3229, #5152 ) ;
#1460 = ADVANCED_FACE ( 'NONE', ( #5076 ), #5695, .T. ) ;
#1461 = EDGE_LOOP ( 'NONE', ( #189, #702, #61, #4247 ) ) ;
#1462 = CARTESIAN_POINT ( 'NONE',  ( 2.249999999999999600, 0.1999999999999999300, -2.799999999999999800 ) ) ;
#1463 = DIRECTION ( 'NONE',  ( -1.000000000000000000, -1.284980352575412900E-015, 0.0000000000000000000 ) ) ;
#1464 = EDGE_CURVE ( 'NONE', #963, #4927, #5682, .T. ) ;
#1465 = ORIENTED_EDGE ( 'NONE', *, *, #1418, .F. ) ;
#1466 = VECTOR ( 'NONE', #3935, 1000.000000000000000 ) ;
#1467 = DIRECTION ( 'NONE',  ( -0.3236155771181832800, -0.9318139166968479900, -0.1643039345132816500 ) ) ;
#1468 = CARTESIAN_POINT ( 'NONE',  ( -3.800000000000000300, 6.000000000000000900, 1.100000000000058000 ) ) ;
#1469 = ORIENTED_EDGE ( 'NONE', *, *, #495, .T. ) ;
#1470 = PLANE ( 'NONE',  #4432 ) ;
#1471 = CARTESIAN_POINT ( 'NONE',  ( 6.950000000000000200, 5.999999999999999100, 0.2500000000000000000 ) ) ;
#1472 = EDGE_CURVE ( 'NONE', #3793, #3334, #1973, .T. ) ;
#1473 = LINE ( 'NONE', #5185, #3051 ) ;
#1474 = EDGE_CURVE ( 'NONE', #4637, #885, #5829, .T. ) ;
#1475 = ORIENTED_EDGE ( 'NONE', *, *, #2559, .F. ) ;
#1476 = PLANE ( 'NONE',  #939 ) ;
#1477 = CARTESIAN_POINT ( 'NONE',  ( -4.750000000000000900, -1.023890769675363900, 0.1651155134452243500 ) ) ;
#1478 = CARTESIAN_POINT ( 'NONE',  ( -5.250000000000000900, 1.749999999999998900, -1.514441129821030200E-016 ) ) ;
#1479 = LINE ( 'NONE', #2715, #668 ) ;
#1480 = ADVANCED_FACE ( 'NONE', ( #6116 ), #5198, .F. ) ;
#1481 = VERTEX_POINT ( 'NONE', #5218 ) ;
#1482 = CIRCLE ( 'NONE', #1190, 1.000000000000000400 ) ;
#1483 = ORIENTED_EDGE ( 'NONE', *, *, #5007, .T. ) ;
#1484 = EDGE_CURVE ( 'NONE', #3059, #3083, #4415, .T. ) ;
#1485 = PLANE ( 'NONE',  #3552 ) ;
#1486 = LINE ( 'NONE', #2435, #3450 ) ;
#1487 = EDGE_LOOP ( 'NONE', ( #757, #1915, #5064, #4222 ) ) ;
#1488 = VECTOR ( 'NONE', #1527, 1000.000000000000000 ) ;
#1489 = DIRECTION ( 'NONE',  ( -1.000000000000000000, 0.0000000000000000000, 0.0000000000000000000 ) ) ;
#1490 = DIRECTION ( 'NONE',  ( -1.000000000000000000, -0.0000000000000000000, 0.0000000000000000000 ) ) ;
#1491 = LINE ( 'NONE', #3054, #18 ) ;
#1492 = ADVANCED_FACE ( 'NONE', ( #3580 ), #5680, .F. ) ;
#1493 = ORIENTED_EDGE ( 'NONE', *, *, #7, .T. ) ;
#1494 = PLANE ( 'NONE',  #1881 ) ;
#1495 = DIRECTION ( 'NONE',  ( 0.0000000000000000000, 1.000000000000000000, 2.710505431213762100E-016 ) ) ;
#1496 = VECTOR ( 'NONE', #6090, 1000.000000000000000 ) ;
#1497 = CARTESIAN_POINT ( 'NONE',  ( 6.950000000000000200, 1.399999999999999700, 1.700000000000000000 ) ) ;
#1498 = ORIENTED_EDGE ( 'NONE', *, *, #5526, .F. ) ;
#1499 = VERTEX_POINT ( 'NONE', #1875 ) ;
#1500 = LINE ( 'NONE', #1621, #3386 ) ;
#1501 = ORIENTED_EDGE ( 'NONE', *, *, #5295, .F. ) ;
#1502 = LINE ( 'NONE', #3825, #4229 ) ;
#1503 = CARTESIAN_POINT ( 'NONE',  ( 2.749999999999999100, -6.505213034913026600E-016, 0.2499999999999998900 ) ) ;
#1504 = VERTEX_POINT ( 'NONE', #3819 ) ;
#1505 = EDGE_CURVE ( 'NONE', #441, #2577, #5754, .T. ) ;
#1506 = FACE_OUTER_BOUND ( 'NONE', #3864, .T. ) ;
#1507 = CARTESIAN_POINT ( 'NONE',  ( -3.750000000000000900, -9.184850993605157100E-017, -2.799999999999999800 ) ) ;
#1508 = EDGE_CURVE ( 'NONE', #4816, #4018, #3433, .T. ) ;
#1509 = ORIENTED_EDGE ( 'NONE', *, *, #3154, .T. ) ;
#1510 = ORIENTED_EDGE ( 'NONE', *, *, #217, .F. ) ;
#1511 = ORIENTED_EDGE ( 'NONE', *, *, #2724, .F. ) ;
#1512 = VECTOR ( 'NONE', #1534, 1000.000000000000000 ) ;
#1513 = AXIS2_PLACEMENT_3D ( 'NONE', #4280, #6188, #1403 ) ;
#1514 = ORIENTED_EDGE ( 'NONE', *, *, #3997, .T. ) ;
#1515 = CARTESIAN_POINT ( 'NONE',  ( 6.299999999999999800, 4.000000000000001800, 1.700000000000000000 ) ) ;
#1516 = PLANE ( 'NONE',  #3053 ) ;
#1517 = DIRECTION ( 'NONE',  ( -0.0000000000000000000, -0.0000000000000000000, 1.000000000000000000 ) ) ;
#1518 = CARTESIAN_POINT ( 'NONE',  ( 3.249999999999999600, -3.049999999999997200, 0.2500000000000003300 ) ) ;
#1519 = ORIENTED_EDGE ( 'NONE', *, *, #2277, .T. ) ;
#1520 = EDGE_LOOP ( 'NONE', ( #1571, #3725, #3893, #3577 ) ) ;
#1521 = PRESENTATION_STYLE_ASSIGNMENT (( #1306 ) ) ;
#1522 = ORIENTED_EDGE ( 'NONE', *, *, #4707, .T. ) ;
#1523 =( NAMED_UNIT ( * ) PLANE_ANGLE_UNIT ( ) SI_UNIT ( $, .RADIAN. ) );
#1524 = VECTOR ( 'NONE', #4542, 1000.000000000000000 ) ;
#1525 = ORIENTED_EDGE ( 'NONE', *, *, #4068, .T. ) ;
#1526 = EDGE_CURVE ( 'NONE', #4601, #5001, #2276, .T. ) ;
#1527 = DIRECTION ( 'NONE',  ( 0.3236155771181811200, 0.8891264907159901500, -0.3236155771181833400 ) ) ;
#1528 = DIRECTION ( 'NONE',  ( 0.0000000000000000000, 0.0000000000000000000, -1.000000000000000000 ) ) ;
#1529 = VECTOR ( 'NONE', #5319, 1000.000000000000000 ) ;
#1530 = CARTESIAN_POINT ( 'NONE',  ( 6.950000000000000200, 5.999999999999999100, -3.589083053745118500E-015 ) ) ;
#1531 = VERTEX_POINT ( 'NONE', #3756 ) ;
#1532 = LINE ( 'NONE', #6144, #3503 ) ;
#1533 = CARTESIAN_POINT ( 'NONE',  ( 0.8773895819931695200, 4.800000000000000700, 0.0000000000000000000 ) ) ;
#1534 = DIRECTION ( 'NONE',  ( 1.000000000000000000, 5.421010862427523400E-017, 1.469367938527860200E-032 ) ) ;
#1535 = PLANE ( 'NONE',  #414 ) ;
#1536 = EDGE_LOOP ( 'NONE', ( #667, #1089, #4053, #1771 ) ) ;
#1537 = VECTOR ( 'NONE', #1517, 1000.000000000000000 ) ;
#1538 = EDGE_CURVE ( 'NONE', #1220, #2884, #2579, .T. ) ;
#1539 = DIRECTION ( 'NONE',  ( 1.284980352575412900E-015, 1.000000000000000000, 0.0000000000000000000 ) ) ;
#1540 = EDGE_CURVE ( 'NONE', #4601, #2275, #584, .T. ) ;
#1541 = ORIENTED_EDGE ( 'NONE', *, *, #2813, .T. ) ;
#1542 = VECTOR ( 'NONE', #6095, 1000.000000000000000 ) ;
#1543 = CARTESIAN_POINT ( 'NONE',  ( 5.083588031202426200, -3.491069409005639600, 0.1009355052429471700 ) ) ;
#1544 = PLANE ( 'NONE',  #5946 ) ;
#1545 = CARTESIAN_POINT ( 'NONE',  ( -0.2500000000000028300, 1.749999999999999800, -2.399999999999944000 ) ) ;
#1546 = VERTEX_POINT ( 'NONE', #1340 ) ;
#1547 = AXIS2_PLACEMENT_3D ( 'NONE', #5452, #3601, #1672 ) ;
#1548 = ORIENTED_EDGE ( 'NONE', *, *, #2692, .F. ) ;
#1549 = EDGE_CURVE ( 'NONE', #3451, #3529, #3739, .T. ) ;
#1550 = VECTOR ( 'NONE', #1276, 1000.000000000000000 ) ;
#1551 = VERTEX_POINT ( 'NONE', #5175 ) ;
#1552 = FACE_OUTER_BOUND ( 'NONE', #2862, .T. ) ;
#1553 = LINE ( 'NONE', #4582, #90 ) ;
#1554 = AXIS2_PLACEMENT_3D ( 'NONE', #5765, #6197, #3343 ) ;
#1555 = DIRECTION ( 'NONE',  ( -0.0000000000000000000, -0.0000000000000000000, 1.000000000000000000 ) ) ;
#1556 = VECTOR ( 'NONE', #6073, 1000.000000000000000 ) ;
#1557 = EDGE_CURVE ( 'NONE', #5734, #3519, #2812, .T. ) ;
#1558 = DIRECTION ( 'NONE',  ( 0.0000000000000000000, 1.000000000000000000, 0.0000000000000000000 ) ) ;
#1559 = LINE ( 'NONE', #3165, #1707 ) ;
#1560 = CARTESIAN_POINT ( 'NONE',  ( -0.7500000000000006700, 0.1999999999999999800, 0.2499999999999999400 ) ) ;
#1561 = DIRECTION ( 'NONE',  ( 1.000000000000000000, 0.0000000000000000000, 0.0000000000000000000 ) ) ;
#1562 = ORIENTED_EDGE ( 'NONE', *, *, #91, .T. ) ;
#1563 = CARTESIAN_POINT ( 'NONE',  ( -4.750000000000000900, -6.505213034913026600E-016, 0.2499999999999998900 ) ) ;
#1564 = FACE_OUTER_BOUND ( 'NONE', #4599, .T. ) ;
#1565 = FACE_OUTER_BOUND ( 'NONE', #1053, .T. ) ;
#1566 = VERTEX_POINT ( 'NONE', #2274 ) ;
#1567 = CARTESIAN_POINT ( 'NONE',  ( 6.950000000000000200, 5.999999999999999100, -3.589083053745118500E-015 ) ) ;
#1568 = DIRECTION ( 'NONE',  ( -5.714657166936236400E-015, -0.4999999999999669700, -0.8660254037844578000 ) ) ;
#1569 = LINE ( 'NONE', #2836, #2469 ) ;
#1570 = EDGE_CURVE ( 'NONE', #3059, #1572, #1532, .T. ) ;
#1571 = ORIENTED_EDGE ( 'NONE', *, *, #3270, .T. ) ;
#1572 = VERTEX_POINT ( 'NONE', #2850 ) ;
#1573 = DIRECTION ( 'NONE',  ( -1.000000000000000000, 0.0000000000000000000, 0.0000000000000000000 ) ) ;
#1574 = DIRECTION ( 'NONE',  ( -0.0000000000000000000, -1.000000000000000000, -0.0000000000000000000 ) ) ;
#1575 = VECTOR ( 'NONE', #1278, 1000.000000000000100 ) ;
#1576 = PLANE ( 'NONE',  #2863 ) ;
#1577 =( NAMED_UNIT ( * ) SI_UNIT ( $, .STERADIAN. ) SOLID_ANGLE_UNIT ( ) );
#1578 = ORIENTED_EDGE ( 'NONE', *, *, #1819, .F. ) ;
#1579 = EDGE_CURVE ( 'NONE', #4696, #1176, #650, .T. ) ;
#1580 = ORIENTED_EDGE ( 'NONE', *, *, #5643, .F. ) ;
#1581 = PRODUCT ( 'B6B-PH-K', 'B6B-PH-K', '', ( #3143 ) ) ;
#1582 = ORIENTED_EDGE ( 'NONE', *, *, #5355, .T. ) ;
#1583 = CARTESIAN_POINT ( 'NONE',  ( 2.890230208359190200, -3.435279330992292700, -0.1097697916408096200 ) ) ;
#1584 = ORIENTED_EDGE ( 'NONE', *, *, #3331, .F. ) ;
#1585 = DIRECTION ( 'NONE',  ( 1.000000000000000000, 0.0000000000000000000, 0.0000000000000000000 ) ) ;
#1586 = EDGE_CURVE ( 'NONE', #5879, #2502, #580, .T. ) ;
#1587 = CYLINDRICAL_SURFACE ( 'NONE', #5115, 0.5000000000000000000 ) ;
#1588 = CARTESIAN_POINT ( 'NONE',  ( 6.950000000000000200, -3.399999999999999900, 0.1226104180068293400 ) ) ;
#1589 = DIRECTION ( 'NONE',  ( 0.0000000000000000000, 0.0000000000000000000, 1.000000000000000000 ) ) ;
#1590 = EDGE_LOOP ( 'NONE', ( #1888, #3439, #2868, #402 ) ) ;
#1591 = ORIENTED_EDGE ( 'NONE', *, *, #4802, .F. ) ;
#1592 = DIRECTION ( 'NONE',  ( -0.0000000000000000000, 1.000000000000000000, 0.0000000000000000000 ) ) ;
#1593 = CARTESIAN_POINT ( 'NONE',  ( -2.250000000000002700, 1.749999999999999800, -2.099999999999944600 ) ) ;
#1594 = CARTESIAN_POINT ( 'NONE',  ( 3.800000000000000300, 6.000000000000000900, -2.399999999999942200 ) ) ;
#1595 = ORIENTED_EDGE ( 'NONE', *, *, #3754, .T. ) ;
#1596 = ORIENTED_EDGE ( 'NONE', *, *, #2837, .F. ) ;
#1597 = EDGE_CURVE ( 'NONE', #4261, #3733, #419, .T. ) ;
#1598 = CIRCLE ( 'NONE', #1073, 0.3999999999999999700 ) ;
#1599 = DIRECTION ( 'NONE',  ( 0.0000000000000000000, -1.000000000000000000, -2.478176394252581100E-016 ) ) ;
#1600 = CARTESIAN_POINT ( 'NONE',  ( 0.8902302083591889800, 4.835279330992293000, -0.1097697916408099700 ) ) ;
#1601 = ORIENTED_EDGE ( 'NONE', *, *, #3898, .T. ) ;
#1602 = CARTESIAN_POINT ( 'NONE',  ( 4.750000000000000900, -0.9370666808418981500, -0.1727116369391203400 ) ) ;
#1603 = ORIENTED_EDGE ( 'NONE', *, *, #5892, .T. ) ;
#1604 = VECTOR ( 'NONE', #409, 1000.000000000000000 ) ;
#1605 = CARTESIAN_POINT ( 'NONE',  ( 4.877389581993171900, 4.800000000000000700, -0.2500000000000003300 ) ) ;
#1606 = DIRECTION ( 'NONE',  ( 0.0000000000000000000, 0.0000000000000000000, -1.000000000000000000 ) ) ;
#1607 = EDGE_LOOP ( 'NONE', ( #490, #1960, #3487, #2103 ) ) ;
#1608 = CARTESIAN_POINT ( 'NONE',  ( 4.750000000000000900, -3.443412044416733300, -0.2462019382530505900 ) ) ;
#1609 = CARTESIAN_POINT ( 'NONE',  ( -3.799999999999999800, 1.749999999999999800, 1.700000000000000000 ) ) ;
#1610 = ORIENTED_EDGE ( 'NONE', *, *, #4393, .F. ) ;
#1611 = VECTOR ( 'NONE', #462, 1000.000000000000000 ) ;
#1612 = ORIENTED_EDGE ( 'NONE', *, *, #1339, .T. ) ;
#1613 = DIRECTION ( 'NONE',  ( 0.0000000000000000000, 0.8660254037844576900, -0.4999999999999669200 ) ) ;
#1614 = DIRECTION ( 'NONE',  ( -1.000000000000000000, -0.0000000000000000000, -0.0000000000000000000 ) ) ;
#1615 = VECTOR ( 'NONE', #2361, 1000.000000000000000 ) ;
#1616 = ORIENTED_EDGE ( 'NONE', *, *, #2641, .F. ) ;
#1617 = VERTEX_POINT ( 'NONE', #1894 ) ;
#1618 = CARTESIAN_POINT ( 'NONE',  ( -5.250000000000000900, 9.184850993605144700E-017, -0.2500000000000006700 ) ) ;
#1619 = EDGE_CURVE ( 'NONE', #4314, #951, #5371, .T. ) ;
#1620 = VECTOR ( 'NONE', #3699, 1000.000000000000000 ) ;
#1621 = CARTESIAN_POINT ( 'NONE',  ( -4.750000000000000900, 4.800000000000000700, 0.2500000000000003300 ) ) ;
#1622 = EDGE_CURVE ( 'NONE', #5970, #2206, #4104, .T. ) ;
#1623 = ORIENTED_EDGE ( 'NONE', *, *, #1032, .F. ) ;
#1624 = VECTOR ( 'NONE', #1183, 1000.000000000000000 ) ;
#1625 = EDGE_LOOP ( 'NONE', ( #464, #741, #3245, #3902 ) ) ;
#1626 = PLANE ( 'NONE',  #5748 ) ;
#1627 = PRODUCT_RELATED_PRODUCT_CATEGORY ( 'part', '', ( #1581 ) ) ;
#1628 = CARTESIAN_POINT ( 'NONE',  ( 1.249999999999999300, 1.749999999999998900, -0.2499999999999996700 ) ) ;
#1629 = AXIS2_PLACEMENT_3D ( 'NONE', #5641, #1757, #1300 ) ;
#1630 = VECTOR ( 'NONE', #5775, 1000.000000000000000 ) ;
#1631 = ORIENTED_EDGE ( 'NONE', *, *, #1409, .T. ) ;
#1632 = VECTOR ( 'NONE', #2674, 1000.000000000000100 ) ;
#1633 = ORIENTED_EDGE ( 'NONE', *, *, #3925, .F. ) ;
#1634 = CARTESIAN_POINT ( 'NONE',  ( 5.250000000000000900, -9.629649721936179300E-032, -0.4999999999999997800 ) ) ;
#1635 = DIRECTION ( 'NONE',  ( -0.0000000000000000000, 1.000000000000000000, 0.0000000000000000000 ) ) ;
#1636 = VECTOR ( 'NONE', #128, 1000.000000000000000 ) ;
#1637 = DIRECTION ( 'NONE',  ( 0.3236155771181850000, -0.8891264907159889300, 0.3236155771181828400 ) ) ;
#1638 = ORIENTED_EDGE ( 'NONE', *, *, #2458, .F. ) ;
#1639 = VECTOR ( 'NONE', #2008, 1000.000000000000000 ) ;
#1640 =( GEOMETRIC_REPRESENTATION_CONTEXT ( 3 ) GLOBAL_UNCERTAINTY_ASSIGNED_CONTEXT ( ( #5902 ) ) GLOBAL_UNIT_ASSIGNED_CONTEXT ( ( #876, #3184, #4187 ) ) REPRESENTATION_CONTEXT ( 'NONE', 'WORKASPACE' ) );
#1641 = DIRECTION ( 'NONE',  ( 0.0000000000000000000, -1.000000000000000000, -2.478176394252581100E-016 ) ) ;
#1642 = LINE ( 'NONE', #5574, #5189 ) ;
#1643 = EDGE_CURVE ( 'NONE', #4922, #4769, #1457, .T. ) ;
#1644 = EDGE_LOOP ( 'NONE', ( #3737, #4752, #5546, #4843 ) ) ;
#1645 = LINE ( 'NONE', #5147, #3469 ) ;
#1646 = CARTESIAN_POINT ( 'NONE',  ( 6.950000000000000200, 0.7999999999999998200, 1.249999999999999300 ) ) ;
#1647 = FACE_OUTER_BOUND ( 'NONE', #1722, .T. ) ;
#1648 = DIRECTION ( 'NONE',  ( -1.000000000000000000, 0.0000000000000000000, 0.0000000000000000000 ) ) ;
#1649 = ORIENTED_EDGE ( 'NONE', *, *, #3256, .T. ) ;
#1650 = LINE ( 'NONE', #3309, #2245 ) ;
#1651 = ORIENTED_EDGE ( 'NONE', *, *, #3430, .F. ) ;
#1652 = PLANE ( 'NONE',  #4811 ) ;
#1653 = ORIENTED_EDGE ( 'NONE', *, *, #908, .F. ) ;
#1654 = ORIENTED_EDGE ( 'NONE', *, *, #3322, .T. ) ;
#1655 = LINE ( 'NONE', #4853, #5283 ) ;
#1656 = EDGE_CURVE ( 'NONE', #110, #2066, #3803, .T. ) ;
#1657 = ORIENTED_EDGE ( 'NONE', *, *, #2479, .T. ) ;
#1658 = DIRECTION ( 'NONE',  ( 0.0000000000000000000, 0.0000000000000000000, 1.000000000000000000 ) ) ;
#1659 = VERTEX_POINT ( 'NONE', #544 ) ;
#1660 = VERTEX_POINT ( 'NONE', #2420 ) ;
#1661 = ADVANCED_FACE ( 'NONE', ( #2807 ), #1470, .F. ) ;
#1662 = AXIS2_PLACEMENT_3D ( 'NONE', #5930, #2123, #2553 ) ;
#1663 = EDGE_LOOP ( 'NONE', ( #4912, #3641, #1653, #2659 ) ) ;
#1664 = PLANE ( 'NONE',  #2378 ) ;
#1665 = EDGE_CURVE ( 'NONE', #2820, #5134, #348, .T. ) ;
#1666 = FACE_OUTER_BOUND ( 'NONE', #5590, .T. ) ;
#1667 = CARTESIAN_POINT ( 'NONE',  ( 10.95000000000000100, -3.399999999999999900, -0.1226104180068291200 ) ) ;
#1668 = ORIENTED_EDGE ( 'NONE', *, *, #3021, .T. ) ;
#1669 = ORIENTED_EDGE ( 'NONE', *, *, #4951, .T. ) ;
#1670 = VECTOR ( 'NONE', #1424, 1000.000000000000000 ) ;
#1671 = DIRECTION ( 'NONE',  ( -1.284980352575413100E-015, -1.000000000000000000, -0.0000000000000000000 ) ) ;
#1672 = DIRECTION ( 'NONE',  ( 0.0000000000000000000, 0.0000000000000000000, -1.000000000000000000 ) ) ;
#1673 = CARTESIAN_POINT ( 'NONE',  ( -3.109769791640809800, -3.435279330992292700, 0.1097697916408098100 ) ) ;
#1674 = ORIENTED_EDGE ( 'NONE', *, *, #6029, .F. ) ;
#1675 = EDGE_CURVE ( 'NONE', #2432, #5801, #3259, .T. ) ;
#1676 = VECTOR ( 'NONE', #4244, 1000.000000000000000 ) ;
#1677 = DIRECTION ( 'NONE',  ( 1.000000000000000000, 0.0000000000000000000, 0.0000000000000000000 ) ) ;
#1678 = CARTESIAN_POINT ( 'NONE',  ( 8.949999999999999300, -3.399999999999999900, -0.1226104180068291200 ) ) ;
#1679 = DIRECTION ( 'NONE',  ( -0.0000000000000000000, -0.0000000000000000000, 1.000000000000000000 ) ) ;
#1680 = ORIENTED_EDGE ( 'NONE', *, *, #2932, .T. ) ;
#1681 = LINE ( 'NONE', #651, #429 ) ;
#1682 = CARTESIAN_POINT ( 'NONE',  ( 0.0000000000000000000, 0.0000000000000000000, 0.0000000000000000000 ) ) ;
#1683 = CARTESIAN_POINT ( 'NONE',  ( 6.950000000000000200, 0.8000000000000001600, 1.927470528863117300E-016 ) ) ;
#1684 = ORIENTED_EDGE ( 'NONE', *, *, #4420, .T. ) ;
#1685 = CARTESIAN_POINT ( 'NONE',  ( -5.083588031202426200, -3.491069409005639600, -0.1009355052429471700 ) ) ;
#1686 = DIRECTION ( 'NONE',  ( 0.0000000000000000000, -0.0000000000000000000, 1.000000000000000000 ) ) ;
#1687 = VECTOR ( 'NONE', #1763, 1000.000000000000000 ) ;
#1688 = CARTESIAN_POINT ( 'NONE',  ( -6.950000000000000200, -0.0000000000000000000, 0.0000000000000000000 ) ) ;
#1689 = ORIENTED_EDGE ( 'NONE', *, *, #3534, .T. ) ;
#1690 = LINE ( 'NONE', #444, #4361 ) ;
#1691 = ORIENTED_EDGE ( 'NONE', *, *, #318, .F. ) ;
#1692 = ORIENTED_EDGE ( 'NONE', *, *, #2181, .F. ) ;
#1693 = DIRECTION ( 'NONE',  ( 1.000000000000000000, 0.0000000000000000000, 0.0000000000000000000 ) ) ;
#1694 = AXIS2_PLACEMENT_3D ( 'NONE', #4184, #5629, #1286 ) ;
#1695 = LINE ( 'NONE', #4511, #8 ) ;
#1696 = CARTESIAN_POINT ( 'NONE',  ( -0.2500000000000011100, -9.629649721936179300E-032, -2.799999999999999800 ) ) ;
#1697 = CARTESIAN_POINT ( 'NONE',  ( 2.249999999999999600, -9.184850993605157100E-017, -2.799999999999999800 ) ) ;
#1698 = CARTESIAN_POINT ( 'NONE',  ( 1.122610418006828800, 4.800000000000000700, 0.1226104180068297700 ) ) ;
#1699 = DIRECTION ( 'NONE',  ( -0.3236155771181826700, -0.8891264907159897000, 0.3236155771181827800 ) ) ;
#1700 = EDGE_CURVE ( 'NONE', #2796, #3554, #3885, .T. ) ;
#1701 = VECTOR ( 'NONE', #623, 1000.000000000000000 ) ;
#1702 =( NAMED_UNIT ( * ) PLANE_ANGLE_UNIT ( ) SI_UNIT ( $, .RADIAN. ) );
#1703 = EDGE_LOOP ( 'NONE', ( #5769, #1822, #2296, #4688 ) ) ;
#1704 = CARTESIAN_POINT ( 'NONE',  ( -4.750000000000000900, -1.023890769675363900, 0.1651155134452243500 ) ) ;
#1705 = VECTOR ( 'NONE', #1693, 1000.000000000000000 ) ;
#1706 = CARTESIAN_POINT ( 'NONE',  ( -3.250000000000001300, 4.449999999999999300, 0.2500000000000003300 ) ) ;
#1707 = VECTOR ( 'NONE', #5435, 1000.000000000000100 ) ;
#1708 = LINE ( 'NONE', #1165, #458 ) ;
#1709 = EDGE_CURVE ( 'NONE', #2289, #3444, #5223, .T. ) ;
#1710 = DIRECTION ( 'NONE',  ( 1.000000000000000000, 5.421010862427523400E-017, 1.343422115225471600E-032 ) ) ;
#1711 = LINE ( 'NONE', #2262, #4076 ) ;
#1712 = FACE_OUTER_BOUND ( 'NONE', #555, .T. ) ;
#1713 = VERTEX_POINT ( 'NONE', #3883 ) ;
#1714 = AXIS2_PLACEMENT_3D ( 'NONE', #2718, #2175, #385 ) ;
#1715 = DIRECTION ( 'NONE',  ( -0.0000000000000000000, -0.0000000000000000000, 1.000000000000000000 ) ) ;
#1716 = LINE ( 'NONE', #4422, #5200 ) ;
#1717 = DIRECTION ( 'NONE',  ( 1.000000000000000000, -1.284980352575412900E-015, 0.0000000000000000000 ) ) ;
#1718 = DIRECTION ( 'NONE',  ( 0.0000000000000000000, 0.0000000000000000000, 1.000000000000000000 ) ) ;
#1719 = EDGE_CURVE ( 'NONE', #4533, #3355, #5009, .T. ) ;
#1720 = CARTESIAN_POINT ( 'NONE',  ( 4.750000000000000900, 4.800000000000000700, 0.2500000000000001100 ) ) ;
#1721 = ORIENTED_EDGE ( 'NONE', *, *, #2813, .F. ) ;
#1722 = EDGE_LOOP ( 'NONE', ( #4323, #2557, #3417, #1156 ) ) ;
#1723 = APPLICATION_PROTOCOL_DEFINITION ( 'draft international standard', 'automotive_design', 1998, #2651 ) ;
#1724 = CARTESIAN_POINT ( 'NONE',  ( 5.122610418006829000, -3.378708924350133800, 0.1207476902531918900 ) ) ;
#1725 = VECTOR ( 'NONE', #4695, 1000.000000000000000 ) ;
#1726 = DIRECTION ( 'NONE',  ( 0.0000000000000000000, -1.000000000000000000, -2.710505431213762100E-016 ) ) ;
#1727 = CARTESIAN_POINT ( 'NONE',  ( 3.750000000000000000, 3.099999999999992100, -2.399999999999969300 ) ) ;
#1728 = VERTEX_POINT ( 'NONE', #2374 ) ;
#1729 = ORIENTED_EDGE ( 'NONE', *, *, #5623, .T. ) ;
#1730 = LINE ( 'NONE', #4704, #3950 ) ;
#1731 = CARTESIAN_POINT ( 'NONE',  ( -6.950000000000000200, 4.099999999999999600, -0.5500000000000001600 ) ) ;
#1732 = EDGE_LOOP ( 'NONE', ( #5, #1986, #5211, #800 ) ) ;
#1733 = EDGE_CURVE ( 'NONE', #4936, #4944, #5824, .T. ) ;
#1734 = ORIENTED_EDGE ( 'NONE', *, *, #5117, .T. ) ;
#1735 = PLANE ( 'NONE',  #376 ) ;
#1736 = EDGE_CURVE ( 'NONE', #1127, #3284, #1305, .T. ) ;
#1737 = LINE ( 'NONE', #6145, #488 ) ;
#1738 = ADVANCED_FACE ( 'NONE', ( #3731 ), #4826, .F. ) ;
#1739 = PLANE ( 'NONE',  #1043 ) ;
#1740 = ORIENTED_EDGE ( 'NONE', *, *, #5181, .T. ) ;
#1741 = DIRECTION ( 'NONE',  ( 0.0000000000000000000, 1.000000000000000000, 0.0000000000000000000 ) ) ;
#1742 =( LENGTH_UNIT ( ) NAMED_UNIT ( * ) SI_UNIT ( .MILLI., .METRE. ) );
#1743 = CARTESIAN_POINT ( 'NONE',  ( 4.828545281315151700, 4.665801386818087000, 0.1714547186848491800 ) ) ;
#1744 = ORIENTED_EDGE ( 'NONE', *, *, #7, .F. ) ;
#1745 = VERTEX_POINT ( 'NONE', #68 ) ;
#1746 = CIRCLE ( 'NONE', #2919, 0.5000000000000000000 ) ;
#1747 = AXIS2_PLACEMENT_3D ( 'NONE', #621, #684, #3989 ) ;
#1748 = EDGE_CURVE ( 'NONE', #5894, #3435, #3961, .T. ) ;
#1749 = EDGE_LOOP ( 'NONE', ( #2164, #6205, #622, #5026 ) ) ;
#1750 = CARTESIAN_POINT ( 'NONE',  ( -4.750000000000000900, -0.9370666808418981500, -0.3272883630608796600 ) ) ;
#1751 = ORIENTED_EDGE ( 'NONE', *, *, #2128, .T. ) ;
#1752 = LINE ( 'NONE', #5443, #1379 ) ;
#1753 = ORIENTED_EDGE ( 'NONE', *, *, #2876, .T. ) ;
#1754 = ADVANCED_FACE ( 'NONE', ( #272 ), #1028, .F. ) ;
#1755 = CARTESIAN_POINT ( 'NONE',  ( 3.749999999999999100, -4.607859233063394800E-016, 1.699999999999999700 ) ) ;
#1756 = ORIENTED_EDGE ( 'NONE', *, *, #6105, .F. ) ;
#1757 = DIRECTION ( 'NONE',  ( 1.000000000000000000, 0.0000000000000000000, -0.0000000000000000000 ) ) ;
#1758 = VECTOR ( 'NONE', #1943, 1000.000000000000000 ) ;
#1759 = VERTEX_POINT ( 'NONE', #1545 ) ;
#1760 = EDGE_CURVE ( 'NONE', #2796, #828, #1752, .T. ) ;
#1761 = ORIENTED_EDGE ( 'NONE', *, *, #4304, .F. ) ;
#1762 = VECTOR ( 'NONE', #5912, 1000.000000000000000 ) ;
#1763 = DIRECTION ( 'NONE',  ( -0.0000000000000000000, 1.000000000000000000, 2.478176394252581100E-016 ) ) ;
#1764 = DIRECTION ( 'NONE',  ( 0.0000000000000000000, 0.0000000000000000000, 1.000000000000000000 ) ) ;
#1765 = PLANE ( 'NONE',  #3363 ) ;
#1766 = CARTESIAN_POINT ( 'NONE',  ( 3.122610418006829500, -3.399999999999999900, 0.2500000000000003300 ) ) ;
#1767 = VERTEX_POINT ( 'NONE', #664 ) ;
#1768 = ORIENTED_EDGE ( 'NONE', *, *, #4698, .F. ) ;
#1769 = VECTOR ( 'NONE', #1129, 1000.000000000000000 ) ;
#1770 = DIRECTION ( 'NONE',  ( 0.0000000000000000000, 0.0000000000000000000, -1.000000000000000000 ) ) ;
#1771 = ORIENTED_EDGE ( 'NONE', *, *, #445, .T. ) ;
#1772 = VECTOR ( 'NONE', #5978, 1000.000000000000000 ) ;
#1773 = DIRECTION ( 'NONE',  ( 0.3236155771181850000, -0.8891264907159889300, -0.3236155771181828400 ) ) ;
#1774 = VERTEX_POINT ( 'NONE', #2519 ) ;
#1775 = ORIENTED_EDGE ( 'NONE', *, *, #6048, .F. ) ;
#1776 = EDGE_CURVE ( 'NONE', #207, #5483, #2114, .T. ) ;
#1777 = CARTESIAN_POINT ( 'NONE',  ( -0.7500000000000006700, 1.749999999999998900, -0.2499999999999996700 ) ) ;
#1778 = CARTESIAN_POINT ( 'NONE',  ( 6.950000000000000200, -2.023844055306274500E-016, -2.799999999999999400 ) ) ;
#1779 = VECTOR ( 'NONE', #3448, 1000.000000000000000 ) ;
#1780 = DIRECTION ( 'NONE',  ( -0.0000000000000000000, -0.0000000000000000000, -1.000000000000000000 ) ) ;
#1781 = ORIENTED_EDGE ( 'NONE', *, *, #1570, .T. ) ;
#1782 = ORIENTED_EDGE ( 'NONE', *, *, #436, .F. ) ;
#1783 = LINE ( 'NONE', #3145, #5328 ) ;
#1784 = AXIS2_PLACEMENT_3D ( 'NONE', #2086, #1098, #2580 ) ;
#1785 = LINE ( 'NONE', #1563, #1636 ) ;
#1786 = PLANE ( 'NONE',  #3044 ) ;
#1787 = CARTESIAN_POINT ( 'NONE',  ( 5.250000000000000900, 4.449999999999997500, 0.2500000000000001100 ) ) ;
#1788 = EDGE_CURVE ( 'NONE', #4769, #3350, #203, .T. ) ;
#1789 = LINE ( 'NONE', #4019, #2771 ) ;
#1790 = ADVANCED_FACE ( 'NONE', ( #2422 ), #4931, .F. ) ;
#1791 = VECTOR ( 'NONE', #5074, 1000.000000000000000 ) ;
#1792 = ORIENTED_EDGE ( 'NONE', *, *, #406, .F. ) ;
#1793 = EDGE_LOOP ( 'NONE', ( #688, #1210, #5086, #5169 ) ) ;
#1794 = CARTESIAN_POINT ( 'NONE',  ( -3.750000000000000900, 0.1999999999999999300, -2.799999999999999800 ) ) ;
#1795 = DIRECTION ( 'NONE',  ( -1.720955829342070600E-017, -3.854941057726238600E-016, 1.000000000000000000 ) ) ;
#1796 = VECTOR ( 'NONE', #4813, 1000.000000000000000 ) ;
#1797 = EDGE_CURVE ( 'NONE', #4835, #281, #2883, .T. ) ;
#1798 = ORIENTED_EDGE ( 'NONE', *, *, #4123, .T. ) ;
#1799 = DIRECTION ( 'NONE',  ( -1.000000000000000000, -0.0000000000000000000, -0.0000000000000000000 ) ) ;
#1800 = LINE ( 'NONE', #346, #4983 ) ;
#1801 = ADVANCED_FACE ( 'NONE', ( #2649 ), #5924, .F. ) ;
#1802 = VERTEX_POINT ( 'NONE', #4493 ) ;
#1803 = AXIS2_PLACEMENT_3D ( 'NONE', #5102, #3187, #1599 ) ;
#1804 = CARTESIAN_POINT ( 'NONE',  ( -1.750000000000000700, 0.1999999999999999300, -2.799999999999999800 ) ) ;
#1805 = EDGE_LOOP ( 'NONE', ( #5396, #4903, #4181, #2635, #1941, #714, #119, #330, #3232, #2142, #2438, #5132 ) ) ;
#1806 = DIRECTION ( 'NONE',  ( 0.0000000000000000000, -0.0000000000000000000, 1.000000000000000000 ) ) ;
#1807 = DIRECTION ( 'NONE',  ( -1.000000000000000000, 0.0000000000000000000, -0.0000000000000000000 ) ) ;
#1808 = LINE ( 'NONE', #918, #5057 ) ;
#1809 = ORIENTED_EDGE ( 'NONE', *, *, #46, .T. ) ;
#1810 = VERTEX_POINT ( 'NONE', #3970 ) ;
#1811 = CARTESIAN_POINT ( 'NONE',  ( 5.249999999999999100, 1.749999999999998900, 0.2500000000000003300 ) ) ;
#1812 = ORIENTED_EDGE ( 'NONE', *, *, #285, .T. ) ;
#1813 = ORIENTED_EDGE ( 'NONE', *, *, #3430, .T. ) ;
#1814 = EDGE_LOOP ( 'NONE', ( #5055, #2490, #5442, #996 ) ) ;
#1815 = ADVANCED_FACE ( 'NONE', ( #1895 ), #3991, .F. ) ;
#1816 = LINE ( 'NONE', #3152, #2338 ) ;
#1817 = DIRECTION ( 'NONE',  ( -1.000000000000000000, -0.0000000000000000000, -0.0000000000000000000 ) ) ;
#1818 = CARTESIAN_POINT ( 'NONE',  ( -3.250000000000001300, -3.049999999999997200, -0.2500000000000001100 ) ) ;
#1819 = EDGE_CURVE ( 'NONE', #1208, #1566, #5154, .T. ) ;
#1820 = EDGE_LOOP ( 'NONE', ( #5985, #182, #2766, #4728 ) ) ;
#1821 = EDGE_CURVE ( 'NONE', #5333, #5173, #4554, .T. ) ;
#1822 = ORIENTED_EDGE ( 'NONE', *, *, #5752, .T. ) ;
#1823 = VECTOR ( 'NONE', #2460, 1000.000000000000000 ) ;
#1824 = DIRECTION ( 'NONE',  ( 1.112825628694216700E-015, -0.8660254037844578000, 0.4999999999999669700 ) ) ;
#1825 = DIRECTION ( 'NONE',  ( 1.000000000000000000, -0.0000000000000000000, 0.0000000000000000000 ) ) ;
#1826 = PLANE ( 'NONE',  #4204 ) ;
#1827 = VERTEX_POINT ( 'NONE', #3042 ) ;
#1828 = AXIS2_PLACEMENT_3D ( 'NONE', #5028, #2610, #205 ) ;
#1829 = LINE ( 'NONE', #4037, #3808 ) ;
#1830 = ADVANCED_FACE ( 'NONE', ( #5603 ), #5843, .F. ) ;
#1831 = VERTEX_POINT ( 'NONE', #5883 ) ;
#1832 = CARTESIAN_POINT ( 'NONE',  ( -3.749999999999996400, 3.099999999999987200, -2.399999999999917300 ) ) ;
#1833 = ADVANCED_FACE ( 'NONE', ( #3107 ), #4513, .F. ) ;
#1834 = CARTESIAN_POINT ( 'NONE',  ( 6.300000000000000700, -3.566454514754936800E-017, 0.2499999999999991400 ) ) ;
#1835 = DIRECTION ( 'NONE',  ( -1.000000000000000000, -0.0000000000000000000, -0.0000000000000000000 ) ) ;
#1836 = ORIENTED_EDGE ( 'NONE', *, *, #4366, .F. ) ;
#1837 = DIRECTION ( 'NONE',  ( 0.0000000000000000000, 1.000000000000000000, 1.426581805901979400E-016 ) ) ;
#1838 = FACE_OUTER_BOUND ( 'NONE', #5151, .T. ) ;
#1839 = EDGE_CURVE ( 'NONE', #110, #5329, #3037, .T. ) ;
#1840 = VERTEX_POINT ( 'NONE', #1090 ) ;
#1841 = CARTESIAN_POINT ( 'NONE',  ( -6.299999999999999800, 1.749999999999999800, -2.399999999999944000 ) ) ;
#1842 = DIRECTION ( 'NONE',  ( 0.0000000000000000000, 0.0000000000000000000, 1.000000000000000000 ) ) ;
#1843 = DIRECTION ( 'NONE',  ( 0.0000000000000000000, 0.0000000000000000000, -1.000000000000000000 ) ) ;
#1844 = DIRECTION ( 'NONE',  ( 0.0000000000000000000, 0.0000000000000000000, -1.000000000000000000 ) ) ;
#1845 = ADVANCED_FACE ( 'NONE', ( #3426 ), #3499, .T. ) ;
#1846 = VECTOR ( 'NONE', #5334, 1000.000000000000000 ) ;
#1847 = ORIENTED_EDGE ( 'NONE', *, *, #324, .F. ) ;
#1848 = FACE_OUTER_BOUND ( 'NONE', #5240, .T. ) ;
#1849 = CARTESIAN_POINT ( 'NONE',  ( 0.7499999999999988900, 0.1999999999999999600, -0.2500000000000000600 ) ) ;
#1850 = CARTESIAN_POINT ( 'NONE',  ( -5.122610418006829000, -3.443412044416733300, 0.2462019382530505900 ) ) ;
#1851 = LINE ( 'NONE', #308, #4287 ) ;
#1852 = EDGE_CURVE ( 'NONE', #1831, #2278, #4857, .T. ) ;
#1853 = EDGE_CURVE ( 'NONE', #5234, #4224, #1967, .T. ) ;
#1854 = DIRECTION ( 'NONE',  ( -0.0000000000000000000, -1.000000000000000000, -0.0000000000000000000 ) ) ;
#1855 = VECTOR ( 'NONE', #2520, 1000.000000000000000 ) ;
#1856 = ADVANCED_FACE ( 'NONE', ( #4338 ), #1739, .F. ) ;
#1857 = LINE ( 'NONE', #2159, #4970 ) ;
#1858 = ADVANCED_FACE ( 'NONE', ( #4413 ), #588, .F. ) ;
#1859 = MECHANICAL_DESIGN_GEOMETRIC_PRESENTATION_REPRESENTATION (  '', ( #5343 ), #1031 ) ;
#1860 = CARTESIAN_POINT ( 'NONE',  ( -6.299999999999999800, 5.999999999999999100, 1.100000000000058000 ) ) ;
#1861 = VECTOR ( 'NONE', #3299, 1000.000000000000000 ) ;
#1862 = CARTESIAN_POINT ( 'NONE',  ( 1.749999999999997100, 1.749999999999999800, -2.099999999999944600 ) ) ;
#1863 = EDGE_CURVE ( 'NONE', #2861, #2263, #5073, .T. ) ;
#1864 = ORIENTED_EDGE ( 'NONE', *, *, #3815, .T. ) ;
#1865 = LINE ( 'NONE', #239, #619 ) ;
#1866 = FACE_OUTER_BOUND ( 'NONE', #1749, .T. ) ;
#1867 = CARTESIAN_POINT ( 'NONE',  ( 2.749999999999999100, -7.507106781186548600, -0.2500000000000001100 ) ) ;
#1868 = ORIENTED_EDGE ( 'NONE', *, *, #3354, .F. ) ;
#1869 = ORIENTED_EDGE ( 'NONE', *, *, #3215, .F. ) ;
#1870 = AXIS2_PLACEMENT_3D ( 'NONE', #3384, #523, #4369 ) ;
#1871 = LINE ( 'NONE', #446, #3394 ) ;
#1872 = EDGE_CURVE ( 'NONE', #2141, #4585, #5674, .T. ) ;
#1873 = ADVANCED_FACE ( 'NONE', ( #5597 ), #2061, .T. ) ;
#1874 = CARTESIAN_POINT ( 'NONE',  ( 4.750000000000000900, 4.800000000000000700, -0.2500000000000003300 ) ) ;
#1875 = CARTESIAN_POINT ( 'NONE',  ( -5.250000000000000900, -0.1874133361683795700, 0.3345423273878239700 ) ) ;
#1876 = CARTESIAN_POINT ( 'NONE',  ( 0.0000000000000000000, 1.749999999999998900, 0.2500000000000003300 ) ) ;
#1877 = ORIENTED_EDGE ( 'NONE', *, *, #2256, .F. ) ;
#1878 = ORIENTED_EDGE ( 'NONE', *, *, #3203, .F. ) ;
#1879 = ORIENTED_EDGE ( 'NONE', *, *, #4512, .T. ) ;
#1880 = VECTOR ( 'NONE', #5581, 999.9999999999998900 ) ;
#1881 = AXIS2_PLACEMENT_3D ( 'NONE', #2001, #4416, #2466 ) ;
#1882 = EDGE_LOOP ( 'NONE', ( #3616, #4255, #1255, #4919 ) ) ;
#1883 = CARTESIAN_POINT ( 'NONE',  ( -3.250000000000001300, 4.449999999999999300, -0.2500000000000001100 ) ) ;
#1884 = CARTESIAN_POINT ( 'NONE',  ( 3.249999999999999600, -7.507106781186548600, 0.2500000000000003300 ) ) ;
#1885 = EDGE_LOOP ( 'NONE', ( #3206, #1669, #200, #3822 ) ) ;
#1886 = DIRECTION ( 'NONE',  ( -1.000000000000000000, 0.0000000000000000000, 0.0000000000000000000 ) ) ;
#1887 = FACE_OUTER_BOUND ( 'NONE', #5313, .T. ) ;
#1888 = ORIENTED_EDGE ( 'NONE', *, *, #1736, .T. ) ;
#1889 = ADVANCED_FACE ( 'NONE', ( #3103 ), #1535, .F. ) ;
#1890 = VERTEX_POINT ( 'NONE', #610 ) ;
#1891 = CARTESIAN_POINT ( 'NONE',  ( -5.250000000000000900, 4.800000000000000700, -0.2500000000000001100 ) ) ;
#1892 = VECTOR ( 'NONE', #6124, 999.9999999999998900 ) ;
#1893 = ORIENTED_EDGE ( 'NONE', *, *, #3868, .T. ) ;
#1894 = CARTESIAN_POINT ( 'NONE',  ( 6.299999999999999800, 4.000000000000001800, 1.700000000000000000 ) ) ;
#1895 = FACE_OUTER_BOUND ( 'NONE', #1520, .T. ) ;
#1896 = EDGE_CURVE ( 'NONE', #5656, #3870, #646, .T. ) ;
#1897 = EDGE_CURVE ( 'NONE', #3594, #579, #4407, .T. ) ;
#1898 = EDGE_LOOP ( 'NONE', ( #2980, #2357, #3359, #4117 ) ) ;
#1899 = ORIENTED_EDGE ( 'NONE', *, *, #2513, .F. ) ;
#1900 = LINE ( 'NONE', #1015, #5303 ) ;
#1901 = DIRECTION ( 'NONE',  ( -1.000000000000000000, -4.818676322157797400E-016, 0.0000000000000000000 ) ) ;
#1902 = DIRECTION ( 'NONE',  ( 0.0000000000000000000, 0.0000000000000000000, -1.000000000000000000 ) ) ;
#1903 = CARTESIAN_POINT ( 'NONE',  ( -5.250000000000000900, 0.1999999999999999600, -0.2500000000000000600 ) ) ;
#1904 = ADVANCED_FACE ( 'NONE', ( #342 ), #5479, .F. ) ;
#1905 = EDGE_LOOP ( 'NONE', ( #3497, #2327, #3906, #814 ) ) ;
#1906 = VECTOR ( 'NONE', #2717, 1000.000000000000000 ) ;
#1907 = EDGE_CURVE ( 'NONE', #5449, #2417, #1080, .T. ) ;
#1908 = CARTESIAN_POINT ( 'NONE',  ( -4.877389581993171900, 4.800000000000000700, -0.1226104180068291200 ) ) ;
#1909 = EDGE_LOOP ( 'NONE', ( #624, #595, #2427, #4395 ) ) ;
#1910 = VECTOR ( 'NONE', #2995, 1000.000000000000000 ) ;
#1911 = DIRECTION ( 'NONE',  ( 0.0000000000000000000, 0.0000000000000000000, -1.000000000000000000 ) ) ;
#1912 = ORIENTED_EDGE ( 'NONE', *, *, #4475, .T. ) ;
#1913 = CARTESIAN_POINT ( 'NONE',  ( 4.249999999999999100, -9.184850993605157100E-017, -2.799999999999999800 ) ) ;
#1914 = FACE_OUTER_BOUND ( 'NONE', #5939, .T. ) ;
#1915 = ORIENTED_EDGE ( 'NONE', *, *, #4782, .F. ) ;
#1916 = CARTESIAN_POINT ( 'NONE',  ( -5.250000000000000900, 0.1999999999999999600, 0.2500000000000003300 ) ) ;
#1917 = AXIS2_PLACEMENT_3D ( 'NONE', #4320, #4861, #3857 ) ;
#1918 = EDGE_LOOP ( 'NONE', ( #4283, #2644, #260, #1282 ) ) ;
#1919 = ADVANCED_FACE ( 'NONE', ( #5150 ), #3467, .F. ) ;
#1920 = LINE ( 'NONE', #1315, #3364 ) ;
#1921 = CARTESIAN_POINT ( 'NONE',  ( -1.250000000000001100, 0.1999999999999999600, -0.2500000000000000600 ) ) ;
#1922 = DIRECTION ( 'NONE',  ( -1.000000000000000000, -0.0000000000000000000, -0.0000000000000000000 ) ) ;
#1923 = VERTEX_POINT ( 'NONE', #2576 ) ;
#1924 = PLANE ( 'NONE',  #5664 ) ;
#1925 = CARTESIAN_POINT ( 'NONE',  ( 4.750000000000000900, -3.098729330862456200, -0.3069788004364776800 ) ) ;
#1926 = LINE ( 'NONE', #2127, #6143 ) ;
#1927 = VECTOR ( 'NONE', #477, 1000.000000000000000 ) ;
#1928 = ORIENTED_EDGE ( 'NONE', *, *, #932, .F. ) ;
#1929 = PLANE ( 'NONE',  #2950 ) ;
#1930 = EDGE_CURVE ( 'NONE', #4249, #1659, #2185, .T. ) ;
#1931 = LINE ( 'NONE', #3150, #3380 ) ;
#1932 = DIRECTION ( 'NONE',  ( -1.284980352575413100E-015, -1.000000000000000000, -0.0000000000000000000 ) ) ;
#1933 = ADVANCED_FACE ( 'NONE', ( #4031 ), #6011, .F. ) ;
#1934 = EDGE_CURVE ( 'NONE', #5056, #5651, #4624, .T. ) ;
#1935 = ORIENTED_EDGE ( 'NONE', *, *, #2190, .F. ) ;
#1936 = CARTESIAN_POINT ( 'NONE',  ( 0.7499999999999988900, -7.507106781186548600, -0.2500000000000001100 ) ) ;
#1937 = DIRECTION ( 'NONE',  ( -1.000000000000000000, -0.0000000000000000000, -0.0000000000000000000 ) ) ;
#1938 = CARTESIAN_POINT ( 'NONE',  ( -3.750000000000000900, -9.184850993605157100E-017, -2.799999999999999800 ) ) ;
#1939 = LINE ( 'NONE', #1184, #692 ) ;
#1940 = VECTOR ( 'NONE', #4396, 1000.000000000000000 ) ;
#1941 = ORIENTED_EDGE ( 'NONE', *, *, #2993, .T. ) ;
#1942 = DIRECTION ( 'NONE',  ( 1.000000000000000000, 0.0000000000000000000, 0.0000000000000000000 ) ) ;
#1943 = DIRECTION ( 'NONE',  ( -0.0000000000000000000, -0.0000000000000000000, 1.000000000000000000 ) ) ;
#1944 = DIRECTION ( 'NONE',  ( 0.0000000000000000000, -1.000000000000000000, -2.710505431213762100E-016 ) ) ;
#1945 = LINE ( 'NONE', #1834, #472 ) ;
#1946 = ORIENTED_EDGE ( 'NONE', *, *, #1078, .F. ) ;
#1947 = ORIENTED_EDGE ( 'NONE', *, *, #3495, .T. ) ;
#1948 = ADVANCED_FACE ( 'NONE', ( #197 ), #3624, .F. ) ;
#1949 = VECTOR ( 'NONE', #4455, 1000.000000000000000 ) ;
#1950 = EDGE_LOOP ( 'NONE', ( #79, #5000, #1869, #2335 ) ) ;
#1951 = PLANE ( 'NONE',  #5162 ) ;
#1952 = ORIENTED_EDGE ( 'NONE', *, *, #2027, .T. ) ;
#1953 = AXIS2_PLACEMENT_3D ( 'NONE', #5297, #5258, #1384 ) ;
#1954 = ORIENTED_EDGE ( 'NONE', *, *, #2277, .F. ) ;
#1955 = EDGE_CURVE ( 'NONE', #2134, #3468, #1746, .T. ) ;
#1956 = ORIENTED_EDGE ( 'NONE', *, *, #2886, .F. ) ;
#1957 = DIRECTION ( 'NONE',  ( -1.000000000000000000, -0.0000000000000000000, -0.0000000000000000000 ) ) ;
#1958 = CARTESIAN_POINT ( 'NONE',  ( 0.2499999999999993600, 0.1999999999999999300, -2.799999999999999800 ) ) ;
#1959 = SHAPE_REPRESENTATION ( 'B6B-PH-K', ( #4548, #1310 ), #2377 ) ;
#1960 = ORIENTED_EDGE ( 'NONE', *, *, #406, .T. ) ;
#1961 = VECTOR ( 'NONE', #3254, 1000.000000000000000 ) ;
#1962 = DIRECTION ( 'NONE',  ( 0.3236155771181831700, -0.8891264907159895900, -0.3236155771181831700 ) ) ;
#1963 = DIRECTION ( 'NONE',  ( -0.0000000000000000000, -0.0000000000000000000, -1.000000000000000000 ) ) ;
#1964 = DIRECTION ( 'NONE',  ( -0.0000000000000000000, 0.0000000000000000000, 1.000000000000000000 ) ) ;
#1965 = ORIENTED_EDGE ( 'NONE', *, *, #2107, .F. ) ;
#1966 = ORIENTED_EDGE ( 'NONE', *, *, #6072, .F. ) ;
#1967 = LINE ( 'NONE', #882, #4035 ) ;
#1968 = AXIS2_PLACEMENT_3D ( 'NONE', #3415, #2852, #525 ) ;
#1969 = ORIENTED_EDGE ( 'NONE', *, *, #4078, .T. ) ;
#1970 = DIRECTION ( 'NONE',  ( 0.0000000000000000000, -2.478176394252581100E-016, 1.000000000000000000 ) ) ;
#1971 = DIRECTION ( 'NONE',  ( 0.9396926207859090900, -0.3420201433256669400, -0.0000000000000000000 ) ) ;
#1972 = EDGE_CURVE ( 'NONE', #1059, #2894, #1598, .T. ) ;
#1973 = LINE ( 'NONE', #5741, #5896 ) ;
#1974 = VERTEX_POINT ( 'NONE', #4135 ) ;
#1975 = CARTESIAN_POINT ( 'NONE',  ( -2.750000000000000900, -6.505213034913026600E-016, 0.2499999999999998900 ) ) ;
#1976 = AXIS2_PLACEMENT_3D ( 'NONE', #4334, #2340, #532 ) ;
#1977 = VECTOR ( 'NONE', #2467, 999.9999999999998900 ) ;
#1978 = EDGE_CURVE ( 'NONE', #993, #2470, #1298, .T. ) ;
#1979 = ORIENTED_EDGE ( 'NONE', *, *, #803, .F. ) ;
#1980 = CARTESIAN_POINT ( 'NONE',  ( -1.109769791640811100, 4.835279330992293000, -0.1097697916408099700 ) ) ;
#1981 = DIRECTION ( 'NONE',  ( 0.3236155771181831700, -0.8891264907159895900, -0.3236155771181831700 ) ) ;
#1982 = CARTESIAN_POINT ( 'NONE',  ( 1.249999999999999300, -7.507106781186548600, 0.2500000000000003300 ) ) ;
#1983 = DIRECTION ( 'NONE',  ( -0.0000000000000000000, 1.000000000000000000, 2.478176394252581100E-016 ) ) ;
#1984 = LINE ( 'NONE', #3988, #4425 ) ;
#1985 = ORIENTED_EDGE ( 'NONE', *, *, #2096, .T. ) ;
#1986 = ORIENTED_EDGE ( 'NONE', *, *, #2712, .F. ) ;
#1987 = EDGE_LOOP ( 'NONE', ( #1928, #6136, #5279, #5082 ) ) ;
#1988 = CARTESIAN_POINT ( 'NONE',  ( -5.250000000000000900, -0.9370666808418981500, 0.1727116369391203400 ) ) ;
#1989 = UNCERTAINTY_MEASURE_WITH_UNIT (LENGTH_MEASURE( 1.000000000000000100E-005 ), #5356, 'distance_accuracy_value', 'NONE');
#1990 = EDGE_CURVE ( 'NONE', #5948, #3882, #1816, .T. ) ;
#1991 = CARTESIAN_POINT ( 'NONE',  ( 6.300000000000000700, 4.099999999999999600, -0.5500000000000001600 ) ) ;
#1992 = LINE ( 'NONE', #468, #2906 ) ;
#1993 = ORIENTED_EDGE ( 'NONE', *, *, #5586, .F. ) ;
#1994 = ORIENTED_EDGE ( 'NONE', *, *, #1301, .F. ) ;
#1995 = VECTOR ( 'NONE', #2136, 1000.000000000000000 ) ;
#1996 = DIRECTION ( 'NONE',  ( -1.000000000000000000, 0.0000000000000000000, -0.0000000000000000000 ) ) ;
#1997 = DIRECTION ( 'NONE',  ( 1.000000000000000000, -0.0000000000000000000, 0.0000000000000000000 ) ) ;
#1998 = CARTESIAN_POINT ( 'NONE',  ( 5.249999999999999100, 0.1999999999999999800, 0.2499999999999999400 ) ) ;
#1999 = ORIENTED_EDGE ( 'NONE', *, *, #4766, .T. ) ;
#2000 = VECTOR ( 'NONE', #2933, 1000.000000000000000 ) ;
#2001 = CARTESIAN_POINT ( 'NONE',  ( -5.250000000000000900, -6.505213034913026600E-016, -0.2500000000000001100 ) ) ;
#2002 = DIRECTION ( 'NONE',  ( 0.0000000000000000000, 1.000000000000000000, 0.0000000000000000000 ) ) ;
#2003 = LINE ( 'NONE', #2827, #5116 ) ;
#2004 = CARTESIAN_POINT ( 'NONE',  ( 5.299999999999999800, 6.000000000000000000, 1.499999999999999800 ) ) ;
#2005 = ORIENTED_EDGE ( 'NONE', *, *, #1349, .F. ) ;
#2006 = EDGE_CURVE ( 'NONE', #3166, #1364, #4178, .T. ) ;
#2007 = PRESENTATION_STYLE_ASSIGNMENT (( #4023 ) ) ;
#2008 = DIRECTION ( 'NONE',  ( 0.0000000000000000000, 1.000000000000000000, 2.710505431213762100E-016 ) ) ;
#2009 = LINE ( 'NONE', #1515, #245 ) ;
#2010 = DIRECTION ( 'NONE',  ( 1.000000000000000000, 0.0000000000000000000, 0.0000000000000000000 ) ) ;
#2011 = DIRECTION ( 'NONE',  ( -0.0000000000000000000, -0.0000000000000000000, -1.000000000000000000 ) ) ;
#2012 = ORIENTED_EDGE ( 'NONE', *, *, #5201, .F. ) ;
#2013 = AXIS2_PLACEMENT_3D ( 'NONE', #2411, #5797, #2903 ) ;
#2014 = FACE_OUTER_BOUND ( 'NONE', #3636, .T. ) ;
#2015 = CARTESIAN_POINT ( 'NONE',  ( 4.749999999999999100, -6.505213034913026600E-016, 0.2499999999999998900 ) ) ;
#2016 = EDGE_CURVE ( 'NONE', #5828, #5894, #5290, .T. ) ;
#2017 = DIRECTION ( 'NONE',  ( 0.9396926207859090900, 0.3368240888334635400, -0.05939117461388476700 ) ) ;
#2018 = VERTEX_POINT ( 'NONE', #215 ) ;
#2019 = CARTESIAN_POINT ( 'NONE',  ( 4.750000000000000900, -1.110714858508829600, -0.6575193899513287500 ) ) ;
#2020 = EDGE_LOOP ( 'NONE', ( #2248, #1294, #4136, #1104 ) ) ;
#2021 = VECTOR ( 'NONE', #1773, 1000.000000000000100 ) ;
#2022 = AXIS2_PLACEMENT_3D ( 'NONE', #4658, #4199, #2231 ) ;
#2023 = ORIENTED_EDGE ( 'NONE', *, *, #2736, .T. ) ;
#2024 = CARTESIAN_POINT ( 'NONE',  ( 5.749999999999999100, 0.2000000000000000100, 1.699999999999999700 ) ) ;
#2025 = ORIENTED_EDGE ( 'NONE', *, *, #2664, .T. ) ;
#2026 = ORIENTED_EDGE ( 'NONE', *, *, #5974, .F. ) ;
#2027 = EDGE_CURVE ( 'NONE', #3134, #4935, #1155, .T. ) ;
#2028 = ORIENTED_EDGE ( 'NONE', *, *, #3293, .T. ) ;
#2029 = DIRECTION ( 'NONE',  ( 1.000000000000000000, 0.0000000000000000000, 0.0000000000000000000 ) ) ;
#2030 = PLANE ( 'NONE',  #5571 ) ;
#2031 = CARTESIAN_POINT ( 'NONE',  ( 6.950000000000000200, 0.8000000000000001600, 1.927470528863117300E-016 ) ) ;
#2032 = ORIENTED_EDGE ( 'NONE', *, *, #2370, .F. ) ;
#2033 = PLANE ( 'NONE',  #4108 ) ;
#2034 = EDGE_CURVE ( 'NONE', #855, #4470, #2730, .T. ) ;
#2035 = CARTESIAN_POINT ( 'NONE',  ( -6.299999999999999800, 4.000000000000000000, 1.700000000000000000 ) ) ;
#2036 = LINE ( 'NONE', #374, #5747 ) ;
#2037 = DIRECTION ( 'NONE',  ( 0.0000000000000000000, -0.0000000000000000000, 1.000000000000000000 ) ) ;
#2038 = ORIENTED_EDGE ( 'NONE', *, *, #1760, .F. ) ;
#2039 = VECTOR ( 'NONE', #6165, 1000.000000000000000 ) ;
#2040 = CARTESIAN_POINT ( 'NONE',  ( -5.299999999999999800, 4.000000000000000000, 1.700000000000000000 ) ) ;
#2041 = ORIENTED_EDGE ( 'NONE', *, *, #5556, .T. ) ;
#2042 = CARTESIAN_POINT ( 'NONE',  ( 6.950000000000000200, 0.0000000000000000000, 0.0000000000000000000 ) ) ;
#2043 = CARTESIAN_POINT ( 'NONE',  ( 6.950000000000000200, 0.0000000000000000000, -2.799999999999999400 ) ) ;
#2044 = EDGE_CURVE ( 'NONE', #3529, #112, #4699, .T. ) ;
#2045 = CARTESIAN_POINT ( 'NONE',  ( -4.750000000000000900, -1.110714858508829600, 0.6575193899513287500 ) ) ;
#2046 = EDGE_CURVE ( 'NONE', #768, #3265, #4779, .T. ) ;
#2047 = ORIENTED_EDGE ( 'NONE', *, *, #894, .T. ) ;
#2048 = VECTOR ( 'NONE', #5165, 1000.000000000000000 ) ;
#2049 = CARTESIAN_POINT ( 'NONE',  ( 5.122610418006829900, 4.800000000000000700, -0.2500000000000003300 ) ) ;
#2050 = CARTESIAN_POINT ( 'NONE',  ( -3.750000000000000900, -4.607859233063394800E-016, 1.699999999999999700 ) ) ;
#2051 = MECHANICAL_DESIGN_GEOMETRIC_PRESENTATION_REPRESENTATION (  '', ( #6133 ), #2918 ) ;
#2052 = VERTEX_POINT ( 'NONE', #5017 ) ;
#2053 = DIRECTION ( 'NONE',  ( 0.0000000000000000000, -1.000000000000000000, -2.710505431213762100E-016 ) ) ;
#2054 = AXIS2_PLACEMENT_3D ( 'NONE', #3968, #227, #5010 ) ;
#2055 = EDGE_CURVE ( 'NONE', #5232, #4201, #53, .T. ) ;
#2056 = VECTOR ( 'NONE', #6075, 999.9999999999998900 ) ;
#2057 = ORIENTED_EDGE ( 'NONE', *, *, #2669, .F. ) ;
#2058 = FACE_OUTER_BOUND ( 'NONE', #1018, .T. ) ;
#2059 = CARTESIAN_POINT ( 'NONE',  ( -4.750000000000000900, -0.9370666808418981500, -0.3272883630608796600 ) ) ;
#2060 = EDGE_LOOP ( 'NONE', ( #4929, #5591, #2318, #371 ) ) ;
#2061 = PLANE ( 'NONE',  #5994 ) ;
#2062 = VECTOR ( 'NONE', #784, 1000.000000000000000 ) ;
#2063 = ORIENTED_EDGE ( 'NONE', *, *, #1897, .F. ) ;
#2064 = FACE_OUTER_BOUND ( 'NONE', #1909, .T. ) ;
#2065 = EDGE_LOOP ( 'NONE', ( #991, #2596, #5773, #4850 ) ) ;
#2066 = VERTEX_POINT ( 'NONE', #5993 ) ;
#2067 = DIRECTION ( 'NONE',  ( 0.0000000000000000000, -2.478176394252581100E-016, 1.000000000000000000 ) ) ;
#2068 = LINE ( 'NONE', #4644, #2838 ) ;
#2069 = CARTESIAN_POINT ( 'NONE',  ( 0.8902302083591902000, -3.435279330992292700, 0.1097697916408098100 ) ) ;
#2070 = EDGE_CURVE ( 'NONE', #1713, #1208, #5818, .T. ) ;
#2071 = CARTESIAN_POINT ( 'NONE',  ( 3.749999999999999100, 0.2000000000000000100, -2.799999999999999800 ) ) ;
#2072 = FACE_OUTER_BOUND ( 'NONE', #4573, .T. ) ;
#2073 = CARTESIAN_POINT ( 'NONE',  ( -6.950000000000000200, -3.566454514754936800E-017, 0.2499999999999991400 ) ) ;
#2074 = VERTEX_POINT ( 'NONE', #233 ) ;
#2075 = DIRECTION ( 'NONE',  ( 0.0000000000000000000, 0.0000000000000000000, -1.000000000000000000 ) ) ;
#2076 = CARTESIAN_POINT ( 'NONE',  ( -2.750000000000000900, 0.1999999999999999800, 0.2499999999999998900 ) ) ;
#2077 = VECTOR ( 'NONE', #5052, 1000.000000000000000 ) ;
#2078 = ORIENTED_EDGE ( 'NONE', *, *, #4661, .T. ) ;
#2079 = CARTESIAN_POINT ( 'NONE',  ( -4.250000000000002700, 1.749999999999999300, -2.099999999999944600 ) ) ;
#2080 = DIRECTION ( 'NONE',  ( 0.0000000000000000000, 0.0000000000000000000, -1.000000000000000000 ) ) ;
#2081 = FACE_OUTER_BOUND ( 'NONE', #5214, .T. ) ;
#2082 = AXIS2_PLACEMENT_3D ( 'NONE', #4731, #1376, #927 ) ;
#2083 = VECTOR ( 'NONE', #93, 1000.000000000000000 ) ;
#2084 = EDGE_CURVE ( 'NONE', #3444, #4686, #3881, .T. ) ;
#2085 = ORIENTED_EDGE ( 'NONE', *, *, #6127, .T. ) ;
#2086 = CARTESIAN_POINT ( 'NONE',  ( -4.750000000000000900, 4.800000000000000700, 0.2500000000000003300 ) ) ;
#2087 = LINE ( 'NONE', #328, #922 ) ;
#2088 = DIRECTION ( 'NONE',  ( 4.336808689942013800E-016, -1.000000000000000000, 0.0000000000000000000 ) ) ;
#2089 = CARTESIAN_POINT ( 'NONE',  ( -2.750000000000000900, 4.449999999999999300, 0.2500000000000003300 ) ) ;
#2090 = ORIENTED_EDGE ( 'NONE', *, *, #2847, .T. ) ;
#2091 =( GEOMETRIC_REPRESENTATION_CONTEXT ( 3 ) GLOBAL_UNCERTAINTY_ASSIGNED_CONTEXT ( ( #72 ) ) GLOBAL_UNIT_ASSIGNED_CONTEXT ( ( #3606, #4080, #3672 ) ) REPRESENTATION_CONTEXT ( 'NONE', 'WORKASPACE' ) );
#2092 = EDGE_LOOP ( 'NONE', ( #2648, #6066, #2700, #3797 ) ) ;
#2093 = ORIENTED_EDGE ( 'NONE', *, *, #947, .T. ) ;
#2094 = DIRECTION ( 'NONE',  ( 0.9396926207859093200, 0.3420201433256664900, -0.0000000000000000000 ) ) ;
#2095 = ORIENTED_EDGE ( 'NONE', *, *, #2291, .F. ) ;
#2096 = EDGE_CURVE ( 'NONE', #3870, #6031, #2036, .T. ) ;
#2097 = FACE_OUTER_BOUND ( 'NONE', #1805, .T. ) ;
#2098 = DIRECTION ( 'NONE',  ( -1.000000000000000000, 0.0000000000000000000, 0.0000000000000000000 ) ) ;
#2099 = VERTEX_POINT ( 'NONE', #3758 ) ;
#2100 = ORIENTED_EDGE ( 'NONE', *, *, #2479, .F. ) ;
#2101 = PRODUCT_DEFINITION_SHAPE ( 'NONE', 'NONE',  #6206 ) ;
#2102 = ORIENTED_EDGE ( 'NONE', *, *, #486, .F. ) ;
#2103 = ORIENTED_EDGE ( 'NONE', *, *, #5701, .T. ) ;
#2104 = LINE ( 'NONE', #5121, #4471 ) ;
#2105 = PLANE ( 'NONE',  #5125 ) ;
#2106 = ORIENTED_EDGE ( 'NONE', *, *, #3692, .F. ) ;
#2107 = EDGE_CURVE ( 'NONE', #1036, #5056, #4481, .T. ) ;
#2108 = LINE ( 'NONE', #3716, #860 ) ;
#2109 = FILL_AREA_STYLE_COLOUR ( '', #970 ) ;
#2110 = EDGE_LOOP ( 'NONE', ( #6101, #5096, #4592, #6044 ) ) ;
#2111 = DIRECTION ( 'NONE',  ( 1.000000000000000000, 0.0000000000000000000, 0.0000000000000000000 ) ) ;
#2112 = CARTESIAN_POINT ( 'NONE',  ( -1.250000000000001100, 4.449999999999999300, -0.2500000000000001100 ) ) ;
#2113 = ORIENTED_EDGE ( 'NONE', *, *, #1102, .F. ) ;
#2114 = LINE ( 'NONE', #4009, #1011 ) ;
#2115 = DIRECTION ( 'NONE',  ( 0.0000000000000000000, 0.0000000000000000000, -1.000000000000000000 ) ) ;
#2116 = CARTESIAN_POINT ( 'NONE',  ( 6.899999999999993200, 3.099999999999994300, -2.399999999999991500 ) ) ;
#2117 = ORIENTED_EDGE ( 'NONE', *, *, #586, .F. ) ;
#2118 = EDGE_LOOP ( 'NONE', ( #183, #2267, #2633, #1458 ) ) ;
#2119 = CARTESIAN_POINT ( 'NONE',  ( -3.250000000000001300, 1.749999999999998900, 0.2500000000000003300 ) ) ;
#2120 = FACE_OUTER_BOUND ( 'NONE', #362, .T. ) ;
#2121 = ORIENTED_EDGE ( 'NONE', *, *, #2259, .F. ) ;
#2122 = DIRECTION ( 'NONE',  ( 0.0000000000000000000, -0.0000000000000000000, 1.000000000000000000 ) ) ;
#2123 = DIRECTION ( 'NONE',  ( -1.000000000000000000, 0.0000000000000000000, -0.0000000000000000000 ) ) ;
#2124 = DIRECTION ( 'NONE',  ( -4.818676322157796400E-016, 1.000000000000000000, -0.0000000000000000000 ) ) ;
#2125 = VECTOR ( 'NONE', #6112, 1000.000000000000000 ) ;
#2126 = EDGE_LOOP ( 'NONE', ( #67, #6160, #3682, #5672, #4211, #5532, #3132, #2977 ) ) ;
#2127 = CARTESIAN_POINT ( 'NONE',  ( 6.950000000000000200, 0.2000000000000002900, 1.699999999999999700 ) ) ;
#2128 = EDGE_CURVE ( 'NONE', #4516, #1030, #3031, .T. ) ;
#2129 = LINE ( 'NONE', #3924, #3274 ) ;
#2130 = CARTESIAN_POINT ( 'NONE',  ( 5.749999999999999100, -9.629649721936179300E-032, -2.799999999999999800 ) ) ;
#2131 = CARTESIAN_POINT ( 'NONE',  ( 5.799999999999999800, 4.000000000000001800, 1.499999999999999800 ) ) ;
#2132 = EDGE_CURVE ( 'NONE', #3444, #4842, #5002, .T. ) ;
#2133 = LINE ( 'NONE', #258, #222 ) ;
#2134 = VERTEX_POINT ( 'NONE', #5621 ) ;
#2135 = ORIENTED_EDGE ( 'NONE', *, *, #5389, .F. ) ;
#2136 = DIRECTION ( 'NONE',  ( -1.284980352575413100E-015, -1.000000000000000000, -0.0000000000000000000 ) ) ;
#2137 = CARTESIAN_POINT ( 'NONE',  ( 4.750000000000000900, -0.9370666808418981500, 0.3272883630608796600 ) ) ;
#2138 = AXIS2_PLACEMENT_3D ( 'NONE', #5429, #5870, #5539 ) ;
#2139 = LINE ( 'NONE', #6062, #6135 ) ;
#2140 = DIRECTION ( 'NONE',  ( -0.0000000000000000000, 1.000000000000000000, 2.478176394252581100E-016 ) ) ;
#2141 = VERTEX_POINT ( 'NONE', #792 ) ;
#2142 = ORIENTED_EDGE ( 'NONE', *, *, #1464, .T. ) ;
#2143 = LINE ( 'NONE', #5964, #3834 ) ;
#2144 = DIRECTION ( 'NONE',  ( -1.000000000000000000, -0.0000000000000000000, -0.0000000000000000000 ) ) ;
#2145 = PLANE ( 'NONE',  #3276 ) ;
#2146 = FACE_OUTER_BOUND ( 'NONE', #1536, .T. ) ;
#2147 = CARTESIAN_POINT ( 'NONE',  ( 5.250000000000000900, -0.9370666808418981500, 0.3272883630608796600 ) ) ;
#2148 = ORIENTED_EDGE ( 'NONE', *, *, #5669, .T. ) ;
#2149 = LINE ( 'NONE', #5977, #2684 ) ;
#2150 = DIRECTION ( 'NONE',  ( 1.000000000000000000, -0.0000000000000000000, 0.0000000000000000000 ) ) ;
#2151 = VECTOR ( 'NONE', #5679, 1000.000000000000000 ) ;
#2152 = CARTESIAN_POINT ( 'NONE',  ( 5.300000000000000700, 2.200000000000001100, 1.100000000000056700 ) ) ;
#2153 = DIRECTION ( 'NONE',  ( 0.3236155771181831700, -0.8891264907159895900, -0.3236155771181831700 ) ) ;
#2154 = EDGE_CURVE ( 'NONE', #1660, #441, #2416, .T. ) ;
#2155 = DIRECTION ( 'NONE',  ( -0.0000000000000000000, 1.000000000000000000, 2.478176394252581100E-016 ) ) ;
#2156 = ORIENTED_EDGE ( 'NONE', *, *, #2724, .T. ) ;
#2157 = VECTOR ( 'NONE', #3610, 1000.000000000000000 ) ;
#2158 = VECTOR ( 'NONE', #3325, 1000.000000000000000 ) ;
#2159 = CARTESIAN_POINT ( 'NONE',  ( 1.249999999999999300, -3.049999999999997200, -0.2500000000000001100 ) ) ;
#2160 = ORIENTED_EDGE ( 'NONE', *, *, #3901, .F. ) ;
#2161 = DIRECTION ( 'NONE',  ( -1.000000000000000000, -5.421010862427523400E-017, 0.0000000000000000000 ) ) ;
#2162 = VECTOR ( 'NONE', #3332, 1000.000000000000000 ) ;
#2163 = FACE_OUTER_BOUND ( 'NONE', #4668, .T. ) ;
#2164 = ORIENTED_EDGE ( 'NONE', *, *, #3036, .F. ) ;
#2165 = DIRECTION ( 'NONE',  ( 0.0000000000000000000, -1.000000000000000000, -2.710505431213762100E-016 ) ) ;
#2166 = PLANE ( 'NONE',  #248 ) ;
#2167 = VERTEX_POINT ( 'NONE', #835 ) ;
#2168 = EDGE_CURVE ( 'NONE', #865, #4915, #938, .T. ) ;
#2169 = VECTOR ( 'NONE', #2140, 1000.000000000000000 ) ;
#2170 = EDGE_CURVE ( 'NONE', #4570, #4166, #492, .T. ) ;
#2171 = ORIENTED_EDGE ( 'NONE', *, *, #596, .T. ) ;
#2172 = DIRECTION ( 'NONE',  ( 1.000000000000000000, -0.0000000000000000000, 0.0000000000000000000 ) ) ;
#2173 = CARTESIAN_POINT ( 'NONE',  ( 5.250000000000000900, -1.023890769675363900, -0.1651155134452243500 ) ) ;
#2174 = VERTEX_POINT ( 'NONE', #2733 ) ;
#2175 = DIRECTION ( 'NONE',  ( -0.0000000000000000000, -0.3420201433256664900, -0.9396926207859093200 ) ) ;
#2176 = ORIENTED_EDGE ( 'NONE', *, *, #101, .F. ) ;
#2177 = DIRECTION ( 'NONE',  ( 0.0000000000000000000, 0.0000000000000000000, 1.000000000000000000 ) ) ;
#2178 = AXIS2_PLACEMENT_3D ( 'NONE', #3536, #663, #2588 ) ;
#2179 = ORIENTED_EDGE ( 'NONE', *, *, #5572, .T. ) ;
#2180 = DIRECTION ( 'NONE',  ( 0.0000000000000000000, 1.000000000000000000, 0.0000000000000000000 ) ) ;
#2181 = EDGE_CURVE ( 'NONE', #508, #5796, #3567, .T. ) ;
#2182 = VERTEX_POINT ( 'NONE', #2754 ) ;
#2183 = ORIENTED_EDGE ( 'NONE', *, *, #5261, .T. ) ;
#2184 = VERTEX_POINT ( 'NONE', #353 ) ;
#2185 = LINE ( 'NONE', #731, #2266 ) ;
#2186 = CARTESIAN_POINT ( 'NONE',  ( -5.250000000000000900, -1.110714858508829600, 0.6575193899513287500 ) ) ;
#2187 = DIRECTION ( 'NONE',  ( 0.0000000000000000000, 0.0000000000000000000, -1.000000000000000000 ) ) ;
#2188 = DIRECTION ( 'NONE',  ( -0.0000000000000000000, -0.0000000000000000000, 1.000000000000000000 ) ) ;
#2189 = ORIENTED_EDGE ( 'NONE', *, *, #5457, .T. ) ;
#2190 = EDGE_CURVE ( 'NONE', #5796, #286, #2108, .T. ) ;
#2191 = LINE ( 'NONE', #3218, #3338 ) ;
#2192 = CARTESIAN_POINT ( 'NONE',  ( -6.299999999999999800, 1.749999999999999800, -2.399999999999944000 ) ) ;
#2193 = CARTESIAN_POINT ( 'NONE',  ( -0.2500000000000011100, -9.629649721936179300E-032, -2.799999999999999800 ) ) ;
#2194 = CARTESIAN_POINT ( 'NONE',  ( 2.749999999999999100, -3.399999999999999900, 0.1226104180068293400 ) ) ;
#2195 = CARTESIAN_POINT ( 'NONE',  ( 1.749999999999998900, 0.2000000000000000100, 1.699999999999999700 ) ) ;
#2196 = DIRECTION ( 'NONE',  ( 0.0000000000000000000, 0.0000000000000000000, 1.000000000000000000 ) ) ;
#2197 = ORIENTED_EDGE ( 'NONE', *, *, #2170, .T. ) ;
#2198 = AXIS2_PLACEMENT_3D ( 'NONE', #1720, #2721, #636 ) ;
#2199 = EDGE_LOOP ( 'NONE', ( #1483, #4506, #5071, #2722 ) ) ;
#2200 = DIRECTION ( 'NONE',  ( 1.000000000000000000, 0.0000000000000000000, 0.0000000000000000000 ) ) ;
#2201 = ORIENTED_EDGE ( 'NONE', *, *, #4044, .T. ) ;
#2202 = CARTESIAN_POINT ( 'NONE',  ( 6.950000000000000200, 0.0000000000000000000, 0.0000000000000000000 ) ) ;
#2203 = LINE ( 'NONE', #3528, #5763 ) ;
#2204 = AXIS2_PLACEMENT_3D ( 'NONE', #4043, #2088, #4062 ) ;
#2205 = EDGE_CURVE ( 'NONE', #1076, #4516, #6184, .T. ) ;
#2206 = VERTEX_POINT ( 'NONE', #334 ) ;
#2207 = CARTESIAN_POINT ( 'NONE',  ( 6.950000000000000200, 4.099999999999999600, -0.5500000000000001600 ) ) ;
#2208 = CARTESIAN_POINT ( 'NONE',  ( 2.249999999999999600, 0.1999999999999999300, -2.799999999999999800 ) ) ;
#2209 = ORIENTED_EDGE ( 'NONE', *, *, #4078, .F. ) ;
#2210 = FACE_OUTER_BOUND ( 'NONE', #4612, .T. ) ;
#2211 = VERTEX_POINT ( 'NONE', #1322 ) ;
#2212 = ORIENTED_EDGE ( 'NONE', *, *, #538, .T. ) ;
#2213 = EDGE_CURVE ( 'NONE', #3670, #3932, #5967, .T. ) ;
#2214 = LINE ( 'NONE', #1704, #2366 ) ;
#2215 = CARTESIAN_POINT ( 'NONE',  ( -6.299999999999998900, 2.199999999999999700, 1.700000000000000000 ) ) ;
#2216 =( NAMED_UNIT ( * ) PLANE_ANGLE_UNIT ( ) SI_UNIT ( $, .RADIAN. ) );
#2217 = ORIENTED_EDGE ( 'NONE', *, *, #4044, .F. ) ;
#2218 = DIRECTION ( 'NONE',  ( 1.000000000000000000, 0.0000000000000000000, 0.0000000000000000000 ) ) ;
#2219 = EDGE_CURVE ( 'NONE', #4552, #3389, #640, .T. ) ;
#2220 = DIRECTION ( 'NONE',  ( -1.284980352575413100E-015, 1.000000000000000000, 0.0000000000000000000 ) ) ;
#2221 = VECTOR ( 'NONE', #4091, 999.9999999999998900 ) ;
#2222 = ORIENTED_EDGE ( 'NONE', *, *, #586, .T. ) ;
#2223 = LINE ( 'NONE', #4461, #155 ) ;
#2224 = VERTEX_POINT ( 'NONE', #1731 ) ;
#2225 = DIRECTION ( 'NONE',  ( -1.000000000000000000, -1.284980352575412900E-015, 0.0000000000000000000 ) ) ;
#2226 = CARTESIAN_POINT ( 'NONE',  ( -5.250000000000000900, -6.505213034913026600E-016, 0.2499999999999998900 ) ) ;
#2227 = CIRCLE ( 'NONE', #4600, 1.000000000000000400 ) ;
#2228 = ORIENTED_EDGE ( 'NONE', *, *, #5858, .F. ) ;
#2229 = EDGE_CURVE ( 'NONE', #2322, #5820, #416, .T. ) ;
#2230 = CARTESIAN_POINT ( 'NONE',  ( 2.877389581993171000, -3.399999999999999900, -0.1226104180068291200 ) ) ;
#2231 = DIRECTION ( 'NONE',  ( 0.0000000000000000000, 5.981805089575197200E-016, 1.000000000000000000 ) ) ;
#2232 = CARTESIAN_POINT ( 'NONE',  ( -1.749999999999999100, 1.957596189432298200, -1.740432852445479100 ) ) ;
#2233 = VECTOR ( 'NONE', #1360, 1000.000000000000000 ) ;
#2234 = ORIENTED_EDGE ( 'NONE', *, *, #5623, .F. ) ;
#2235 = EDGE_LOOP ( 'NONE', ( #58, #3833, #1321, #335 ) ) ;
#2236 = AXIS2_PLACEMENT_3D ( 'NONE', #4901, #1558, #4882 ) ;
#2237 = PLANE ( 'NONE',  #1694 ) ;
#2238 = PRESENTATION_STYLE_ASSIGNMENT (( #598 ) ) ;
#2239 = CARTESIAN_POINT ( 'NONE',  ( 6.899999999999995900, 2.580384757729338800, -2.100000000000022300 ) ) ;
#2240 = DIRECTION ( 'NONE',  ( 0.0000000000000000000, 2.478176394252581100E-016, -1.000000000000000000 ) ) ;
#2241 = FACE_BOUND ( 'NONE', #1203, .T. ) ;
#2242 = DIRECTION ( 'NONE',  ( 0.0000000000000000000, -1.000000000000000000, -1.355252715606880500E-016 ) ) ;
#2243 = ORIENTED_EDGE ( 'NONE', *, *, #793, .F. ) ;
#2244 = DIRECTION ( 'NONE',  ( 0.0000000000000000000, 0.1736481776669276100, 0.9848077530122086900 ) ) ;
#2245 = VECTOR ( 'NONE', #4732, 1000.000000000000000 ) ;
#2246 = CARTESIAN_POINT ( 'NONE',  ( 3.749999999999996400, 1.749999999999999800, -2.399999999999944000 ) ) ;
#2247 = ORIENTED_EDGE ( 'NONE', *, *, #2205, .T. ) ;
#2248 = ORIENTED_EDGE ( 'NONE', *, *, #2909, .F. ) ;
#2249 = ORIENTED_EDGE ( 'NONE', *, *, #3352, .T. ) ;
#2250 = FACE_OUTER_BOUND ( 'NONE', #2653, .T. ) ;
#2251 = ADVANCED_FACE ( 'NONE', ( #1887 ), #5114, .F. ) ;
#2252 = CARTESIAN_POINT ( 'NONE',  ( 6.300000000000000700, 4.099999999999999600, 0.2499999999999996700 ) ) ;
#2253 = DIRECTION ( 'NONE',  ( 0.0000000000000000000, 0.0000000000000000000, -1.000000000000000000 ) ) ;
#2254 = CARTESIAN_POINT ( 'NONE',  ( 3.800000000000000300, 6.000000000000000900, 1.700000000000000000 ) ) ;
#2255 = CLOSED_SHELL ( 'NONE', ( #1889, #3877, #3243, #1492, #937, #815, #2875, #5251, #1396, #4787, #2358, #1873, #2269, #3685, #2330, #1256, #500, #3427, #5310, #3388, #994, #1368, #1429, #5803, #5282, #873, #437, #5237, #3216, #4316, #5690, #3269, #1801, #4085, #6200, #2814, #5691, #2773, #2452, #5221, #740, #5222, #3750, #571, #423, #6134, #1661, #1277, #4834, #3286, #4737, #3846, #3892, #5617, #6149, #4722, #886, #5789, #71, #4382, #2802, #4242, #487, #4225, #4298, #4803, #2757, #950, #1833, #5174, #3734, #5208, #1366, #2904, #1413, #5602, #4881, #3809, #361, #1933, #242, #902, #5768, #1815, #6182, #1336, #5720, #1948, #2328, #467, #1398, #3767, #3304, #2312, #5589, #5268, #3798, #1904, #4286, #3288, #710, #3257 ) ) ;
#2256 = EDGE_CURVE ( 'NONE', #6170, #3157, #3180, .T. ) ;
#2257 = VERTEX_POINT ( 'NONE', #4180 ) ;
#2258 = EDGE_LOOP ( 'NONE', ( #1147, #1985, #347, #5075, #2472, #1522, #2795, #1864, #5522, #4101, #4859, #1287 ) ) ;
#2259 = EDGE_CURVE ( 'NONE', #5960, #5894, #4928, .T. ) ;
#2260 = ORIENTED_EDGE ( 'NONE', *, *, #4716, .F. ) ;
#2261 = CARTESIAN_POINT ( 'NONE',  ( -1.250000000000001100, -3.049999999999997200, -0.2500000000000001100 ) ) ;
#2262 = CARTESIAN_POINT ( 'NONE',  ( 0.7499999999999988900, 0.1999999999999999600, -0.2500000000000000600 ) ) ;
#2263 = VERTEX_POINT ( 'NONE', #2254 ) ;
#2264 = MANIFOLD_SOLID_BREP ( 'Housing', #2255 ) ;
#2265 = AXIS2_PLACEMENT_3D ( 'NONE', #320, #2111, #3674 ) ;
#2266 = VECTOR ( 'NONE', #3133, 1000.000000000000000 ) ;
#2267 = ORIENTED_EDGE ( 'NONE', *, *, #1474, .T. ) ;
#2268 = CARTESIAN_POINT ( 'NONE',  ( 5.250000000000000900, 2.710505431213761100E-017, -0.2499999999999996700 ) ) ;
#2269 = ADVANCED_FACE ( 'NONE', ( #4099 ), #2871, .F. ) ;
#2270 = EDGE_LOOP ( 'NONE', ( #5325, #6142, #4238, #1893 ) ) ;
#2271 = VECTOR ( 'NONE', #3903, 1000.000000000000000 ) ;
#2272 = ORIENTED_EDGE ( 'NONE', *, *, #1200, .T. ) ;
#2273 = PLANE ( 'NONE',  #2979 ) ;
#2274 = CARTESIAN_POINT ( 'NONE',  ( -6.299999999999999800, 4.000000000000000000, 1.700000000000000000 ) ) ;
#2275 = VERTEX_POINT ( 'NONE', #3820 ) ;
#2276 = LINE ( 'NONE', #6123, #3194 ) ;
#2277 = EDGE_CURVE ( 'NONE', #1659, #6022, #5886, .T. ) ;
#2278 = VERTEX_POINT ( 'NONE', #2829 ) ;
#2279 = FACE_OUTER_BOUND ( 'NONE', #1004, .T. ) ;
#2280 = DIRECTION ( 'NONE',  ( -1.000000000000000000, 0.0000000000000000000, 0.0000000000000000000 ) ) ;
#2281 = DIRECTION ( 'NONE',  ( -0.0000000000000000000, 1.000000000000000000, 0.0000000000000000000 ) ) ;
#2282 = DIRECTION ( 'NONE',  ( 1.000000000000000000, 0.0000000000000000000, 0.0000000000000000000 ) ) ;
#2283 = ADVANCED_FACE ( 'NONE', ( #2955 ), #2851, .T. ) ;
#2284 = ORIENTED_EDGE ( 'NONE', *, *, #3695, .T. ) ;
#2285 = VECTOR ( 'NONE', #5164, 1000.000000000000000 ) ;
#2286 = DIRECTION ( 'NONE',  ( -0.0000000000000000000, -0.0000000000000000000, 1.000000000000000000 ) ) ;
#2287 = FACE_OUTER_BOUND ( 'NONE', #6039, .T. ) ;
#2288 = CARTESIAN_POINT ( 'NONE',  ( 3.749999999999997300, 1.749999999999999800, -2.099999999999944600 ) ) ;
#2289 = VERTEX_POINT ( 'NONE', #889 ) ;
#2290 = AXIS2_PLACEMENT_3D ( 'NONE', #1588, #3043, #5845 ) ;
#2291 = EDGE_CURVE ( 'NONE', #2174, #1240, #1737, .T. ) ;
#2292 = DIRECTION ( 'NONE',  ( -0.0000000000000000000, -0.0000000000000000000, 1.000000000000000000 ) ) ;
#2293 = CARTESIAN_POINT ( 'NONE',  ( 6.300000000000000700, 5.999999999999999100, 1.100000000000058300 ) ) ;
#2294 = SURFACE_STYLE_FILL_AREA ( #4579 ) ;
#2295 = DIRECTION ( 'NONE',  ( 0.0000000000000000000, 0.0000000000000000000, -1.000000000000000000 ) ) ;
#2296 = ORIENTED_EDGE ( 'NONE', *, *, #3036, .T. ) ;
#2297 = VECTOR ( 'NONE', #4368, 1000.000000000000000 ) ;
#2298 = ORIENTED_EDGE ( 'NONE', *, *, #910, .F. ) ;
#2299 = LINE ( 'NONE', #3064, #5403 ) ;
#2300 = CARTESIAN_POINT ( 'NONE',  ( 5.299999999999999800, 6.000000000000000000, 1.700000000000000000 ) ) ;
#2301 = CARTESIAN_POINT ( 'NONE',  ( 1.249999999999999300, 1.749999999999998900, 0.2500000000000003300 ) ) ;
#2302 = EDGE_CURVE ( 'NONE', #5661, #2884, #933, .T. ) ;
#2303 = VECTOR ( 'NONE', #199, 1000.000000000000000 ) ;
#2304 = LINE ( 'NONE', #5715, #1047 ) ;
#2305 = DIRECTION ( 'NONE',  ( 0.0000000000000000000, 2.409338161078896200E-016, -1.000000000000000000 ) ) ;
#2306 = ORIENTED_EDGE ( 'NONE', *, *, #813, .F. ) ;
#2307 = DIRECTION ( 'NONE',  ( -1.000000000000000000, -5.421010862427523400E-017, -0.0000000000000000000 ) ) ;
#2308 = CARTESIAN_POINT ( 'NONE',  ( -4.750000000000000900, -3.378708924350133800, -0.1207476902531919400 ) ) ;
#2309 = AXIS2_PLACEMENT_3D ( 'NONE', #3776, #4347, #4827 ) ;
#2310 = VECTOR ( 'NONE', #4791, 999.9999999999998900 ) ;
#2311 = EDGE_CURVE ( 'NONE', #2601, #3733, #1219, .T. ) ;
#2312 = ADVANCED_FACE ( 'NONE', ( #2869 ), #5785, .F. ) ;
#2313 = ORIENTED_EDGE ( 'NONE', *, *, #3568, .T. ) ;
#2314 = DIRECTION ( 'NONE',  ( -0.0000000000000000000, 0.0000000000000000000, 1.000000000000000000 ) ) ;
#2315 = PLANE ( 'NONE',  #1323 ) ;
#2316 = VECTOR ( 'NONE', #680, 1000.000000000000000 ) ;
#2317 = VECTOR ( 'NONE', #3889, 1000.000000000000100 ) ;
#2318 = ORIENTED_EDGE ( 'NONE', *, *, #2545, .F. ) ;
#2319 = AXIS2_PLACEMENT_3D ( 'NONE', #2448, #506, #2923 ) ;
#2320 = CARTESIAN_POINT ( 'NONE',  ( 2.749999999999999100, -3.049999999999997200, -0.2500000000000001100 ) ) ;
#2321 = CARTESIAN_POINT ( 'NONE',  ( 2.250000000000001300, 1.749999999999999800, -2.099999999999944600 ) ) ;
#2322 = VERTEX_POINT ( 'NONE', #2811 ) ;
#2323 = CARTESIAN_POINT ( 'NONE',  ( 0.2499999999999993600, -9.184850993605157100E-017, -2.799999999999999800 ) ) ;
#2324 = DIRECTION ( 'NONE',  ( 0.0000000000000000000, 1.000000000000000000, 1.426581805901979400E-016 ) ) ;
#2325 = FACE_OUTER_BOUND ( 'NONE', #6178, .T. ) ;
#2326 = ORIENTED_EDGE ( 'NONE', *, *, #1216, .F. ) ;
#2327 = ORIENTED_EDGE ( 'NONE', *, *, #3979, .T. ) ;
#2328 = ADVANCED_FACE ( 'NONE', ( #1448 ), #953, .F. ) ;
#2329 = CARTESIAN_POINT ( 'NONE',  ( 6.950000000000000200, -9.035018104045861100E-016, 1.249999999999998700 ) ) ;
#2330 = ADVANCED_FACE ( 'NONE', ( #337 ), #2397, .T. ) ;
#2331 = DIRECTION ( 'NONE',  ( -0.9396926207859090900, -0.3368240888334635400, -0.05939117461388476700 ) ) ;
#2332 = ORIENTED_EDGE ( 'NONE', *, *, #65, .T. ) ;
#2333 = CARTESIAN_POINT ( 'NONE',  ( -1.122610418006830600, 4.800000000000000700, -0.1226104180068295500 ) ) ;
#2334 = AXIS2_PLACEMENT_3D ( 'NONE', #987, #5378, #3412 ) ;
#2335 = ORIENTED_EDGE ( 'NONE', *, *, #311, .F. ) ;
#2336 = EDGE_CURVE ( 'NONE', #5347, #2585, #4025, .T. ) ;
#2337 = ORIENTED_EDGE ( 'NONE', *, *, #4102, .F. ) ;
#2338 = VECTOR ( 'NONE', #291, 1000.000000000000000 ) ;
#2339 = DIRECTION ( 'NONE',  ( 0.0000000000000000000, 1.000000000000000000, 0.0000000000000000000 ) ) ;
#2340 = DIRECTION ( 'NONE',  ( -0.9396926207859090900, -0.3420201433256669400, -0.0000000000000000000 ) ) ;
#2341 = DIRECTION ( 'NONE',  ( 0.0000000000000000000, -0.3420201433256665500, -0.9396926207859092100 ) ) ;
#2342 = ORIENTED_EDGE ( 'NONE', *, *, #3117, .T. ) ;
#2343 = ADVANCED_FACE ( 'NONE', ( #5288 ), #2315, .F. ) ;
#2344 = VECTOR ( 'NONE', #171, 1000.000000000000000 ) ;
#2345 = CARTESIAN_POINT ( 'NONE',  ( -3.250000000000001300, -7.507106781186548600, -0.2500000000000001100 ) ) ;
#2346 = ORIENTED_EDGE ( 'NONE', *, *, #2797, .T. ) ;
#2347 = CARTESIAN_POINT ( 'NONE',  ( 6.950000000000000200, -9.629649721936179300E-032, 1.699999999999999700 ) ) ;
#2348 = EDGE_CURVE ( 'NONE', #3838, #4891, #3875, .T. ) ;
#2349 = DIRECTION ( 'NONE',  ( -1.000000000000000000, -0.0000000000000000000, -0.0000000000000000000 ) ) ;
#2350 = ORIENTED_EDGE ( 'NONE', *, *, #2016, .F. ) ;
#2351 = LINE ( 'NONE', #4918, #4421 ) ;
#2352 = DIRECTION ( 'NONE',  ( 0.0000000000000000000, 1.000000000000000000, -1.355252715606880500E-016 ) ) ;
#2353 = ORIENTED_EDGE ( 'NONE', *, *, #1821, .T. ) ;
#2354 = AXIS2_PLACEMENT_3D ( 'NONE', #3262, #878, #3327 ) ;
#2355 = LINE ( 'NONE', #6019, #3584 ) ;
#2356 = EDGE_CURVE ( 'NONE', #3389, #3773, #5143, .T. ) ;
#2357 = ORIENTED_EDGE ( 'NONE', *, *, #780, .T. ) ;
#2358 = ADVANCED_FACE ( 'NONE', ( #1149 ), #4615, .F. ) ;
#2359 = ORIENTED_EDGE ( 'NONE', *, *, #1643, .F. ) ;
#2360 = DIRECTION ( 'NONE',  ( -1.000000000000000000, 0.0000000000000000000, 0.0000000000000000000 ) ) ;
#2361 = DIRECTION ( 'NONE',  ( 0.0000000000000000000, 0.0000000000000000000, -1.000000000000000000 ) ) ;
#2362 = CARTESIAN_POINT ( 'NONE',  ( -6.299999999999999800, 5.999999999999999100, 0.2500000000000000000 ) ) ;
#2363 = PRESENTATION_STYLE_ASSIGNMENT (( #2673 ) ) ;
#2364 = EDGE_LOOP ( 'NONE', ( #3948, #2547, #3045, #476 ) ) ;
#2365 = DIRECTION ( 'NONE',  ( 0.0000000000000000000, -0.0000000000000000000, 1.000000000000000000 ) ) ;
#2366 = VECTOR ( 'NONE', #3169, 1000.000000000000000 ) ;
#2367 = CARTESIAN_POINT ( 'NONE',  ( 6.899999999999993200, 3.099999999999994300, -2.399999999999991500 ) ) ;
#2368 = FACE_OUTER_BOUND ( 'NONE', #4691, .T. ) ;
#2369 = VERTEX_POINT ( 'NONE', #1471 ) ;
#2370 = EDGE_CURVE ( 'NONE', #783, #4640, #573, .T. ) ;
#2371 = LINE ( 'NONE', #1600, #753 ) ;
#2372 = ADVANCED_FACE ( 'NONE', ( #2485 ), #3905, .T. ) ;
#2373 = EDGE_CURVE ( 'NONE', #4508, #4697, #6032, .T. ) ;
#2374 = CARTESIAN_POINT ( 'NONE',  ( 2.250000000000001800, 1.749999999999999800, -2.399999999999944000 ) ) ;
#2375 = LINE ( 'NONE', #4954, #1264 ) ;
#2376 = LINE ( 'NONE', #2562, #160 ) ;
#2377 =( GEOMETRIC_REPRESENTATION_CONTEXT ( 3 ) GLOBAL_UNCERTAINTY_ASSIGNED_CONTEXT ( ( #3205 ) ) GLOBAL_UNIT_ASSIGNED_CONTEXT ( ( #5612, #2723, #4602 ) ) REPRESENTATION_CONTEXT ( 'NONE', 'WORKASPACE' ) );
#2378 = AXIS2_PLACEMENT_3D ( 'NONE', #5045, #5531, #4106 ) ;
#2379 = CARTESIAN_POINT ( 'NONE',  ( -2.750000000000000900, -3.049999999999997200, 0.2500000000000003300 ) ) ;
#2380 = DIRECTION ( 'NONE',  ( -0.0000000000000000000, -0.0000000000000000000, 1.000000000000000000 ) ) ;
#2381 = CARTESIAN_POINT ( 'NONE',  ( 6.950000000000000200, -4.607859233063394800E-016, 1.699999999999999700 ) ) ;
#2382 = VECTOR ( 'NONE', #3252, 1000.000000000000100 ) ;
#2383 = CARTESIAN_POINT ( 'NONE',  ( 0.7499999999999988900, -6.505213034913026600E-016, -0.2500000000000001100 ) ) ;
#2384 = ORIENTED_EDGE ( 'NONE', *, *, #2302, .T. ) ;
#2385 = EDGE_CURVE ( 'NONE', #5745, #2018, #2803, .T. ) ;
#2386 = ORIENTED_EDGE ( 'NONE', *, *, #677, .T. ) ;
#2387 = FACE_OUTER_BOUND ( 'NONE', #2442, .T. ) ;
#2388 = VECTOR ( 'NONE', #113, 1000.000000000000000 ) ;
#2389 = ADVANCED_FACE ( 'NONE', ( #4996 ), #3956, .T. ) ;
#2390 = CARTESIAN_POINT ( 'NONE',  ( 2.000000000000000000, 4.800000000000000700, 0.0000000000000000000 ) ) ;
#2391 = ORIENTED_EDGE ( 'NONE', *, *, #3234, .T. ) ;
#2392 = ORIENTED_EDGE ( 'NONE', *, *, #2455, .F. ) ;
#2393 = LINE ( 'NONE', #3289, #1136 ) ;
#2394 = EDGE_CURVE ( 'NONE', #5020, #3059, #5739, .T. ) ;
#2395 = CARTESIAN_POINT ( 'NONE',  ( 6.899999999999995900, 2.580384757729338800, -2.100000000000022300 ) ) ;
#2396 = DIRECTION ( 'NONE',  ( 0.0000000000000000000, 1.000000000000000000, 0.0000000000000000000 ) ) ;
#2397 = PLANE ( 'NONE',  #5874 ) ;
#2398 = VERTEX_POINT ( 'NONE', #1697 ) ;
#2399 = VERTEX_POINT ( 'NONE', #4063 ) ;
#2400 = ORIENTED_EDGE ( 'NONE', *, *, #295, .F. ) ;
#2401 = VECTOR ( 'NONE', #1151, 1000.000000000000000 ) ;
#2402 = VERTEX_POINT ( 'NONE', #3097 ) ;
#2403 = CARTESIAN_POINT ( 'NONE',  ( -3.250000000000001300, -7.507106781186548600, -0.2500000000000001100 ) ) ;
#2404 = DIRECTION ( 'NONE',  ( 1.000000000000000000, 0.0000000000000000000, 0.0000000000000000000 ) ) ;
#2405 = CARTESIAN_POINT ( 'NONE',  ( 0.2499999999999993600, 0.1999999999999999300, 1.699999999999999700 ) ) ;
#2406 = EDGE_LOOP ( 'NONE', ( #2247, #809, #2100, #578 ) ) ;
#2407 = CARTESIAN_POINT ( 'NONE',  ( -3.250000000000001300, -7.507106781186548600, -0.2500000000000001100 ) ) ;
#2408 = ADVANCED_FACE ( 'NONE', ( #268 ), #2583, .T. ) ;
#2409 = VECTOR ( 'NONE', #990, 1000.000000000000000 ) ;
#2410 = ORIENTED_EDGE ( 'NONE', *, *, #4475, .F. ) ;
#2411 = CARTESIAN_POINT ( 'NONE',  ( 4.750000000000000900, -1.023890769675363900, -0.1651155134452243500 ) ) ;
#2412 = AXIS2_PLACEMENT_3D ( 'NONE', #2670, #5460, #2561 ) ;
#2413 = VERTEX_POINT ( 'NONE', #2173 ) ;
#2414 = CARTESIAN_POINT ( 'NONE',  ( -6.299999999999999800, 1.749999999999999800, -2.399999999999944000 ) ) ;
#2415 = PLANE ( 'NONE',  #2566 ) ;
#2416 = LINE ( 'NONE', #2208, #1961 ) ;
#2417 = VERTEX_POINT ( 'NONE', #259 ) ;
#2418 = CARTESIAN_POINT ( 'NONE',  ( 1.749999999999998000, 1.749999999999999800, -2.399999999999944000 ) ) ;
#2419 = CARTESIAN_POINT ( 'NONE',  ( -6.950000000000000200, 6.276959945968717000E-017, -0.5500000000000006000 ) ) ;
#2420 = CARTESIAN_POINT ( 'NONE',  ( 2.249999999999999600, 0.1999999999999999300, -2.799999999999999800 ) ) ;
#2421 = VERTEX_POINT ( 'NONE', #238 ) ;
#2422 = FACE_OUTER_BOUND ( 'NONE', #2524, .T. ) ;
#2423 = AXIS2_PLACEMENT_3D ( 'NONE', #565, #2457, #4388 ) ;
#2424 = ADVANCED_FACE ( 'NONE', ( #3328 ), #5957, .T. ) ;
#2425 = EDGE_CURVE ( 'NONE', #1504, #5321, #2642, .T. ) ;
#2426 = ORIENTED_EDGE ( 'NONE', *, *, #6048, .T. ) ;
#2427 = ORIENTED_EDGE ( 'NONE', *, *, #3537, .T. ) ;
#2428 = VECTOR ( 'NONE', #351, 1000.000000000000000 ) ;
#2429 = DIRECTION ( 'NONE',  ( -0.9396926207859084300, -0.3420201433256689300, 0.0000000000000000000 ) ) ;
#2430 = CARTESIAN_POINT ( 'NONE',  ( -4.250000000000000900, 0.2000000000000000100, -2.799999999999999400 ) ) ;
#2431 = DIRECTION ( 'NONE',  ( 1.000000000000000000, 0.0000000000000000000, 0.0000000000000000000 ) ) ;
#2432 = VERTEX_POINT ( 'NONE', #777 ) ;
#2433 = FACE_BOUND ( 'NONE', #1663, .T. ) ;
#2434 = DIRECTION ( 'NONE',  ( -0.0000000000000000000, -0.0000000000000000000, 1.000000000000000000 ) ) ;
#2435 = CARTESIAN_POINT ( 'NONE',  ( 0.0000000000000000000, 1.749999999999998900, 0.2500000000000003300 ) ) ;
#2436 = EDGE_CURVE ( 'NONE', #2402, #3346, #120, .T. ) ;
#2437 = CARTESIAN_POINT ( 'NONE',  ( -6.950000000000000200, 5.999999999999999100, 0.2500000000000000000 ) ) ;
#2438 = ORIENTED_EDGE ( 'NONE', *, *, #566, .T. ) ;
#2439 = CYLINDRICAL_SURFACE ( 'NONE', #2589, 1.000000000000000400 ) ;
#2440 = VECTOR ( 'NONE', #3532, 1000.000000000000000 ) ;
#2441 = ORIENTED_EDGE ( 'NONE', *, *, #677, .F. ) ;
#2442 = EDGE_LOOP ( 'NONE', ( #1612, #4048, #3985, #174 ) ) ;
#2443 = FACE_OUTER_BOUND ( 'NONE', #1113, .T. ) ;
#2444 = DIRECTION ( 'NONE',  ( 0.0000000000000000000, 0.1736481776669276100, -0.9848077530122086900 ) ) ;
#2445 = ORIENTED_EDGE ( 'NONE', *, *, #5080, .T. ) ;
#2446 = ORIENTED_EDGE ( 'NONE', *, *, #1675, .T. ) ;
#2447 = CARTESIAN_POINT ( 'NONE',  ( -5.750000000000000900, -9.184850993605157100E-017, -2.799999999999999800 ) ) ;
#2448 = CARTESIAN_POINT ( 'NONE',  ( 0.0000000000000000000, 1.749999999999998900, -1.514441129821030200E-016 ) ) ;
#2449 = VECTOR ( 'NONE', #5067, 1000.000000000000000 ) ;
#2450 = LINE ( 'NONE', #846, #3219 ) ;
#2451 = ORIENTED_EDGE ( 'NONE', *, *, #6148, .F. ) ;
#2452 = ADVANCED_FACE ( 'NONE', ( #5731 ), #3632, .F. ) ;
#2453 = VECTOR ( 'NONE', #4140, 1000.000000000000000 ) ;
#2454 = CARTESIAN_POINT ( 'NONE',  ( -2.750000000000000900, -3.049999999999997200, -0.2500000000000001100 ) ) ;
#2455 = EDGE_CURVE ( 'NONE', #2052, #1356, #3323, .T. ) ;
#2456 = LINE ( 'NONE', #2731, #1791 ) ;
#2457 = DIRECTION ( 'NONE',  ( 0.0000000000000000000, 2.478176394252581100E-016, -1.000000000000000000 ) ) ;
#2458 = EDGE_CURVE ( 'NONE', #1344, #2716, #4692, .T. ) ;
#2459 = ORIENTED_EDGE ( 'NONE', *, *, #4634, .T. ) ;
#2460 = DIRECTION ( 'NONE',  ( 1.000000000000000000, 0.0000000000000000000, 0.0000000000000000000 ) ) ;
#2461 = CARTESIAN_POINT ( 'NONE',  ( 0.2500000000000011100, 1.749999999999999800, -2.399999999999944800 ) ) ;
#2462 = FACE_OUTER_BOUND ( 'NONE', #1644, .T. ) ;
#2463 = VECTOR ( 'NONE', #4916, 1000.000000000000000 ) ;
#2464 = ORIENTED_EDGE ( 'NONE', *, *, #1709, .T. ) ;
#2465 = STYLED_ITEM ( 'NONE', ( #5440 ), #2264 ) ;
#2466 = DIRECTION ( 'NONE',  ( 0.0000000000000000000, 1.000000000000000000, 2.478176394252581100E-016 ) ) ;
#2467 = DIRECTION ( 'NONE',  ( 1.112825628694216700E-015, -0.8660254037844578000, 0.4999999999999669700 ) ) ;
#2468 = FACE_OUTER_BOUND ( 'NONE', #4701, .T. ) ;
#2469 = VECTOR ( 'NONE', #3806, 1000.000000000000000 ) ;
#2470 = VERTEX_POINT ( 'NONE', #5545 ) ;
#2471 = ORIENTED_EDGE ( 'NONE', *, *, #2669, .T. ) ;
#2472 = ORIENTED_EDGE ( 'NONE', *, *, #3545, .T. ) ;
#2473 = FACE_OUTER_BOUND ( 'NONE', #1439, .T. ) ;
#2474 = CARTESIAN_POINT ( 'NONE',  ( 5.799999999999999800, 4.000000000000001800, 1.700000000000000000 ) ) ;
#2475 = ORIENTED_EDGE ( 'NONE', *, *, #5760, .T. ) ;
#2476 = DIRECTION ( 'NONE',  ( 0.0000000000000000000, -2.409338161078896200E-016, 1.000000000000000000 ) ) ;
#2477 = ORIENTED_EDGE ( 'NONE', *, *, #1359, .T. ) ;
#2478 = AXIS2_PLACEMENT_3D ( 'NONE', #4064, #262, #202 ) ;
#2479 = EDGE_CURVE ( 'NONE', #1246, #6022, #6028, .T. ) ;
#2480 = ORIENTED_EDGE ( 'NONE', *, *, #2394, .T. ) ;
#2481 = CARTESIAN_POINT ( 'NONE',  ( 3.122610418006829500, -3.399999999999999900, 0.0000000000000000000 ) ) ;
#2482 = CARTESIAN_POINT ( 'NONE',  ( 0.7499999999999988900, -7.507106781186548600, 0.2500000000000003300 ) ) ;
#2483 = CARTESIAN_POINT ( 'NONE',  ( -4.750000000000000900, -0.1874133361683795700, 0.3345423273878239700 ) ) ;
#2484 = EDGE_LOOP ( 'NONE', ( #2841, #3718, #4001, #3377 ) ) ;
#2485 = FACE_OUTER_BOUND ( 'NONE', #470, .T. ) ;
#2486 = CARTESIAN_POINT ( 'NONE',  ( -4.250000000000000900, -9.629649721936179300E-032, -2.799999999999999800 ) ) ;
#2487 = DIRECTION ( 'NONE',  ( 0.0000000000000000000, -0.0000000000000000000, 1.000000000000000000 ) ) ;
#2488 = CARTESIAN_POINT ( 'NONE',  ( 6.300000000000000700, 6.000000000000000000, -2.399999999999942200 ) ) ;
#2489 = ORIENTED_EDGE ( 'NONE', *, *, #2997, .T. ) ;
#2490 = ORIENTED_EDGE ( 'NONE', *, *, #2311, .T. ) ;
#2491 = VECTOR ( 'NONE', #4389, 1000.000000000000000 ) ;
#2492 = PLANE ( 'NONE',  #4741 ) ;
#2493 = EDGE_CURVE ( 'NONE', #4224, #5062, #3794, .T. ) ;
#2494 = ORIENTED_EDGE ( 'NONE', *, *, #2540, .F. ) ;
#2495 = DIRECTION ( 'NONE',  ( 0.3236155771181811200, 0.8891264907159901500, 0.3236155771181833400 ) ) ;
#2496 = CARTESIAN_POINT ( 'NONE',  ( -3.122610418006830800, 4.800000000000000700, 0.0000000000000000000 ) ) ;
#2497 = EDGE_CURVE ( 'NONE', #5656, #4825, #3488, .T. ) ;
#2498 = LINE ( 'NONE', #690, #2344 ) ;
#2499 = CARTESIAN_POINT ( 'NONE',  ( 5.250000000000000900, -1.110714858508829600, -0.6575193899513287500 ) ) ;
#2500 = ORIENTED_EDGE ( 'NONE', *, *, #3457, .T. ) ;
#2501 = DIRECTION ( 'NONE',  ( 1.284980352575412900E-015, -1.000000000000000000, 0.0000000000000000000 ) ) ;
#2502 = VERTEX_POINT ( 'NONE', #2112 ) ;
#2503 = VECTOR ( 'NONE', #4535, 1000.000000000000000 ) ;
#2504 = EDGE_CURVE ( 'NONE', #6170, #5906, #926, .T. ) ;
#2505 = ORIENTED_EDGE ( 'NONE', *, *, #5148, .F. ) ;
#2506 = PLANE ( 'NONE',  #303 ) ;
#2507 = DIRECTION ( 'NONE',  ( 0.0000000000000000000, 1.000000000000000000, 0.0000000000000000000 ) ) ;
#2508 = VECTOR ( 'NONE', #3279, 1000.000000000000000 ) ;
#2509 = ORIENTED_EDGE ( 'NONE', *, *, #1185, .F. ) ;
#2510 = ORIENTED_EDGE ( 'NONE', *, *, #276, .T. ) ;
#2511 = AXIS2_PLACEMENT_3D ( 'NONE', #2131, #3590, #5061 ) ;
#2512 = DIRECTION ( 'NONE',  ( 0.3236155771181811200, 0.8891264907159901500, 0.3236155771181833400 ) ) ;
#2513 = EDGE_CURVE ( 'NONE', #195, #3594, #114, .T. ) ;
#2514 = VECTOR ( 'NONE', #1416, 1000.000000000000000 ) ;
#2515 = ORIENTED_EDGE ( 'NONE', *, *, #471, .T. ) ;
#2516 = FACE_BOUND ( 'NONE', #3368, .T. ) ;
#2517 = DIRECTION ( 'NONE',  ( -0.0000000000000000000, -0.0000000000000000000, 1.000000000000000000 ) ) ;
#2518 = DIRECTION ( 'NONE',  ( 0.0000000000000000000, -1.000000000000000000, 4.713922489067410100E-017 ) ) ;
#2519 = CARTESIAN_POINT ( 'NONE',  ( -4.750000000000000900, 0.1999999999999999800, -0.2500000000000000600 ) ) ;
#2520 = DIRECTION ( 'NONE',  ( 0.0000000000000000000, -5.981805089575198200E-016, -1.000000000000000000 ) ) ;
#2521 = AXIS2_PLACEMENT_3D ( 'NONE', #4503, #198, #2177 ) ;
#2522 = LINE ( 'NONE', #2019, #3837 ) ;
#2523 = CARTESIAN_POINT ( 'NONE',  ( 0.7499999999999988900, 0.1999999999999999600, 0.2499999999999998900 ) ) ;
#2524 = EDGE_LOOP ( 'NONE', ( #4531, #3361, #718, #5730 ) ) ;
#2525 = CIRCLE ( 'NONE', #4100, 1.000000000000000400 ) ;
#2526 = CARTESIAN_POINT ( 'NONE',  ( 3.799999999999999800, 1.749999999999999800, -2.399999999999942200 ) ) ;
#2527 = VECTOR ( 'NONE', #145, 1000.000000000000000 ) ;
#2528 = DIRECTION ( 'NONE',  ( -1.000000000000000000, -0.0000000000000000000, -0.0000000000000000000 ) ) ;
#2529 = AXIS2_PLACEMENT_3D ( 'NONE', #2137, #6005, #3125 ) ;
#2530 = ORIENTED_EDGE ( 'NONE', *, *, #3944, .T. ) ;
#2531 = MANIFOLD_SOLID_BREP ( 'Chamfer1', #1002 ) ;
#2532 = EDGE_CURVE ( 'NONE', #4034, #5656, #264, .T. ) ;
#2533 = DIRECTION ( 'NONE',  ( 1.000000000000000000, -0.0000000000000000000, 0.0000000000000000000 ) ) ;
#2534 = CARTESIAN_POINT ( 'NONE',  ( 2.877389581993169600, 4.800000000000000700, 0.0000000000000000000 ) ) ;
#2535 = CARTESIAN_POINT ( 'NONE',  ( 6.950000000000000200, 0.2000000000000004000, 1.699999999999999700 ) ) ;
#2536 = FACE_OUTER_BOUND ( 'NONE', #1882, .T. ) ;
#2537 = CARTESIAN_POINT ( 'NONE',  ( 6.950000000000000200, -9.629649721936179300E-032, 1.699999999999999700 ) ) ;
#2538 = FILL_AREA_STYLE_COLOUR ( '', #6087 ) ;
#2539 = ORIENTED_EDGE ( 'NONE', *, *, #3615, .T. ) ;
#2540 = EDGE_CURVE ( 'NONE', #3284, #880, #5961, .T. ) ;
#2541 = VECTOR ( 'NONE', #6204, 999.9999999999998900 ) ;
#2542 = PLANE ( 'NONE',  #161 ) ;
#2543 = LINE ( 'NONE', #485, #3856 ) ;
#2544 = CARTESIAN_POINT ( 'NONE',  ( -6.299999999999999800, 5.999999999999999100, 1.100000000000058000 ) ) ;
#2545 = EDGE_CURVE ( 'NONE', #3621, #3197, #5360, .T. ) ;
#2546 = CARTESIAN_POINT ( 'NONE',  ( 4.750000000000000900, -3.038299777613183900, 0.03573422627373666600 ) ) ;
#2547 = ORIENTED_EDGE ( 'NONE', *, *, #65, .F. ) ;
#2548 = CARTESIAN_POINT ( 'NONE',  ( -6.950000000000000200, 1.399999999999999700, 1.700000000000000000 ) ) ;
#2549 = EDGE_LOOP ( 'NONE', ( #478, #1740, #3018, #5536 ) ) ;
#2550 = LINE ( 'NONE', #2226, #2169 ) ;
#2551 = EDGE_LOOP ( 'NONE', ( #1171, #665, #773, #3517 ) ) ;
#2552 = DIRECTION ( 'NONE',  ( -1.000000000000000000, 0.0000000000000000000, 0.0000000000000000000 ) ) ;
#2553 = DIRECTION ( 'NONE',  ( -0.0000000000000000000, 0.0000000000000000000, 1.000000000000000000 ) ) ;
#2554 = VERTEX_POINT ( 'NONE', #2690 ) ;
#2555 = DIRECTION ( 'NONE',  ( 0.0000000000000000000, 3.854941057726238600E-016, -1.000000000000000000 ) ) ;
#2556 = EDGE_LOOP ( 'NONE', ( #5867, #2634, #4364, #4609 ) ) ;
#2557 = ORIENTED_EDGE ( 'NONE', *, *, #3501, .T. ) ;
#2558 = LINE ( 'NONE', #358, #1440 ) ;
#2559 = EDGE_CURVE ( 'NONE', #1531, #3068, #1211, .T. ) ;
#2560 = ORIENTED_EDGE ( 'NONE', *, *, #4864, .F. ) ;
#2561 = DIRECTION ( 'NONE',  ( 0.0000000000000000000, -1.000000000000000000, -3.854941057726238600E-016 ) ) ;
#2562 = CARTESIAN_POINT ( 'NONE',  ( 1.749999999999997100, 1.749999999999999800, -2.099999999999944600 ) ) ;
#2563 = EDGE_LOOP ( 'NONE', ( #1374, #1215, #2353, #6185 ) ) ;
#2564 = CARTESIAN_POINT ( 'NONE',  ( 5.249999999999999100, -6.505213034913026600E-016, 0.2499999999999998900 ) ) ;
#2565 = VECTOR ( 'NONE', #4282, 1000.000000000000000 ) ;
#2566 = AXIS2_PLACEMENT_3D ( 'NONE', #4383, #5817, #2887 ) ;
#2567 = ORIENTED_EDGE ( 'NONE', *, *, #3256, .F. ) ;
#2568 = DIRECTION ( 'NONE',  ( 1.000000000000000000, 0.0000000000000000000, 0.0000000000000000000 ) ) ;
#2569 = EDGE_LOOP ( 'NONE', ( #1651, #2707, #722, #1406 ) ) ;
#2570 = VECTOR ( 'NONE', #2528, 1000.000000000000000 ) ;
#2571 = DIRECTION ( 'NONE',  ( 1.000000000000000000, 5.421010862427523400E-017, 1.343422115225471600E-032 ) ) ;
#2572 = ORIENTED_EDGE ( 'NONE', *, *, #5317, .F. ) ;
#2573 = VECTOR ( 'NONE', #2892, 1000.000000000000000 ) ;
#2574 = DIRECTION ( 'NONE',  ( 1.000000000000000000, 0.0000000000000000000, 0.0000000000000000000 ) ) ;
#2575 = DIRECTION ( 'NONE',  ( -0.0000000000000000000, 1.000000000000000000, 0.0000000000000000000 ) ) ;
#2576 = CARTESIAN_POINT ( 'NONE',  ( 1.249999999999999300, 4.449999999999999300, 0.2500000000000003300 ) ) ;
#2577 = VERTEX_POINT ( 'NONE', #3238 ) ;
#2578 = ORIENTED_EDGE ( 'NONE', *, *, #734, .F. ) ;
#2579 = LINE ( 'NONE', #3233, #63 ) ;
#2580 = DIRECTION ( 'NONE',  ( 0.0000000000000000000, -0.0000000000000000000, -1.000000000000000000 ) ) ;
#2581 = EDGE_CURVE ( 'NONE', #1481, #3258, #567, .T. ) ;
#2582 = CARTESIAN_POINT ( 'NONE',  ( -6.950000000000000200, 6.000000000000000000, -2.799999999999999800 ) ) ;
#2583 = PLANE ( 'NONE',  #612 ) ;
#2584 = EDGE_CURVE ( 'NONE', #5329, #856, #1367, .T. ) ;
#2585 = VERTEX_POINT ( 'NONE', #5667 ) ;
#2586 = FACE_OUTER_BOUND ( 'NONE', #3791, .T. ) ;
#2587 = DIRECTION ( 'NONE',  ( 0.0000000000000000000, 0.0000000000000000000, -1.000000000000000000 ) ) ;
#2588 = DIRECTION ( 'NONE',  ( 0.0000000000000000000, 0.0000000000000000000, -1.000000000000000000 ) ) ;
#2589 = AXIS2_PLACEMENT_3D ( 'NONE', #5860, #4865, #3455 ) ;
#2590 = ORIENTED_EDGE ( 'NONE', *, *, #3901, .T. ) ;
#2591 = AXIS2_PLACEMENT_3D ( 'NONE', #4739, #4719, #887 ) ;
#2592 = VECTOR ( 'NONE', #3277, 1000.000000000000000 ) ;
#2593 = ORIENTED_EDGE ( 'NONE', *, *, #5273, .T. ) ;
#2594 = LINE ( 'NONE', #657, #3904 ) ;
#2595 = DIRECTION ( 'NONE',  ( 0.0000000000000000000, 0.0000000000000000000, 1.000000000000000000 ) ) ;
#2596 = ORIENTED_EDGE ( 'NONE', *, *, #471, .F. ) ;
#2597 = PLANE ( 'NONE',  #6026 ) ;
#2598 = CARTESIAN_POINT ( 'NONE',  ( -3.750000000000000900, 0.1999999999999999300, -2.799999999999999800 ) ) ;
#2599 = ORIENTED_EDGE ( 'NONE', *, *, #5777, .T. ) ;
#2600 = VECTOR ( 'NONE', #6203, 1000.000000000000000 ) ;
#2601 = VERTEX_POINT ( 'NONE', #4228 ) ;
#2602 = PRESENTATION_LAYER_ASSIGNMENT (  '', '', ( #3178 ) ) ;
#2603 = DIRECTION ( 'NONE',  ( -0.3236155771181832800, 0.8194234062344383200, -0.4730943241697324600 ) ) ;
#2604 = FACE_OUTER_BOUND ( 'NONE', #1898, .T. ) ;
#2605 = DIRECTION ( 'NONE',  ( 0.0000000000000000000, 1.000000000000000000, 1.355252715606880500E-016 ) ) ;
#2606 = DIRECTION ( 'NONE',  ( -1.000000000000000000, 0.0000000000000000000, 0.0000000000000000000 ) ) ;
#2607 = EDGE_CURVE ( 'NONE', #4544, #3432, #1730, .T. ) ;
#2608 = DIRECTION ( 'NONE',  ( -0.0000000000000000000, -0.0000000000000000000, 1.000000000000000000 ) ) ;
#2609 = LINE ( 'NONE', #1975, #1927 ) ;
#2610 = DIRECTION ( 'NONE',  ( 0.0000000000000000000, -2.478176394252581100E-016, 1.000000000000000000 ) ) ;
#2611 = CARTESIAN_POINT ( 'NONE',  ( 6.300000000000000700, 6.276959945968717000E-017, -0.5500000000000006000 ) ) ;
#2612 = ORIENTED_EDGE ( 'NONE', *, *, #154, .T. ) ;
#2613 = VECTOR ( 'NONE', #350, 1000.000000000000000 ) ;
#2614 = ORIENTED_EDGE ( 'NONE', *, *, #5261, .F. ) ;
#2615 = CARTESIAN_POINT ( 'NONE',  ( 6.899999999999993200, 3.099999999999994300, -2.399999999999991500 ) ) ;
#2616 = DIRECTION ( 'NONE',  ( -1.284980352575413100E-015, 1.000000000000000000, 0.0000000000000000000 ) ) ;
#2617 = CIRCLE ( 'NONE', #2478, 0.5000000000000000000 ) ;
#2618 = AXIS2_PLACEMENT_3D ( 'NONE', #786, #4693, #2675 ) ;
#2619 = VECTOR ( 'NONE', #214, 1000.000000000000000 ) ;
#2620 = EDGE_CURVE ( 'NONE', #2275, #3334, #3023, .T. ) ;
#2621 = ORIENTED_EDGE ( 'NONE', *, *, #4278, .F. ) ;
#2622 = FACE_OUTER_BOUND ( 'NONE', #4175, .T. ) ;
#2623 = CARTESIAN_POINT ( 'NONE',  ( -2.750000000000000900, 4.449999999999999300, -0.2500000000000001100 ) ) ;
#2624 = LINE ( 'NONE', #942, #4598 ) ;
#2625 =( NAMED_UNIT ( * ) SI_UNIT ( $, .STERADIAN. ) SOLID_ANGLE_UNIT ( ) );
#2626 = ORIENTED_EDGE ( 'NONE', *, *, #4056, .T. ) ;
#2627 = ORIENTED_EDGE ( 'NONE', *, *, #1736, .F. ) ;
#2628 = SURFACE_SIDE_STYLE ('',( #2294 ) ) ;
#2629 = DIRECTION ( 'NONE',  ( -0.0000000000000000000, -0.0000000000000000000, 1.000000000000000000 ) ) ;
#2630 = EDGE_CURVE ( 'NONE', #3554, #2399, #2104, .T. ) ;
#2631 = CYLINDRICAL_SURFACE ( 'NONE', #2734, 0.5000000000000000000 ) ;
#2632 = DIRECTION ( 'NONE',  ( 1.000000000000000000, 0.0000000000000000000, 0.0000000000000000000 ) ) ;
#2633 = ORIENTED_EDGE ( 'NONE', *, *, #3512, .T. ) ;
#2634 = ORIENTED_EDGE ( 'NONE', *, *, #2607, .F. ) ;
#2635 = ORIENTED_EDGE ( 'NONE', *, *, #393, .T. ) ;
#2636 = ORIENTED_EDGE ( 'NONE', *, *, #641, .F. ) ;
#2637 = LINE ( 'NONE', #3675, #4845 ) ;
#2638 = ORIENTED_EDGE ( 'NONE', *, *, #46, .F. ) ;
#2639 = AXIS2_PLACEMENT_3D ( 'NONE', #5304, #2444, #2404 ) ;
#2640 = ORIENTED_EDGE ( 'NONE', *, *, #1665, .T. ) ;
#2641 = EDGE_CURVE ( 'NONE', #2322, #2820, #2637, .T. ) ;
#2642 = LINE ( 'NONE', #2194, #1373 ) ;
#2643 = DIRECTION ( 'NONE',  ( 1.000000000000000000, 0.0000000000000000000, 0.0000000000000000000 ) ) ;
#2644 = ORIENTED_EDGE ( 'NONE', *, *, #4139, .F. ) ;
#2645 = CARTESIAN_POINT ( 'NONE',  ( -4.250000000000000900, -9.629649721936179300E-032, 1.699999999999999700 ) ) ;
#2646 = CARTESIAN_POINT ( 'NONE',  ( 5.135951552079193400, -3.387510138335422900, -0.1402511235051631700 ) ) ;
#2647 = CARTESIAN_POINT ( 'NONE',  ( 2.749999999999999100, -3.049999999999997200, -0.2500000000000001100 ) ) ;
#2648 = ORIENTED_EDGE ( 'NONE', *, *, #143, .T. ) ;
#2649 = FACE_OUTER_BOUND ( 'NONE', #3472, .T. ) ;
#2650 = AXIS2_PLACEMENT_3D ( 'NONE', #3542, #192, #4975 ) ;
#2651 = APPLICATION_CONTEXT ( 'automotive_design' ) ;
#2652 = DIRECTION ( 'NONE',  ( -0.0000000000000000000, 0.0000000000000000000, 1.000000000000000000 ) ) ;
#2653 = EDGE_LOOP ( 'NONE', ( #3927, #4467, #3654, #2441 ) ) ;
#2654 = MANIFOLD_SOLID_BREP ( 'Pin Pattern[1]', #3490 ) ;
#2655 = FACE_BOUND ( 'NONE', #2065, .T. ) ;
#2656 = EDGE_LOOP ( 'NONE', ( #4930, #5844, #2005, #3220, #4880, #102, #969, #5046, #3239, #3048, #5363, #5975 ) ) ;
#2657 = PLANE ( 'NONE',  #188 ) ;
#2658 = DIRECTION ( 'NONE',  ( -1.000000000000000000, 0.0000000000000000000, 0.0000000000000000000 ) ) ;
#2659 = ORIENTED_EDGE ( 'NONE', *, *, #3754, .F. ) ;
#2660 = CARTESIAN_POINT ( 'NONE',  ( -3.109769791640809800, -3.435279330992292700, -0.1097697916408096200 ) ) ;
#2661 = SURFACE_STYLE_FILL_AREA ( #608 ) ;
#2662 = ORIENTED_EDGE ( 'NONE', *, *, #2436, .F. ) ;
#2663 = CARTESIAN_POINT ( 'NONE',  ( 0.2499999999999993600, -9.184850993605157100E-017, -2.799999999999999800 ) ) ;
#2664 = EDGE_CURVE ( 'NONE', #3355, #1076, #851, .T. ) ;
#2665 = VECTOR ( 'NONE', #634, 1000.000000000000100 ) ;
#2666 = CARTESIAN_POINT ( 'NONE',  ( -6.299999999999999800, 4.000000000000000000, 1.700000000000000000 ) ) ;
#2667 = CARTESIAN_POINT ( 'NONE',  ( 6.300000000000000700, 1.749999999999998900, 1.100000000000056500 ) ) ;
#2668 = DIRECTION ( 'NONE',  ( 1.000000000000000000, 0.0000000000000000000, 0.0000000000000000000 ) ) ;
#2669 = EDGE_CURVE ( 'NONE', #5991, #931, #2558, .T. ) ;
#2670 = CARTESIAN_POINT ( 'NONE',  ( -6.299999999999999800, 1.749999999999998900, 1.100000000000056300 ) ) ;
#2671 = VERTEX_POINT ( 'NONE', #821 ) ;
#2672 = ORIENTED_EDGE ( 'NONE', *, *, #5580, .T. ) ;
#2673 = SURFACE_STYLE_USAGE ( .BOTH. , #2628 ) ;
#2674 = DIRECTION ( 'NONE',  ( 0.3236155771181850000, -0.8891264907159889300, -0.3236155771181828400 ) ) ;
#2675 = DIRECTION ( 'NONE',  ( -1.000000000000000000, 0.0000000000000000000, -0.0000000000000000000 ) ) ;
#2676 = FACE_OUTER_BOUND ( 'NONE', #1732, .T. ) ;
#2677 = CARTESIAN_POINT ( 'NONE',  ( 4.750000000000000900, -1.110714858508829600, -0.6575193899513287500 ) ) ;
#2678 = ORIENTED_EDGE ( 'NONE', *, *, #5822, .T. ) ;
#2679 = CIRCLE ( 'NONE', #1386, 0.5000000000000000000 ) ;
#2680 = EDGE_CURVE ( 'NONE', #1810, #3263, #4169, .T. ) ;
#2681 = PLANE ( 'NONE',  #3437 ) ;
#2682 = PLANE ( 'NONE',  #130 ) ;
#2683 = LINE ( 'NONE', #3617, #12 ) ;
#2684 = VECTOR ( 'NONE', #2150, 1000.000000000000000 ) ;
#2685 = ADVANCED_FACE ( 'NONE', ( #3788 ), #4269, .T. ) ;
#2686 = AXIS2_PLACEMENT_3D ( 'NONE', #2407, #4877, #5852 ) ;
#2687 = CARTESIAN_POINT ( 'NONE',  ( 3.122610418006829000, 4.800000000000000700, 0.1226104180068297700 ) ) ;
#2688 = LINE ( 'NONE', #647, #2527 ) ;
#2689 = CARTESIAN_POINT ( 'NONE',  ( 0.7499999999999988900, 1.749999999999998900, -0.2500000000000001100 ) ) ;
#2690 = CARTESIAN_POINT ( 'NONE',  ( 3.249999999999999600, 1.749999999999998900, 0.2500000000000003300 ) ) ;
#2691 = DIRECTION ( 'NONE',  ( 0.0000000000000000000, 1.000000000000000000, 2.710505431213762100E-016 ) ) ;
#2692 = EDGE_CURVE ( 'NONE', #1827, #649, #1808, .T. ) ;
#2693 = CARTESIAN_POINT ( 'NONE',  ( 4.000000000000000000, 4.800000000000000700, -0.1226104180068295500 ) ) ;
#2694 = LINE ( 'NONE', #695, #1639 ) ;
#2695 = PLANE ( 'NONE',  #4725 ) ;
#2696 = VECTOR ( 'NONE', #2898, 1000.000000000000000 ) ;
#2697 = APPLICATION_CONTEXT ( 'automotive_design' ) ;
#2698 = LINE ( 'NONE', #2379, #3001 ) ;
#2699 = CARTESIAN_POINT ( 'NONE',  ( 6.950000000000000200, 6.000000000000000000, -2.799999999999999800 ) ) ;
#2700 = ORIENTED_EDGE ( 'NONE', *, *, #4545, .F. ) ;
#2701 = ORIENTED_EDGE ( 'NONE', *, *, #1269, .T. ) ;
#2702 = CARTESIAN_POINT ( 'NONE',  ( 4.250000000000000900, 1.749999999999999800, -2.099999999999944600 ) ) ;
#2703 = DIRECTION ( 'NONE',  ( -0.0000000000000000000, -0.0000000000000000000, -1.000000000000000000 ) ) ;
#2704 = FACE_OUTER_BOUND ( 'NONE', #4781, .T. ) ;
#2705 = FACE_OUTER_BOUND ( 'NONE', #1950, .T. ) ;
#2706 = ADVANCED_FACE ( 'NONE', ( #4394 ), #4289, .F. ) ;
#2707 = ORIENTED_EDGE ( 'NONE', *, *, #2986, .T. ) ;
#2708 = CARTESIAN_POINT ( 'NONE',  ( 1.249999999999999300, -3.399999999999999900, -0.1226104180068291200 ) ) ;
#2709 = ORIENTED_EDGE ( 'NONE', *, *, #428, .T. ) ;
#2710 = EDGE_CURVE ( 'NONE', #3068, #3157, #3869, .T. ) ;
#2711 = VECTOR ( 'NONE', #4194, 1000.000000000000000 ) ;
#2712 = EDGE_CURVE ( 'NONE', #6167, #5862, #5658, .T. ) ;
#2713 = VERTEX_POINT ( 'NONE', #4792 ) ;
#2714 = DIRECTION ( 'NONE',  ( -1.000000000000000000, -0.0000000000000000000, -0.0000000000000000000 ) ) ;
#2715 = CARTESIAN_POINT ( 'NONE',  ( -6.299999999999999800, 5.999999999999999100, 1.100000000000058000 ) ) ;
#2716 = VERTEX_POINT ( 'NONE', #5244 ) ;
#2717 = DIRECTION ( 'NONE',  ( -1.000000000000000000, -0.0000000000000000000, -0.0000000000000000000 ) ) ;
#2718 = CARTESIAN_POINT ( 'NONE',  ( -4.750000000000000900, 4.449999999999997500, 0.2500000000000002800 ) ) ;
#2719 = ORIENTED_EDGE ( 'NONE', *, *, #4758, .T. ) ;
#2720 = LINE ( 'NONE', #5904, #3714 ) ;
#2721 = DIRECTION ( 'NONE',  ( 0.0000000000000000000, -1.129377263005733600E-016, -1.000000000000000000 ) ) ;
#2722 = ORIENTED_EDGE ( 'NONE', *, *, #2971, .T. ) ;
#2723 =( NAMED_UNIT ( * ) PLANE_ANGLE_UNIT ( ) SI_UNIT ( $, .RADIAN. ) );
#2724 = EDGE_CURVE ( 'NONE', #3907, #931, #5807, .T. ) ;
#2725 = ORIENTED_EDGE ( 'NONE', *, *, #4829, .F. ) ;
#2726 = ORIENTED_EDGE ( 'NONE', *, *, #5215, .F. ) ;
#2727 = DIRECTION ( 'NONE',  ( 0.0000000000000000000, 0.0000000000000000000, 1.000000000000000000 ) ) ;
#2728 = ORIENTED_EDGE ( 'NONE', *, *, #5411, .F. ) ;
#2729 = ORIENTED_EDGE ( 'NONE', *, *, #526, .T. ) ;
#2730 = LINE ( 'NONE', #5497, #3251 ) ;
#2731 = CARTESIAN_POINT ( 'NONE',  ( -6.299999999999999800, 2.199999999999995700, 1.100000000000056500 ) ) ;
#2732 = CARTESIAN_POINT ( 'NONE',  ( 3.749999999999999100, -9.629649721936179300E-032, -2.799999999999999800 ) ) ;
#2733 = CARTESIAN_POINT ( 'NONE',  ( 5.749999999999999100, 0.2000000000000000100, -2.799999999999999400 ) ) ;
#2734 = AXIS2_PLACEMENT_3D ( 'NONE', #3465, #5831, #5849 ) ;
#2735 = VERTEX_POINT ( 'NONE', #1372 ) ;
#2736 = EDGE_CURVE ( 'NONE', #212, #1745, #407, .T. ) ;
#2737 = VECTOR ( 'NONE', #4067, 1000.000000000000000 ) ;
#2738 = PLANE ( 'NONE',  #204 ) ;
#2739 = DIRECTION ( 'NONE',  ( 1.000000000000000000, -0.0000000000000000000, 0.0000000000000000000 ) ) ;
#2740 = CARTESIAN_POINT ( 'NONE',  ( -3.749999999999995600, 2.580384757729331700, -2.099999999999948100 ) ) ;
#2741 = ORIENTED_EDGE ( 'NONE', *, *, #3628, .F. ) ;
#2742 = ADVANCED_FACE ( 'NONE', ( #2097 ), #2834, .F. ) ;
#2743 = ORIENTED_EDGE ( 'NONE', *, *, #1852, .T. ) ;
#2744 = FACE_OUTER_BOUND ( 'NONE', #378, .T. ) ;
#2745 = ORIENTED_EDGE ( 'NONE', *, *, #1378, .T. ) ;
#2746 = CARTESIAN_POINT ( 'NONE',  ( -4.750000000000000900, -3.011905242028990200, -0.1854250760696250800 ) ) ;
#2747 = CARTESIAN_POINT ( 'NONE',  ( -0.7500000000000006700, 4.449999999999999300, -0.2500000000000001100 ) ) ;
#2748 = FACE_OUTER_BOUND ( 'NONE', #4776, .T. ) ;
#2749 = ORIENTED_EDGE ( 'NONE', *, *, #2016, .T. ) ;
#2750 = EDGE_CURVE ( 'NONE', #1420, #5178, #1358, .T. ) ;
#2751 = CARTESIAN_POINT ( 'NONE',  ( 4.877389581993172700, -3.378708924350133800, 0.1207476902531918900 ) ) ;
#2752 = ORIENTED_EDGE ( 'NONE', *, *, #2181, .T. ) ;
#2753 = PLANE ( 'NONE',  #2022 ) ;
#2754 = CARTESIAN_POINT ( 'NONE',  ( 2.749999999999999100, 1.749999999999998900, -0.2500000000000001100 ) ) ;
#2755 = LINE ( 'NONE', #2799, #2592 ) ;
#2756 = ORIENTED_EDGE ( 'NONE', *, *, #2824, .F. ) ;
#2757 = ADVANCED_FACE ( 'NONE', ( #4090, #3092 ), #3826, .F. ) ;
#2758 = VECTOR ( 'NONE', #5060, 1000.000000000000000 ) ;
#2759 = ORIENTED_EDGE ( 'NONE', *, *, #2259, .T. ) ;
#2760 = ORIENTED_EDGE ( 'NONE', *, *, #1349, .T. ) ;
#2761 = AXIS2_PLACEMENT_3D ( 'NONE', #5359, #66, #4866 ) ;
#2762 = DIRECTION ( 'NONE',  ( 0.3236155771181832800, -0.8194234062344383200, -0.4730943241697324600 ) ) ;
#2763 = EDGE_CURVE ( 'NONE', #195, #3553, #1291, .T. ) ;
#2764 = FACE_OUTER_BOUND ( 'NONE', #5472, .T. ) ;
#2765 = ORIENTED_EDGE ( 'NONE', *, *, #2664, .F. ) ;
#2766 = ORIENTED_EDGE ( 'NONE', *, *, #2219, .T. ) ;
#2767 = VECTOR ( 'NONE', #4530, 1000.000000000000000 ) ;
#2768 = DIRECTION ( 'NONE',  ( -1.000000000000000000, -0.0000000000000000000, -0.0000000000000000000 ) ) ;
#2769 = CARTESIAN_POINT ( 'NONE',  ( -4.750000000000000900, 1.749999999999998900, 0.2500000000000003300 ) ) ;
#2770 = FACE_OUTER_BOUND ( 'NONE', #4423, .T. ) ;
#2771 = VECTOR ( 'NONE', #2512, 1000.000000000000000 ) ;
#2772 = EDGE_CURVE ( 'NONE', #3835, #4686, #6024, .T. ) ;
#2773 = ADVANCED_FACE ( 'NONE', ( #4689 ), #483, .F. ) ;
#2774 = CARTESIAN_POINT ( 'NONE',  ( 1.749999999999998900, -9.629649721936179300E-032, -2.799999999999999800 ) ) ;
#2775 = CARTESIAN_POINT ( 'NONE',  ( -0.5760490830985864900, 3.972073783719933400, 0.4239509169014144500 ) ) ;
#2776 = FACE_OUTER_BOUND ( 'NONE', #958, .T. ) ;
#2777 = ORIENTED_EDGE ( 'NONE', *, *, #4462, .T. ) ;
#2778 = AXIS2_PLACEMENT_3D ( 'NONE', #5035, #5519, #3521 ) ;
#2779 = LINE ( 'NONE', #5584, #4226 ) ;
#2780 = CARTESIAN_POINT ( 'NONE',  ( -6.950000000000000200, 0.7999999999999998200, 1.249999999999999300 ) ) ;
#2781 = FILL_AREA_STYLE_COLOUR ( '', #2947 ) ;
#2782 = LINE ( 'NONE', #4518, #693 ) ;
#2783 = CARTESIAN_POINT ( 'NONE',  ( -6.950000000000000200, 1.399999999999999700, 1.249999999999999800 ) ) ;
#2784 = ORIENTED_EDGE ( 'NONE', *, *, #1115, .T. ) ;
#2785 = CYLINDRICAL_SURFACE ( 'NONE', #1917, 0.5000000000000000000 ) ;
#2786 = DIRECTION ( 'NONE',  ( -1.000000000000000000, 0.0000000000000000000, 0.0000000000000000000 ) ) ;
#2787 = ADVANCED_FACE ( 'NONE', ( #2473 ), #1454, .T. ) ;
#2788 = ORIENTED_EDGE ( 'NONE', *, *, #5935, .F. ) ;
#2789 = ORIENTED_EDGE ( 'NONE', *, *, #6176, .T. ) ;
#2790 = LINE ( 'NONE', #54, #2864 ) ;
#2791 = DIRECTION ( 'NONE',  ( 0.0000000000000000000, 2.409338161078896200E-016, -1.000000000000000000 ) ) ;
#2792 = CARTESIAN_POINT ( 'NONE',  ( 2.749999999999999100, -7.507106781186548600, 0.2500000000000003300 ) ) ;
#2793 = ORIENTED_EDGE ( 'NONE', *, *, #5858, .T. ) ;
#2794 = EDGE_CURVE ( 'NONE', #1431, #1728, #3557, .T. ) ;
#2795 = ORIENTED_EDGE ( 'NONE', *, *, #2229, .T. ) ;
#2796 = VERTEX_POINT ( 'NONE', #5226 ) ;
#2797 = EDGE_CURVE ( 'NONE', #3191, #5651, #40, .T. ) ;
#2798 = ORIENTED_EDGE ( 'NONE', *, *, #206, .T. ) ;
#2799 = CARTESIAN_POINT ( 'NONE',  ( 6.950000000000000200, 5.999999999999999100, -0.5499999999999999300 ) ) ;
#2800 = DIRECTION ( 'NONE',  ( -0.0000000000000000000, -0.0000000000000000000, -1.000000000000000000 ) ) ;
#2801 = CARTESIAN_POINT ( 'NONE',  ( 0.0000000000000000000, 0.0000000000000000000, -2.099999999999944600 ) ) ;
#2802 = ADVANCED_FACE ( 'NONE', ( #705 ), #1516, .F. ) ;
#2803 = LINE ( 'NONE', #1199, #3496 ) ;
#2804 = AXIS2_PLACEMENT_3D ( 'NONE', #1778, #810, #4636 ) ;
#2805 = EDGE_LOOP ( 'NONE', ( #213, #850, #1312, #2176 ) ) ;
#2806 = DIRECTION ( 'NONE',  ( -1.000000000000000000, -5.421010862427523400E-017, -1.343422115225471600E-032 ) ) ;
#2807 = FACE_OUTER_BOUND ( 'NONE', #4836, .T. ) ;
#2808 = ORIENTED_EDGE ( 'NONE', *, *, #2291, .T. ) ;
#2809 = DIRECTION ( 'NONE',  ( 0.0000000000000000000, -2.478176394252581100E-016, 1.000000000000000000 ) ) ;
#2810 = CARTESIAN_POINT ( 'NONE',  ( -4.750000000000000900, -9.629649721936179300E-032, 0.4999999999999997800 ) ) ;
#2811 = CARTESIAN_POINT ( 'NONE',  ( 4.750000000000000900, 9.184850993605144700E-017, 0.2500000000000006700 ) ) ;
#2812 = LINE ( 'NONE', #4263, #1676 ) ;
#2813 = EDGE_CURVE ( 'NONE', #5483, #5991, #2790, .T. ) ;
#2814 = ADVANCED_FACE ( 'NONE', ( #1207 ), #593, .F. ) ;
#2815 = EDGE_LOOP ( 'NONE', ( #1603, #1188, #4957, #1680 ) ) ;
#2816 = ADVANCED_FACE ( 'NONE', ( #1060 ), #2943, .T. ) ;
#2817 = LINE ( 'NONE', #730, #6191 ) ;
#2818 = CARTESIAN_POINT ( 'NONE',  ( 5.250000000000000900, -3.011905242028990200, 0.1854250760696251300 ) ) ;
#2819 = DIRECTION ( 'NONE',  ( 1.000000000000000000, 0.0000000000000000000, -0.0000000000000000000 ) ) ;
#2820 = VERTEX_POINT ( 'NONE', #4895 ) ;
#2821 = FACE_OUTER_BOUND ( 'NONE', #3341, .T. ) ;
#2822 = ORIENTED_EDGE ( 'NONE', *, *, #4150, .F. ) ;
#2823 = ORIENTED_EDGE ( 'NONE', *, *, #1776, .T. ) ;
#2824 = EDGE_CURVE ( 'NONE', #4201, #4224, #3242, .T. ) ;
#2825 = ADVANCED_FACE ( 'NONE', ( #4991 ), #529, .F. ) ;
#2826 = EDGE_CURVE ( 'NONE', #783, #6150, #1655, .T. ) ;
#2827 = CARTESIAN_POINT ( 'NONE',  ( 0.0000000000000000000, 1.749999999999998900, -0.2499999999999996700 ) ) ;
#2828 = LINE ( 'NONE', #4778, #2514 ) ;
#2829 = CARTESIAN_POINT ( 'NONE',  ( 1.249999999999999300, 4.449999999999999300, -0.2500000000000001100 ) ) ;
#2830 = VERTEX_POINT ( 'NONE', #3484 ) ;
#2831 = LINE ( 'NONE', #4089, #1335 ) ;
#2832 = AXIS2_PLACEMENT_3D ( 'NONE', #2323, #1332, #6173 ) ;
#2833 = FACE_OUTER_BOUND ( 'NONE', #5965, .T. ) ;
#2834 = PLANE ( 'NONE',  #1554 ) ;
#2835 = CARTESIAN_POINT ( 'NONE',  ( -6.300000000000000700, 4.099999999999999600, -0.5500000000000001600 ) ) ;
#2836 = CARTESIAN_POINT ( 'NONE',  ( 4.749999999999999100, 0.1999999999999999600, -0.2500000000000000600 ) ) ;
#2837 = EDGE_CURVE ( 'NONE', #4569, #5062, #111, .T. ) ;
#2838 = VECTOR ( 'NONE', #5557, 1000.000000000000000 ) ;
#2839 = LINE ( 'NONE', #546, #3222 ) ;
#2840 = ADVANCED_FACE ( 'NONE', ( #253 ), #2631, .F. ) ;
#2841 = ORIENTED_EDGE ( 'NONE', *, *, #1586, .F. ) ;
#2842 = DIRECTION ( 'NONE',  ( -0.0000000000000000000, -0.0000000000000000000, 1.000000000000000000 ) ) ;
#2843 = DIRECTION ( 'NONE',  ( 1.284980352575412900E-015, -1.000000000000000000, 0.0000000000000000000 ) ) ;
#2844 = CYLINDRICAL_SURFACE ( 'NONE', #4558, 0.3999999999999999700 ) ;
#2845 = AXIS2_PLACEMENT_3D ( 'NONE', #4596, #4083, #4121 ) ;
#2846 = CIRCLE ( 'NONE', #1369, 1.000000000000000400 ) ;
#2847 = EDGE_CURVE ( 'NONE', #993, #3860, #3942, .T. ) ;
#2848 = EDGE_LOOP ( 'NONE', ( #5005, #4332, #2743, #5300 ) ) ;
#2849 = CARTESIAN_POINT ( 'NONE',  ( 0.2500000000000028300, 2.580384757729334400, -2.099999999999976100 ) ) ;
#2850 = CARTESIAN_POINT ( 'NONE',  ( 1.249999999999999300, -3.049999999999997200, 0.2500000000000003300 ) ) ;
#2851 = PLANE ( 'NONE',  #1953 ) ;
#2852 = DIRECTION ( 'NONE',  ( -0.9396926207859093200, -0.3420201433256664900, 0.0000000000000000000 ) ) ;
#2853 = COLOUR_RGB ( '',0.7921568627450980000, 0.8196078431372548800, 0.9333333333333333500 ) ;
#2854 = FACE_OUTER_BOUND ( 'NONE', #2270, .T. ) ;
#2855 = ORIENTED_EDGE ( 'NONE', *, *, #5752, .F. ) ;
#2856 = ORIENTED_EDGE ( 'NONE', *, *, #538, .F. ) ;
#2857 = DIRECTION ( 'NONE',  ( 0.0000000000000000000, -0.0000000000000000000, 1.000000000000000000 ) ) ;
#2858 = DIRECTION ( 'NONE',  ( 1.000000000000000000, -1.284980352575412900E-015, 0.0000000000000000000 ) ) ;
#2859 = FACE_OUTER_BOUND ( 'NONE', #2110, .T. ) ;
#2860 = ADVANCED_FACE ( 'NONE', ( #2250 ), #4374, .F. ) ;
#2861 = VERTEX_POINT ( 'NONE', #1035 ) ;
#2862 = EDGE_LOOP ( 'NONE', ( #5011, #1389, #2459, #771 ) ) ;
#2863 = AXIS2_PLACEMENT_3D ( 'NONE', #2045, #679, #3570 ) ;
#2864 = VECTOR ( 'NONE', #1981, 999.9999999999998900 ) ;
#2865 = CARTESIAN_POINT ( 'NONE',  ( 4.750000000000000900, -1.023890769675363900, -0.1651155134452243500 ) ) ;
#2866 = DIRECTION ( 'NONE',  ( 1.000000000000000000, -1.020425574104003900E-016, 0.0000000000000000000 ) ) ;
#2867 = EDGE_CURVE ( 'NONE', #5573, #152, #4914, .T. ) ;
#2868 = ORIENTED_EDGE ( 'NONE', *, *, #1057, .T. ) ;
#2869 = FACE_OUTER_BOUND ( 'NONE', #626, .T. ) ;
#2870 = DIRECTION ( 'NONE',  ( -1.000000000000000000, -5.421010862427523400E-017, -0.0000000000000000000 ) ) ;
#2871 = PLANE ( 'NONE',  #3626 ) ;
#2872 = DIRECTION ( 'NONE',  ( 0.0000000000000000000, 0.0000000000000000000, -1.000000000000000000 ) ) ;
#2873 = EDGE_CURVE ( 'NONE', #4915, #2278, #185, .T. ) ;
#2874 = ORIENTED_EDGE ( 'NONE', *, *, #196, .F. ) ;
#2875 = ADVANCED_FACE ( 'NONE', ( #6161 ), #1735, .F. ) ;
#2876 = EDGE_CURVE ( 'NONE', #1393, #5118, #5135, .T. ) ;
#2877 = VECTOR ( 'NONE', #274, 1000.000000000000000 ) ;
#2878 = DIRECTION ( 'NONE',  ( -0.0000000000000000000, -0.3420201433256668300, -0.9396926207859090900 ) ) ;
#2879 = CARTESIAN_POINT ( 'NONE',  ( -5.250000000000000900, 1.749999999999998900, -0.2499999999999996700 ) ) ;
#2880 = DIRECTION ( 'NONE',  ( -1.000000000000000000, 0.0000000000000000000, 0.0000000000000000000 ) ) ;
#2881 = ORIENTED_EDGE ( 'NONE', *, *, #3474, .F. ) ;
#2882 = ORIENTED_EDGE ( 'NONE', *, *, #2712, .T. ) ;
#2883 = LINE ( 'NONE', #645, #3575 ) ;
#2884 = VERTEX_POINT ( 'NONE', #2119 ) ;
#2885 = CARTESIAN_POINT ( 'NONE',  ( -5.250000000000000900, -0.9370666808418981500, 0.6727116369391208400 ) ) ;
#2886 = EDGE_CURVE ( 'NONE', #3346, #1176, #2720, .T. ) ;
#2887 = DIRECTION ( 'NONE',  ( 0.0000000000000000000, 0.8660254037844576900, -0.4999999999999669200 ) ) ;
#2888 = EDGE_LOOP ( 'NONE', ( #2400, #5197, #4660, #1314 ) ) ;
#2889 = LINE ( 'NONE', #5726, #1611 ) ;
#2890 = ADVANCED_FACE ( 'NONE', ( #2325 ), #1587, .F. ) ;
#2891 = ORIENTED_EDGE ( 'NONE', *, *, #1153, .T. ) ;
#2892 = DIRECTION ( 'NONE',  ( -1.000000000000000000, -0.0000000000000000000, -0.0000000000000000000 ) ) ;
#2893 = LINE ( 'NONE', #3873, #4871 ) ;
#2894 = VERTEX_POINT ( 'NONE', #165 ) ;
#2895 = CARTESIAN_POINT ( 'NONE',  ( -2.576049083098586500, 3.972073783719933400, 0.4239509169014144500 ) ) ;
#2896 = CARTESIAN_POINT ( 'NONE',  ( 1.109769791640809400, 4.835279330992293000, -0.1097697916408099700 ) ) ;
#2897 = CARTESIAN_POINT ( 'NONE',  ( -1.250000000000001100, 4.449999999999999300, 0.2500000000000003300 ) ) ;
#2898 = DIRECTION ( 'NONE',  ( 0.0000000000000000000, 1.000000000000000000, 0.0000000000000000000 ) ) ;
#2899 = CIRCLE ( 'NONE', #3362, 0.3999999999999998600 ) ;
#2900 = ORIENTED_EDGE ( 'NONE', *, *, #2584, .T. ) ;
#2901 = FACE_OUTER_BOUND ( 'NONE', #1703, .T. ) ;
#2902 = ORIENTED_EDGE ( 'NONE', *, *, #6127, .F. ) ;
#2903 = DIRECTION ( 'NONE',  ( -0.0000000000000000000, -0.9848077530122079100, 0.1736481776669314700 ) ) ;
#2904 = ADVANCED_FACE ( 'NONE', ( #1143 ), #3518, .F. ) ;
#2905 = DIRECTION ( 'NONE',  ( 0.0000000000000000000, 1.000000000000000000, 0.0000000000000000000 ) ) ;
#2906 = VECTOR ( 'NONE', #2286, 1000.000000000000000 ) ;
#2907 = ORIENTED_EDGE ( 'NONE', *, *, #4682, .F. ) ;
#2908 = EDGE_LOOP ( 'NONE', ( #1601, #2929, #5673, #4313, #3747, #572, #1946, #5705, #2475, #685, #2113, #326 ) ) ;
#2909 = EDGE_CURVE ( 'NONE', #1344, #5369, #696, .T. ) ;
#2910 = VECTOR ( 'NONE', #3515, 1000.000000000000000 ) ;
#2911 = CARTESIAN_POINT ( 'NONE',  ( -1.250000000000001100, 1.749999999999998900, -0.2500000000000001100 ) ) ;
#2912 = CARTESIAN_POINT ( 'NONE',  ( 5.122610418006829000, -3.356587955583267800, 0.2462019382530518900 ) ) ;
#2913 = EDGE_CURVE ( 'NONE', #5141, #212, #3481, .T. ) ;
#2914 = CARTESIAN_POINT ( 'NONE',  ( 0.0000000000000000000, 4.800000000000000700, -0.1226104180068295500 ) ) ;
#2915 = DIRECTION ( 'NONE',  ( 0.3236155771181831700, 0.8891264907159895900, -0.3236155771181831700 ) ) ;
#2916 = CARTESIAN_POINT ( 'NONE',  ( 6.950000000000000200, 0.0000000000000000000, -2.799999999999999400 ) ) ;
#2917 = FACE_OUTER_BOUND ( 'NONE', #919, .T. ) ;
#2918 =( GEOMETRIC_REPRESENTATION_CONTEXT ( 3 ) GLOBAL_UNCERTAINTY_ASSIGNED_CONTEXT ( ( #3314 ) ) GLOBAL_UNIT_ASSIGNED_CONTEXT ( ( #4172, #1702, #3168 ) ) REPRESENTATION_CONTEXT ( 'NONE', 'WORKASPACE' ) );
#2919 = AXIS2_PLACEMENT_3D ( 'NONE', #2147, #5038, #1195 ) ;
#2920 = CARTESIAN_POINT ( 'NONE',  ( 6.300000000000001600, 2.200000000000001500, 1.100000000000056700 ) ) ;
#2921 = DIRECTION ( 'NONE',  ( -0.0000000000000000000, 1.000000000000000000, 3.854941057726238600E-016 ) ) ;
#2922 = LINE ( 'NONE', #866, #901 ) ;
#2923 = DIRECTION ( 'NONE',  ( 0.0000000000000000000, 2.478176394252581100E-016, -1.000000000000000000 ) ) ;
#2924 = PRODUCT_DEFINITION_CONTEXT ( 'detailed design', #2651, 'design' ) ;
#2925 = ORIENTED_EDGE ( 'NONE', *, *, #4262, .T. ) ;
#2926 = LINE ( 'NONE', #1308, #390 ) ;
#2927 = LINE ( 'NONE', #1980, #4900 ) ;
#2928 = PLANE ( 'NONE',  #6033 ) ;
#2929 = ORIENTED_EDGE ( 'NONE', *, *, #1088, .T. ) ;
#2930 = FACE_OUTER_BOUND ( 'NONE', #513, .T. ) ;
#2931 = DIRECTION ( 'NONE',  ( 0.0000000000000000000, -0.0000000000000000000, 1.000000000000000000 ) ) ;
#2932 = EDGE_CURVE ( 'NONE', #674, #518, #178, .T. ) ;
#2933 = DIRECTION ( 'NONE',  ( -1.000000000000000000, -0.0000000000000000000, -0.0000000000000000000 ) ) ;
#2934 = DIRECTION ( 'NONE',  ( 0.3236155771181811200, 0.8891264907159901500, 0.3236155771181833400 ) ) ;
#2935 = ORIENTED_EDGE ( 'NONE', *, *, #1853, .T. ) ;
#2936 = DIRECTION ( 'NONE',  ( 0.0000000000000000000, 1.000000000000000000, 2.478176394252581100E-016 ) ) ;
#2937 = ORIENTED_EDGE ( 'NONE', *, *, #5877, .T. ) ;
#2938 = VERTEX_POINT ( 'NONE', #5569 ) ;
#2939 = ADVANCED_FACE ( 'NONE', ( #3548 ), #5131, .T. ) ;
#2940 = VECTOR ( 'NONE', #3934, 1000.000000000000000 ) ;
#2941 = VERTEX_POINT ( 'NONE', #806 ) ;
#2942 = DIRECTION ( 'NONE',  ( 0.9396926207859090900, -0.3420201433256669400, -0.0000000000000000000 ) ) ;
#2943 = PLANE ( 'NONE',  #4680 ) ;
#2944 = ORIENTED_EDGE ( 'NONE', *, *, #1009, .F. ) ;
#2945 = CARTESIAN_POINT ( 'NONE',  ( 4.750000000000000900, 4.449999999999997500, -0.2500000000000002800 ) ) ;
#2946 = ORIENTED_EDGE ( 'NONE', *, *, #3735, .F. ) ;
#2947 = COLOUR_RGB ( '',0.7921568627450980000, 0.8196078431372548800, 0.9333333333333333500 ) ;
#2948 = CARTESIAN_POINT ( 'NONE',  ( -5.122610418006829000, -3.378708924350133800, -0.1207476902531918900 ) ) ;
#2949 = ORIENTED_EDGE ( 'NONE', *, *, #6061, .F. ) ;
#2950 = AXIS2_PLACEMENT_3D ( 'NONE', #5836, #4442, #1539 ) ;
#2951 = EDGE_LOOP ( 'NONE', ( #3712, #2777, #1079, #4973, #1562, #1734, #1217, #3852, #5426, #2041, #4649, #5380, #3034, #5466, #2326, #3707, #4712, #4729, #1205, #925, #729, #2212, #5554, #5358, #4671, #2626, #4690, #5423 ) ) ;
#2952 = CARTESIAN_POINT ( 'NONE',  ( -5.250000000000000900, -0.5622400085051390000, 0.003626982163471926000 ) ) ;
#2953 = CARTESIAN_POINT ( 'NONE',  ( 4.750000000000000900, 2.710505431213761100E-017, -0.2499999999999996700 ) ) ;
#2954 = EDGE_CURVE ( 'NONE', #6031, #4034, #4532, .T. ) ;
#2955 = FACE_OUTER_BOUND ( 'NONE', #4502, .T. ) ;
#2956 = ORIENTED_EDGE ( 'NONE', *, *, #2584, .F. ) ;
#2957 = CARTESIAN_POINT ( 'NONE',  ( 4.750000000000000900, -3.011905242028990200, 0.1854250760696250800 ) ) ;
#2958 = CARTESIAN_POINT ( 'NONE',  ( 4.750000000000000900, -3.378708924350133800, 0.1207476902531919400 ) ) ;
#2959 = ORIENTED_EDGE ( 'NONE', *, *, #2128, .F. ) ;
#2960 = VECTOR ( 'NONE', #26, 1000.000000000000000 ) ;
#2961 = CARTESIAN_POINT ( 'NONE',  ( 4.749999999999999100, 0.1999999999999999600, -0.2500000000000000600 ) ) ;
#2962 = AXIS2_PLACEMENT_3D ( 'NONE', #1139, #1614, #3071 ) ;
#2963 = EDGE_CURVE ( 'NONE', #5321, #4408, #5277, .T. ) ;
#2964 = ORIENTED_EDGE ( 'NONE', *, *, #3534, .F. ) ;
#2965 = FACE_OUTER_BOUND ( 'NONE', #2848, .T. ) ;
#2966 = DIRECTION ( 'NONE',  ( 0.0000000000000000000, 1.000000000000000000, 2.478176394252581100E-016 ) ) ;
#2967 = ORIENTED_EDGE ( 'NONE', *, *, #2909, .T. ) ;
#2968 = LINE ( 'NONE', #1583, #5976 ) ;
#2969 = AXIS2_PLACEMENT_3D ( 'NONE', #1750, #1252, #5069 ) ;
#2970 = CARTESIAN_POINT ( 'NONE',  ( 3.249999999999999600, -6.505213034913026600E-016, -0.2500000000000001100 ) ) ;
#2971 = EDGE_CURVE ( 'NONE', #900, #23, #2087, .T. ) ;
#2972 = CARTESIAN_POINT ( 'NONE',  ( 2.749999999999999100, 4.449999999999999300, 0.2500000000000003300 ) ) ;
#2973 = ORIENTED_EDGE ( 'NONE', *, *, #4716, .T. ) ;
#2974 = VECTOR ( 'NONE', #3409, 1000.000000000000000 ) ;
#2975 = CARTESIAN_POINT ( 'NONE',  ( -0.7500000000000006700, -3.049999999999997200, 0.2500000000000003300 ) ) ;
#2976 = ORIENTED_EDGE ( 'NONE', *, *, #5273, .F. ) ;
#2977 = ORIENTED_EDGE ( 'NONE', *, *, #1643, .T. ) ;
#2978 = CARTESIAN_POINT ( 'NONE',  ( -0.7500000000000006700, 1.749999999999998900, -1.514441129821030200E-016 ) ) ;
#2979 = AXIS2_PLACEMENT_3D ( 'NONE', #3755, #4197, #6164 ) ;
#2980 = ORIENTED_EDGE ( 'NONE', *, *, #4024, .F. ) ;
#2981 = FACE_OUTER_BOUND ( 'NONE', #5890, .T. ) ;
#2982 = CARTESIAN_POINT ( 'NONE',  ( -5.250000000000000900, -6.505213034913026600E-016, 0.2499999999999998900 ) ) ;
#2983 = EDGE_LOOP ( 'NONE', ( #3946, #339, #1584, #3408 ) ) ;
#2984 = CARTESIAN_POINT ( 'NONE',  ( -6.299999999999999800, 1.749999999999999800, -2.399999999999944000 ) ) ;
#2985 = VECTOR ( 'NONE', #5881, 1000.000000000000000 ) ;
#2986 = EDGE_CURVE ( 'NONE', #1774, #4873, #3313, .T. ) ;
#2987 = LINE ( 'NONE', #5402, #5037 ) ;
#2988 = ORIENTED_EDGE ( 'NONE', *, *, #4982, .T. ) ;
#2989 = CARTESIAN_POINT ( 'NONE',  ( -0.2500000000000017200, 2.580384757729283300, -2.099999999999944600 ) ) ;
#2990 = LINE ( 'NONE', #6034, #1412 ) ;
#2991 = DIRECTION ( 'NONE',  ( -1.000000000000000000, -0.0000000000000000000, -0.0000000000000000000 ) ) ;
#2992 = DIRECTION ( 'NONE',  ( 0.0000000000000000000, 1.000000000000000000, 0.0000000000000000000 ) ) ;
#2993 = EDGE_CURVE ( 'NONE', #6180, #1036, #5652, .T. ) ;
#2994 = FACE_OUTER_BOUND ( 'NONE', #3585, .T. ) ;
#2995 = DIRECTION ( 'NONE',  ( 0.0000000000000000000, 2.478176394252581100E-016, -1.000000000000000000 ) ) ;
#2996 = PLANE ( 'NONE',  #1747 ) ;
#2997 = EDGE_CURVE ( 'NONE', #4944, #1393, #4311, .T. ) ;
#2998 = VECTOR ( 'NONE', #5410, 1000.000000000000000 ) ;
#2999 = DIRECTION ( 'NONE',  ( -0.0000000000000000000, 1.000000000000000000, 0.0000000000000000000 ) ) ;
#3000 = VECTOR ( 'NONE', #1148, 1000.000000000000000 ) ;
#3001 = VECTOR ( 'NONE', #1371, 1000.000000000000000 ) ;
#3002 = EDGE_LOOP ( 'NONE', ( #1999, #2593, #4401, #507 ) ) ;
#3003 = AXIS2_PLACEMENT_3D ( 'NONE', #2546, #2017, #3516 ) ;
#3004 = DIRECTION ( 'NONE',  ( 0.0000000000000000000, -0.0000000000000000000, 1.000000000000000000 ) ) ;
#3005 =( NAMED_UNIT ( * ) PLANE_ANGLE_UNIT ( ) SI_UNIT ( $, .RADIAN. ) );
#3006 = CARTESIAN_POINT ( 'NONE',  ( 6.899999999999993200, 3.099999999999994300, -2.399999999999991500 ) ) ;
#3007 = LINE ( 'NONE', #3449, #1279 ) ;
#3008 = VECTOR ( 'NONE', #482, 1000.000000000000000 ) ;
#3009 = EDGE_CURVE ( 'NONE', #4835, #2184, #2550, .T. ) ;
#3010 = VERTEX_POINT ( 'NONE', #3618 ) ;
#3011 = ORIENTED_EDGE ( 'NONE', *, *, #1325, .F. ) ;
#3012 = CARTESIAN_POINT ( 'NONE',  ( 4.786445002943956700, -3.191011317775757700, -0.2536997704507295000 ) ) ;
#3013 = LINE ( 'NONE', #2308, #1725 ) ;
#3014 = CARTESIAN_POINT ( 'NONE',  ( -0.8773895819931707400, -3.399999999999999900, 0.2500000000000003300 ) ) ;
#3015 = DIRECTION ( 'NONE',  ( 0.0000000000000000000, 0.0000000000000000000, -1.000000000000000000 ) ) ;
#3016 = ORIENTED_EDGE ( 'NONE', *, *, #5346, .F. ) ;
#3017 = AXIS2_PLACEMENT_3D ( 'NONE', #3423, #97, #1964 ) ;
#3018 = ORIENTED_EDGE ( 'NONE', *, *, #4887, .T. ) ;
#3019 = ORIENTED_EDGE ( 'NONE', *, *, #1472, .F. ) ;
#3020 = CARTESIAN_POINT ( 'NONE',  ( 4.750000000000000900, -0.9370666808418981500, 0.3272883630608796600 ) ) ;
#3021 = EDGE_CURVE ( 'NONE', #1802, #3773, #4014, .T. ) ;
#3022 = DIRECTION ( 'NONE',  ( 0.3236155771181827800, -0.8891264907159898100, 0.3236155771181827800 ) ) ;
#3023 = LINE ( 'NONE', #6131, #6102 ) ;
#3024 = ORIENTED_EDGE ( 'NONE', *, *, #276, .F. ) ;
#3025 = EDGE_LOOP ( 'NONE', ( #2891, #2209, #5786, #5609 ) ) ;
#3026 = ORIENTED_EDGE ( 'NONE', *, *, #5411, .T. ) ;
#3027 = SURFACE_SIDE_STYLE ('',( #2661 ) ) ;
#3028 = DIRECTION ( 'NONE',  ( -0.0000000000000000000, -0.0000000000000000000, 1.000000000000000000 ) ) ;
#3029 = ORIENTED_EDGE ( 'NONE', *, *, #5379, .T. ) ;
#3030 = ORIENTED_EDGE ( 'NONE', *, *, #2532, .F. ) ;
#3031 = LINE ( 'NONE', #5177, #3188 ) ;
#3032 = CARTESIAN_POINT ( 'NONE',  ( 4.877389581993172700, -3.421291075649866900, -0.1207476902531909900 ) ) ;
#3033 = EDGE_CURVE ( 'NONE', #924, #1566, #5875, .T. ) ;
#3034 = ORIENTED_EDGE ( 'NONE', *, *, #5841, .T. ) ;
#3035 = CARTESIAN_POINT ( 'NONE',  ( 4.877389581993171900, 4.800000000000000700, 0.1226104180068291200 ) ) ;
#3036 = EDGE_CURVE ( 'NONE', #3451, #5734, #1800, .T. ) ;
#3037 = LINE ( 'NONE', #3458, #6111 ) ;
#3038 = DIRECTION ( 'NONE',  ( 0.0000000000000000000, 0.0000000000000000000, 1.000000000000000000 ) ) ;
#3039 = CARTESIAN_POINT ( 'NONE',  ( -0.7500000000000006700, -6.505213034913026600E-016, 0.2499999999999998900 ) ) ;
#3040 = ORIENTED_EDGE ( 'NONE', *, *, #5029, .T. ) ;
#3041 = AXIS2_PLACEMENT_3D ( 'NONE', #3062, #5488, #2587 ) ;
#3042 = CARTESIAN_POINT ( 'NONE',  ( 5.799999999999999800, 4.000000000000001800, 1.499999999999999800 ) ) ;
#3043 = DIRECTION ( 'NONE',  ( 0.0000000000000000000, -0.3420201433256668300, 0.9396926207859090900 ) ) ;
#3044 = AXIS2_PLACEMENT_3D ( 'NONE', #5648, #2739, #1843 ) ;
#3045 = ORIENTED_EDGE ( 'NONE', *, *, #4137, .F. ) ;
#3046 = VECTOR ( 'NONE', #5327, 1000.000000000000000 ) ;
#3047 = EDGE_CURVE ( 'NONE', #3959, #6027, #5503, .T. ) ;
#3048 = ORIENTED_EDGE ( 'NONE', *, *, #5643, .T. ) ;
#3049 = CARTESIAN_POINT ( 'NONE',  ( -5.250000000000000900, -0.9370666808418981500, -0.3272883630608796600 ) ) ;
#3050 = PLANE ( 'NONE',  #3823 ) ;
#3051 = VECTOR ( 'NONE', #2240, 1000.000000000000000 ) ;
#3052 = ORIENTED_EDGE ( 'NONE', *, *, #4982, .F. ) ;
#3053 = AXIS2_PLACEMENT_3D ( 'NONE', #5868, #3912, #5324 ) ;
#3054 = CARTESIAN_POINT ( 'NONE',  ( 6.000000000000000000, 4.800000000000000700, 0.1226104180068297700 ) ) ;
#3055 = LINE ( 'NONE', #703, #5473 ) ;
#3056 = PLANE ( 'NONE',  #5855 ) ;
#3057 = EDGE_CURVE ( 'NONE', #3907, #3717, #4833, .T. ) ;
#3058 = CARTESIAN_POINT ( 'NONE',  ( 1.249999999999999300, -6.505213034913026600E-016, 0.2499999999999998900 ) ) ;
#3059 = VERTEX_POINT ( 'NONE', #3212 ) ;
#3060 = VECTOR ( 'NONE', #1124, 1000.000000000000000 ) ;
#3061 = ORIENTED_EDGE ( 'NONE', *, *, #4393, .T. ) ;
#3062 = CARTESIAN_POINT ( 'NONE',  ( 4.750000000000000900, -9.629649721936179300E-032, -0.4999999999999997800 ) ) ;
#3063 = CARTESIAN_POINT ( 'NONE',  ( 6.950000000000000200, 8.013668231414597300E-017, 1.700000000000000000 ) ) ;
#3064 = CARTESIAN_POINT ( 'NONE',  ( 5.300000000000000700, 2.200000000000001100, -2.399999999999942200 ) ) ;
#3065 = LINE ( 'NONE', #2414, #1846 ) ;
#3066 = CARTESIAN_POINT ( 'NONE',  ( -1.750000000000000700, -9.184850993605157100E-017, -2.799999999999999800 ) ) ;
#3067 = VERTEX_POINT ( 'NONE', #746 ) ;
#3068 = VERTEX_POINT ( 'NONE', #1727 ) ;
#3069 = FACE_OUTER_BOUND ( 'NONE', #1283, .T. ) ;
#3070 = CARTESIAN_POINT ( 'NONE',  ( -2.250000000000002700, 1.749999999999999800, -2.399999999999944800 ) ) ;
#3071 = DIRECTION ( 'NONE',  ( 0.0000000000000000000, 0.0000000000000000000, -1.000000000000000000 ) ) ;
#3072 = FACE_OUTER_BOUND ( 'NONE', #1918, .T. ) ;
#3073 = AXIS2_PLACEMENT_3D ( 'NONE', #3339, #954, #1426 ) ;
#3074 = VERTEX_POINT ( 'NONE', #1706 ) ;
#3075 = VECTOR ( 'NONE', #2574, 1000.000000000000000 ) ;
#3076 = EDGE_LOOP ( 'NONE', ( #1469, #4390, #116, #2627 ) ) ;
#3077 = CARTESIAN_POINT ( 'NONE',  ( 4.750000000000000900, -9.629649721936179300E-032, -0.4999999999999997800 ) ) ;
#3078 = ORIENTED_EDGE ( 'NONE', *, *, #871, .F. ) ;
#3079 = VECTOR ( 'NONE', #2218, 1000.000000000000000 ) ;
#3080 = DIRECTION ( 'NONE',  ( 0.0000000000000000000, 0.0000000000000000000, -1.000000000000000000 ) ) ;
#3081 = LINE ( 'NONE', #3804, #1052 ) ;
#3082 = EDGE_CURVE ( 'NONE', #5134, #5820, #327, .T. ) ;
#3083 = VERTEX_POINT ( 'NONE', #4606 ) ;
#3084 = DIRECTION ( 'NONE',  ( -1.000000000000000000, -5.421010862427523400E-017, -0.0000000000000000000 ) ) ;
#3085 = CARTESIAN_POINT ( 'NONE',  ( 6.950000000000000200, 0.0000000000000000000, 0.0000000000000000000 ) ) ;
#3086 = LINE ( 'NONE', #3248, #3861 ) ;
#3087 = ORIENTED_EDGE ( 'NONE', *, *, #3352, .F. ) ;
#3088 = CARTESIAN_POINT ( 'NONE',  ( -5.750000000000000900, -9.184850993605157100E-017, -2.799999999999999800 ) ) ;
#3089 = CARTESIAN_POINT ( 'NONE',  ( 8.949999999999999300, -3.399999999999999900, 0.0000000000000000000 ) ) ;
#3090 = DIRECTION ( 'NONE',  ( -0.0000000000000000000, -0.0000000000000000000, 1.000000000000000000 ) ) ;
#3091 = ORIENTED_EDGE ( 'NONE', *, *, #3405, .T. ) ;
#3092 = FACE_OUTER_BOUND ( 'NONE', #5578, .T. ) ;
#3093 = EDGE_CURVE ( 'NONE', #5879, #2735, #5349, .T. ) ;
#3094 = ORIENTED_EDGE ( 'NONE', *, *, #4272, .F. ) ;
#3095 = CARTESIAN_POINT ( 'NONE',  ( 2.749999999999999100, 4.449999999999999300, -0.2500000000000001100 ) ) ;
#3096 = DIRECTION ( 'NONE',  ( 1.000000000000000000, 0.0000000000000000000, 0.0000000000000000000 ) ) ;
#3097 = CARTESIAN_POINT ( 'NONE',  ( 6.300000000000000700, 1.749999999999998900, 1.100000000000056500 ) ) ;
#3098 = EDGE_LOOP ( 'NONE', ( #1253, #25, #5284, #4760 ) ) ;
#3099 = VECTOR ( 'NONE', #3743, 1000.000000000000000 ) ;
#3100 = ORIENTED_EDGE ( 'NONE', *, *, #1675, .F. ) ;
#3101 = DIRECTION ( 'NONE',  ( -1.000000000000000000, 0.0000000000000000000, -0.0000000000000000000 ) ) ;
#3102 = VERTEX_POINT ( 'NONE', #370 ) ;
#3103 = FACE_OUTER_BOUND ( 'NONE', #4351, .T. ) ;
#3104 = DIRECTION ( 'NONE',  ( 0.0000000000000000000, 1.000000000000000000, 1.141265444721583800E-016 ) ) ;
#3105 = ORIENTED_EDGE ( 'NONE', *, *, #1748, .T. ) ;
#3106 = ORIENTED_EDGE ( 'NONE', *, *, #2993, .F. ) ;
#3107 = FACE_OUTER_BOUND ( 'NONE', #3962, .T. ) ;
#3108 = DIRECTION ( 'NONE',  ( 0.0000000000000000000, 0.0000000000000000000, -1.000000000000000000 ) ) ;
#3109 = DIRECTION ( 'NONE',  ( 1.284980352575412900E-015, 1.000000000000000000, 0.0000000000000000000 ) ) ;
#3110 = ORIENTED_EDGE ( 'NONE', *, *, #4462, .F. ) ;
#3111 = FACE_OUTER_BOUND ( 'NONE', #6129, .T. ) ;
#3112 = DIRECTION ( 'NONE',  ( -0.9396926207859090900, -0.3420201433256669400, -0.0000000000000000000 ) ) ;
#3113 = EDGE_CURVE ( 'NONE', #2735, #5796, #5128, .T. ) ;
#3114 = DIRECTION ( 'NONE',  ( -0.0000000000000000000, -0.0000000000000000000, 1.000000000000000000 ) ) ;
#3115 = DIRECTION ( 'NONE',  ( 1.000000000000000000, 0.0000000000000000000, 0.0000000000000000000 ) ) ;
#3116 = CARTESIAN_POINT ( 'NONE',  ( -3.250000000000001300, 1.749999999999998900, -1.514441129821030200E-016 ) ) ;
#3117 = EDGE_CURVE ( 'NONE', #5906, #768, #986, .T. ) ;
#3118 = ORIENTED_EDGE ( 'NONE', *, *, #6038, .T. ) ;
#3119 = ADVANCED_FACE ( 'NONE', ( #2930 ), #6120, .T. ) ;
#3120 = COLOUR_RGB ( '',0.7921568627450980000, 0.8196078431372548800, 0.9333333333333333500 ) ;
#3121 = APPLICATION_CONTEXT ( 'automotive_design' ) ;
#3122 = DIRECTION ( 'NONE',  ( 0.0000000000000000000, 0.0000000000000000000, -1.000000000000000000 ) ) ;
#3123 = AXIS2_PLACEMENT_3D ( 'NONE', #5686, #2280, #5666 ) ;
#3124 = ORIENTED_EDGE ( 'NONE', *, *, #5236, .F. ) ;
#3125 = DIRECTION ( 'NONE',  ( 0.0000000000000000000, 0.0000000000000000000, -1.000000000000000000 ) ) ;
#3126 = AXIS2_PLACEMENT_3D ( 'NONE', #5054, #6046, #752 ) ;
#3127 = CARTESIAN_POINT ( 'NONE',  ( 4.750000000000000900, -3.011905242028990200, 0.1854250760696250800 ) ) ;
#3128 = LINE ( 'NONE', #184, #1172 ) ;
#3129 = DIRECTION ( 'NONE',  ( 0.0000000000000000000, 0.0000000000000000000, -1.000000000000000000 ) ) ;
#3130 = ORIENTED_EDGE ( 'NONE', *, *, #3381, .F. ) ;
#3131 = CARTESIAN_POINT ( 'NONE',  ( 0.0000000000000000000, 0.0000000000000000000, -2.099999999999944600 ) ) ;
#3132 = ORIENTED_EDGE ( 'NONE', *, *, #1102, .T. ) ;
#3133 = DIRECTION ( 'NONE',  ( 0.0000000000000000000, 0.0000000000000000000, -1.000000000000000000 ) ) ;
#3134 = VERTEX_POINT ( 'NONE', #412 ) ;
#3135 = LINE ( 'NONE', #2865, #3282 ) ;
#3136 = EDGE_LOOP ( 'NONE', ( #5816, #501, #3664, #4987 ) ) ;
#3137 =( GEOMETRIC_REPRESENTATION_CONTEXT ( 3 ) GLOBAL_UNCERTAINTY_ASSIGNED_CONTEXT ( ( #5710 ) ) GLOBAL_UNIT_ASSIGNED_CONTEXT ( ( #5979, #5959, #2625 ) ) REPRESENTATION_CONTEXT ( 'NONE', 'WORKASPACE' ) );
#3138 = CARTESIAN_POINT ( 'NONE',  ( 3.249999999999999600, 0.1999999999999999800, -0.2500000000000000000 ) ) ;
#3139 = CIRCLE ( 'NONE', #4993, 1.000000000000000400 ) ;
#3140 = DIRECTION ( 'NONE',  ( 0.0000000000000000000, 1.355252715606880500E-016, -1.000000000000000000 ) ) ;
#3141 = EDGE_CURVE ( 'NONE', #286, #4496, #1871, .T. ) ;
#3142 = LINE ( 'NONE', #287, #5778 ) ;
#3143 = PRODUCT_CONTEXT ( 'NONE', #5105, 'mechanical' ) ;
#3144 = EDGE_LOOP ( 'NONE', ( #1868, #5971, #1519, #265 ) ) ;
#3145 = CARTESIAN_POINT ( 'NONE',  ( 3.800000000000000300, 6.000000000000000900, 1.700000000000000000 ) ) ;
#3146 = DIRECTION ( 'NONE',  ( -0.0000000000000000000, -0.9848077530122076900, 0.1736481776669322700 ) ) ;
#3147 = CARTESIAN_POINT ( 'NONE',  ( 12.94999999999999900, -3.399999999999999900, 0.1226104180068293400 ) ) ;
#3148 = LINE ( 'NONE', #1530, #1855 ) ;
#3149 = VECTOR ( 'NONE', #3510, 1000.000000000000000 ) ;
#3150 = CARTESIAN_POINT ( 'NONE',  ( -5.083588031202427100, 4.907213126598322500, -0.08358803120242594400 ) ) ;
#3151 = CARTESIAN_POINT ( 'NONE',  ( 1.749999999999997100, 1.749999999999999800, -2.099999999999944600 ) ) ;
#3152 = CARTESIAN_POINT ( 'NONE',  ( 4.750000000000000900, 4.449999999999997500, -0.2500000000000002800 ) ) ;
#3153 = LINE ( 'NONE', #3116, #3000 ) ;
#3154 = EDGE_CURVE ( 'NONE', #5032, #3134, #2393, .T. ) ;
#3155 = LINE ( 'NONE', #3464, #759 ) ;
#3156 = EDGE_CURVE ( 'NONE', #6022, #4516, #772, .T. ) ;
#3157 = VERTEX_POINT ( 'NONE', #2246 ) ;
#3158 = DIRECTION ( 'NONE',  ( -1.000000000000000000, -0.0000000000000000000, -0.0000000000000000000 ) ) ;
#3159 = VECTOR ( 'NONE', #4360, 1000.000000000000000 ) ;
#3160 = DIRECTION ( 'NONE',  ( 0.0000000000000000000, 0.0000000000000000000, -1.000000000000000000 ) ) ;
#3161 = DIRECTION ( 'NONE',  ( -0.0000000000000000000, -0.0000000000000000000, 1.000000000000000000 ) ) ;
#3162 = CARTESIAN_POINT ( 'NONE',  ( 4.249999999999999100, -4.607859233063394800E-016, 1.699999999999999700 ) ) ;
#3163 = LINE ( 'NONE', #977, #5871 ) ;
#3164 = CARTESIAN_POINT ( 'NONE',  ( 3.249999999999999600, -3.049999999999997200, -0.2500000000000001100 ) ) ;
#3165 = CARTESIAN_POINT ( 'NONE',  ( -5.122610418006829000, -3.356587955583267800, -0.2462019382530518900 ) ) ;
#3166 = VERTEX_POINT ( 'NONE', #5171 ) ;
#3167 = ORIENTED_EDGE ( 'NONE', *, *, #749, .F. ) ;
#3168 =( NAMED_UNIT ( * ) SI_UNIT ( $, .STERADIAN. ) SOLID_ANGLE_UNIT ( ) );
#3169 = DIRECTION ( 'NONE',  ( -1.000000000000000000, -0.0000000000000000000, -0.0000000000000000000 ) ) ;
#3170 = EDGE_CURVE ( 'NONE', #5970, #129, #3086, .T. ) ;
#3171 = LINE ( 'NONE', #3752, #4235 ) ;
#3172 = CARTESIAN_POINT ( 'NONE',  ( 4.750000000000000900, 4.449999999999997500, 0.2500000000000001700 ) ) ;
#3173 = ORIENTED_EDGE ( 'NONE', *, *, #1579, .T. ) ;
#3174 = ORIENTED_EDGE ( 'NONE', *, *, #1505, .F. ) ;
#3175 = DIRECTION ( 'NONE',  ( 0.0000000000000000000, 0.0000000000000000000, -1.000000000000000000 ) ) ;
#3176 = DIRECTION ( 'NONE',  ( -1.000000000000000000, -8.673617379884035500E-016, -1.720955829342104200E-017 ) ) ;
#3177 = ORIENTED_EDGE ( 'NONE', *, *, #2620, .F. ) ;
#3178 = STYLED_ITEM ( 'NONE', ( #1521 ), #2531 ) ;
#3179 = EDGE_CURVE ( 'NONE', #3284, #5651, #3171, .T. ) ;
#3180 = LINE ( 'NONE', #4679, #6177 ) ;
#3181 = SURFACE_SIDE_STYLE ('',( #5256 ) ) ;
#3182 = ORIENTED_EDGE ( 'NONE', *, *, #4150, .T. ) ;
#3183 = PLANE ( 'NONE',  #2265 ) ;
#3184 =( NAMED_UNIT ( * ) PLANE_ANGLE_UNIT ( ) SI_UNIT ( $, .RADIAN. ) );
#3185 = CARTESIAN_POINT ( 'NONE',  ( -4.750000000000000900, -9.629649721936179300E-032, 0.4999999999999997800 ) ) ;
#3186 = DIRECTION ( 'NONE',  ( -1.000000000000000000, 0.0000000000000000000, 0.0000000000000000000 ) ) ;
#3187 = DIRECTION ( 'NONE',  ( 0.0000000000000000000, -2.478176394252581100E-016, 1.000000000000000000 ) ) ;
#3188 = VECTOR ( 'NONE', #4219, 1000.000000000000000 ) ;
#3189 = AXIS2_PLACEMENT_3D ( 'NONE', #689, #1592, #2122 ) ;
#3190 = CARTESIAN_POINT ( 'NONE',  ( 2.749999999999999100, 4.449999999999999300, 0.2500000000000003300 ) ) ;
#3191 = VERTEX_POINT ( 'NONE', #5654 ) ;
#3192 = DIRECTION ( 'NONE',  ( 0.0000000000000000000, 0.9848077530122079100, -0.1736481776669314700 ) ) ;
#3193 = DIRECTION ( 'NONE',  ( 1.000000000000000000, -0.0000000000000000000, 0.0000000000000000000 ) ) ;
#3194 = VECTOR ( 'NONE', #913, 1000.000000000000000 ) ;
#3195 = ORIENTED_EDGE ( 'NONE', *, *, #2034, .T. ) ;
#3196 = CARTESIAN_POINT ( 'NONE',  ( 4.750000000000000900, -0.9370666808418981500, -0.1727116369391203400 ) ) ;
#3197 = VERTEX_POINT ( 'NONE', #5638 ) ;
#3198 = EDGE_CURVE ( 'NONE', #4935, #15, #845, .T. ) ;
#3199 = FACE_OUTER_BOUND ( 'NONE', #4356, .T. ) ;
#3200 = DIRECTION ( 'NONE',  ( 0.0000000000000000000, -0.3420201433256669400, 0.9396926207859090900 ) ) ;
#3201 = DIRECTION ( 'NONE',  ( 0.0000000000000000000, -0.3420201433256665500, 0.9396926207859092100 ) ) ;
#3202 = DIRECTION ( 'NONE',  ( -0.0000000000000000000, -0.0000000000000000000, -1.000000000000000000 ) ) ;
#3203 = EDGE_CURVE ( 'NONE', #1531, #6170, #625, .T. ) ;
#3204 = DIRECTION ( 'NONE',  ( -0.0000000000000000000, 0.0000000000000000000, 1.000000000000000000 ) ) ;
#3205 = UNCERTAINTY_MEASURE_WITH_UNIT (LENGTH_MEASURE( 1.000000000000000100E-005 ), #5612, 'distance_accuracy_value', 'NONE');
#3206 = ORIENTED_EDGE ( 'NONE', *, *, #644, .F. ) ;
#3207 = DIRECTION ( 'NONE',  ( 0.0000000000000000000, -1.000000000000000000, 0.0000000000000000000 ) ) ;
#3208 = VECTOR ( 'NONE', #1066, 1000.000000000000000 ) ;
#3209 = DIRECTION ( 'NONE',  ( -1.000000000000000000, 0.0000000000000000000, 0.0000000000000000000 ) ) ;
#3210 = ORIENTED_EDGE ( 'NONE', *, *, #5735, .T. ) ;
#3211 = FACE_OUTER_BOUND ( 'NONE', #3629, .T. ) ;
#3212 = CARTESIAN_POINT ( 'NONE',  ( 1.122610418006829300, -3.399999999999999900, 0.1226104180068293400 ) ) ;
#3213 = EDGE_LOOP ( 'NONE', ( #5245, #4088, #1912, #2494 ) ) ;
#3214 = ORIENTED_EDGE ( 'NONE', *, *, #795, .T. ) ;
#3215 = EDGE_CURVE ( 'NONE', #837, #3451, #1650, .T. ) ;
#3216 = ADVANCED_FACE ( 'NONE', ( #5577 ), #4213, .F. ) ;
#3217 = CARTESIAN_POINT ( 'NONE',  ( 0.7499999999999988900, -6.505213034913026600E-016, 0.2499999999999998900 ) ) ;
#3218 = CARTESIAN_POINT ( 'NONE',  ( 4.749999999999999100, -6.505213034913026600E-016, 0.2499999999999998900 ) ) ;
#3219 = VECTOR ( 'NONE', #805, 1000.000000000000000 ) ;
#3220 = ORIENTED_EDGE ( 'NONE', *, *, #4331, .F. ) ;
#3221 = ORIENTED_EDGE ( 'NONE', *, *, #1325, .T. ) ;
#3222 = VECTOR ( 'NONE', #5280, 1000.000000000000000 ) ;
#3223 = CARTESIAN_POINT ( 'NONE',  ( 3.749999999999997800, 1.957596189432282600, -1.740432852445506200 ) ) ;
#3224 = CARTESIAN_POINT ( 'NONE',  ( 1.122610418006829300, -3.399999999999999900, 0.0000000000000000000 ) ) ;
#3225 = DIRECTION ( 'NONE',  ( 0.0000000000000000000, -0.1736481776669313600, 0.9848077530122079100 ) ) ;
#3226 = ORIENTED_EDGE ( 'NONE', *, *, #2154, .T. ) ;
#3227 = LINE ( 'NONE', #3196, #2077 ) ;
#3228 = ORIENTED_EDGE ( 'NONE', *, *, #1024, .T. ) ;
#3229 = DIRECTION ( 'NONE',  ( -0.0000000000000000000, 1.000000000000000000, 0.0000000000000000000 ) ) ;
#3230 = VECTOR ( 'NONE', #2155, 1000.000000000000000 ) ;
#3231 = CIRCLE ( 'NONE', #4495, 0.5000000000000000000 ) ;
#3232 = ORIENTED_EDGE ( 'NONE', *, *, #3573, .T. ) ;
#3233 = CARTESIAN_POINT ( 'NONE',  ( -3.250000000000001300, -6.505213034913026600E-016, 0.2499999999999998900 ) ) ;
#3234 = EDGE_CURVE ( 'NONE', #794, #3959, #3013, .T. ) ;
#3235 = VECTOR ( 'NONE', #6065, 1000.000000000000000 ) ;
#3236 = EDGE_CURVE ( 'NONE', #5801, #4642, #1945, .T. ) ;
#3237 = ORIENTED_EDGE ( 'NONE', *, *, #5974, .T. ) ;
#3238 = CARTESIAN_POINT ( 'NONE',  ( 3.749999999999999100, 0.2000000000000000100, 1.699999999999999700 ) ) ;
#3239 = ORIENTED_EDGE ( 'NONE', *, *, #4185, .T. ) ;
#3240 = CARTESIAN_POINT ( 'NONE',  ( 6.950000000000000200, 0.0000000000000000000, 0.0000000000000000000 ) ) ;
#3241 = CARTESIAN_POINT ( 'NONE',  ( -5.250000000000000900, 4.800000000000000700, 0.2500000000000003300 ) ) ;
#3242 = LINE ( 'NONE', #4397, #1512 ) ;
#3243 = ADVANCED_FACE ( 'NONE', ( #2859 ), #3796, .F. ) ;
#3244 = AXIS2_PLACEMENT_3D ( 'NONE', #3843, #971, #935 ) ;
#3245 = ORIENTED_EDGE ( 'NONE', *, *, #1990, .F. ) ;
#3246 = VERTEX_POINT ( 'NONE', #6183 ) ;
#3247 = DIRECTION ( 'NONE',  ( 1.000000000000000000, 0.0000000000000000000, 0.0000000000000000000 ) ) ;
#3248 = CARTESIAN_POINT ( 'NONE',  ( 0.8902302083591902000, -3.435279330992292700, -0.1097697916408096200 ) ) ;
#3249 = EDGE_LOOP ( 'NONE', ( #4436, #1935, #601, #4114 ) ) ;
#3250 = ORIENTED_EDGE ( 'NONE', *, *, #3780, .T. ) ;
#3251 = VECTOR ( 'NONE', #5092, 1000.000000000000000 ) ;
#3252 = DIRECTION ( 'NONE',  ( 0.0000000000000000000, -0.1736481776669313600, -0.9848077530122079100 ) ) ;
#3253 = DIRECTION ( 'NONE',  ( 0.0000000000000000000, 0.0000000000000000000, -1.000000000000000000 ) ) ;
#3254 = DIRECTION ( 'NONE',  ( -0.0000000000000000000, -0.0000000000000000000, 1.000000000000000000 ) ) ;
#3255 = ORIENTED_EDGE ( 'NONE', *, *, #2710, .T. ) ;
#3256 = EDGE_CURVE ( 'NONE', #4166, #5764, #5425, .T. ) ;
#3257 = ADVANCED_FACE ( 'NONE', ( #4754 ), #2415, .F. ) ;
#3258 = VERTEX_POINT ( 'NONE', #2769 ) ;
#3259 = LINE ( 'NONE', #4804, #2491 ) ;
#3260 = PLANE ( 'NONE',  #5943 ) ;
#3261 = FILL_AREA_STYLE_COLOUR ( '', #3561 ) ;
#3262 = CARTESIAN_POINT ( 'NONE',  ( -5.250000000000000900, -9.629649721936179300E-032, 0.4999999999999997800 ) ) ;
#3263 = VERTEX_POINT ( 'NONE', #5712 ) ;
#3264 = LINE ( 'NONE', #313, #728 ) ;
#3265 = VERTEX_POINT ( 'NONE', #3378 ) ;
#3266 = DIRECTION ( 'NONE',  ( 0.0000000000000000000, -0.1736481776669313600, 0.9848077530122079100 ) ) ;
#3267 = LINE ( 'NONE', #2447, #1537 ) ;
#3268 = AXIS2_PLACEMENT_3D ( 'NONE', #1462, #4839, #4924 ) ;
#3269 = ADVANCED_FACE ( 'NONE', ( #2468 ), #2928, .F. ) ;
#3270 = EDGE_CURVE ( 'NONE', #4585, #5449, #1198, .T. ) ;
#3271 = CARTESIAN_POINT ( 'NONE',  ( 6.950000000000000200, -9.629649721936179300E-032, 1.699999999999999700 ) ) ;
#3272 = EDGE_LOOP ( 'NONE', ( #3342, #1137, #5665, #5725 ) ) ;
#3273 = DIRECTION ( 'NONE',  ( 1.000000000000000000, 4.336808689942013800E-016, -0.0000000000000000000 ) ) ;
#3274 = VECTOR ( 'NONE', #4409, 1000.000000000000000 ) ;
#3275 = ORIENTED_EDGE ( 'NONE', *, *, #4424, .F. ) ;
#3276 = AXIS2_PLACEMENT_3D ( 'NONE', #3089, #1635, #5016 ) ;
#3277 = DIRECTION ( 'NONE',  ( -1.000000000000000000, -0.0000000000000000000, -0.0000000000000000000 ) ) ;
#3278 = CARTESIAN_POINT ( 'NONE',  ( 0.7499999999999988900, -7.507106781186548600, 0.2500000000000003300 ) ) ;
#3279 = DIRECTION ( 'NONE',  ( -1.000000000000000000, -5.421010862427523400E-017, -1.343422115225471600E-032 ) ) ;
#3280 = CARTESIAN_POINT ( 'NONE',  ( 4.750000000000000900, 4.449999999999997500, -0.4999999999999997800 ) ) ;
#3281 = EDGE_CURVE ( 'NONE', #3010, #5448, #4005, .T. ) ;
#3282 = VECTOR ( 'NONE', #4798, 1000.000000000000000 ) ;
#3283 = ORIENTED_EDGE ( 'NONE', *, *, #2373, .F. ) ;
#3284 = VERTEX_POINT ( 'NONE', #1908 ) ;
#3285 = LINE ( 'NONE', #3039, #2767 ) ;
#3286 = ADVANCED_FACE ( 'NONE', ( #1427 ), #515, .F. ) ;
#3287 = DIRECTION ( 'NONE',  ( -1.000000000000000000, 0.0000000000000000000, 0.0000000000000000000 ) ) ;
#3288 = ADVANCED_FACE ( 'NONE', ( #4457 ), #983, .F. ) ;
#3289 = CARTESIAN_POINT ( 'NONE',  ( 4.749999999999999100, 0.1999999999999999600, 0.2499999999999999400 ) ) ;
#3290 = ORIENTED_EDGE ( 'NONE', *, *, #1733, .F. ) ;
#3291 = CYLINDRICAL_SURFACE ( 'NONE', #2529, 1.000000000000000400 ) ;
#3292 = FACE_OUTER_BOUND ( 'NONE', #5242, .T. ) ;
#3293 = EDGE_CURVE ( 'NONE', #3801, #2074, #4081, .T. ) ;
#3294 = CARTESIAN_POINT ( 'NONE',  ( -3.800000000000000300, 6.000000000000000900, 1.700000000000000000 ) ) ;
#3295 = LINE ( 'NONE', #4217, #3693 ) ;
#3296 = EDGE_LOOP ( 'NONE', ( #1065, #5126, #5357, #2709 ) ) ;
#3297 = AXIS2_PLACEMENT_3D ( 'NONE', #2982, #132, #4938 ) ;
#3298 = LINE ( 'NONE', #5008, #5044 ) ;
#3299 = DIRECTION ( 'NONE',  ( -1.000000000000000000, 0.0000000000000000000, 0.0000000000000000000 ) ) ;
#3300 = DIRECTION ( 'NONE',  ( 0.0000000000000000000, -0.3420201433256669400, -0.9396926207859090900 ) ) ;
#3301 = CARTESIAN_POINT ( 'NONE',  ( 4.249999999999999100, 0.1999999999999999300, -2.799999999999999800 ) ) ;
#3302 = FACE_OUTER_BOUND ( 'NONE', #4045, .T. ) ;
#3303 = CARTESIAN_POINT ( 'NONE',  ( -2.250000000000001800, 2.580384757729306000, -2.099999999999944600 ) ) ;
#3304 = ADVANCED_FACE ( 'NONE', ( #2387 ), #1485, .F. ) ;
#3305 = ORIENTED_EDGE ( 'NONE', *, *, #5438, .F. ) ;
#3306 = LINE ( 'NONE', #658, #5119 ) ;
#3307 = FACE_BOUND ( 'NONE', #5249, .T. ) ;
#3308 = CARTESIAN_POINT ( 'NONE',  ( 2.877389581993171000, -3.399999999999999900, 0.1226104180068293400 ) ) ;
#3309 = CARTESIAN_POINT ( 'NONE',  ( -1.848196142911532300, -0.5723142658723154900, -1.151803857088474300 ) ) ;
#3310 = EDGE_CURVE ( 'NONE', #5944, #2263, #1353, .T. ) ;
#3311 = ORIENTED_EDGE ( 'NONE', *, *, #4802, .T. ) ;
#3312 = ORIENTED_EDGE ( 'NONE', *, *, #2532, .T. ) ;
#3313 = LINE ( 'NONE', #3660, #398 ) ;
#3314 = UNCERTAINTY_MEASURE_WITH_UNIT (LENGTH_MEASURE( 1.000000000000000100E-005 ), #4172, 'distance_accuracy_value', 'NONE');
#3315 = CARTESIAN_POINT ( 'NONE',  ( -4.750000000000000900, -1.023890769675363900, 0.1651155134452243500 ) ) ;
#3316 = DIRECTION ( 'NONE',  ( -1.000000000000000000, -0.0000000000000000000, 0.0000000000000000000 ) ) ;
#3317 = CARTESIAN_POINT ( 'NONE',  ( 6.300000000000001600, 2.200000000000001500, 1.700000000000000000 ) ) ;
#3318 = ORIENTED_EDGE ( 'NONE', *, *, #4487, .F. ) ;
#3319 = AXIS2_PLACEMENT_3D ( 'NONE', #3547, #613, #4523 ) ;
#3320 = ORIENTED_EDGE ( 'NONE', *, *, #3677, .T. ) ;
#3321 = ADVANCED_FACE ( 'NONE', ( #2704 ), #3404, .T. ) ;
#3322 = EDGE_CURVE ( 'NONE', #5458, #5186, #3473, .T. ) ;
#3323 = LINE ( 'NONE', #1243, #4248 ) ;
#3324 = ORIENTED_EDGE ( 'NONE', *, *, #1955, .F. ) ;
#3325 = DIRECTION ( 'NONE',  ( -1.000000000000000000, -0.0000000000000000000, -0.0000000000000000000 ) ) ;
#3326 = DIRECTION ( 'NONE',  ( -1.000000000000000000, 0.0000000000000000000, 0.0000000000000000000 ) ) ;
#3327 = DIRECTION ( 'NONE',  ( 0.0000000000000000000, 0.0000000000000000000, 1.000000000000000000 ) ) ;
#3328 = FACE_OUTER_BOUND ( 'NONE', #630, .T. ) ;
#3329 = ORIENTED_EDGE ( 'NONE', *, *, #734, .T. ) ;
#3330 = CARTESIAN_POINT ( 'NONE',  ( -3.250000000000001300, 4.449999999999999300, 0.2500000000000003300 ) ) ;
#3331 = EDGE_CURVE ( 'NONE', #3932, #5734, #172, .T. ) ;
#3332 = DIRECTION ( 'NONE',  ( -1.000000000000000000, -0.0000000000000000000, -0.0000000000000000000 ) ) ;
#3333 = VECTOR ( 'NONE', #629, 1000.000000000000000 ) ;
#3334 = VERTEX_POINT ( 'NONE', #2437 ) ;
#3335 = ADVANCED_FACE ( 'NONE', ( #4904 ), #1951, .T. ) ;
#3336 = CARTESIAN_POINT ( 'NONE',  ( -5.250000000000000900, -1.023890769675363900, 0.1651155134452243500 ) ) ;
#3337 = DIRECTION ( 'NONE',  ( 0.0000000000000000000, 1.141265444721583800E-016, -1.000000000000000000 ) ) ;
#3338 = VECTOR ( 'NONE', #5113, 1000.000000000000000 ) ;
#3339 = CARTESIAN_POINT ( 'NONE',  ( 4.750000000000000900, -0.9370666808418981500, 0.3272883630608796600 ) ) ;
#3340 = EDGE_CURVE ( 'NONE', #152, #3191, #915, .T. ) ;
#3341 = EDGE_LOOP ( 'NONE', ( #1657, #3052, #3913, #1847 ) ) ;
#3342 = ORIENTED_EDGE ( 'NONE', *, *, #3236, .F. ) ;
#3343 = DIRECTION ( 'NONE',  ( 0.0000000000000000000, 0.0000000000000000000, 1.000000000000000000 ) ) ;
#3344 = CARTESIAN_POINT ( 'NONE',  ( 6.950000000000000200, 0.2000000000000000700, 1.699999999999999700 ) ) ;
#3345 = ORIENTED_EDGE ( 'NONE', *, *, #5291, .T. ) ;
#3346 = VERTEX_POINT ( 'NONE', #4799 ) ;
#3347 = FACE_OUTER_BOUND ( 'NONE', #1179, .T. ) ;
#3348 = ADVANCED_FACE ( 'NONE', ( #4673 ), #2785, .F. ) ;
#3349 = CARTESIAN_POINT ( 'NONE',  ( -3.749999999999999100, 1.749999999999999800, -2.399999999999944800 ) ) ;
#3350 = VERTEX_POINT ( 'NONE', #4443 ) ;
#3351 = VERTEX_POINT ( 'NONE', #5878 ) ;
#3352 = EDGE_CURVE ( 'NONE', #5141, #4569, #3306, .T. ) ;
#3353 = VECTOR ( 'NONE', #5630, 1000.000000000000000 ) ;
#3354 = EDGE_CURVE ( 'NONE', #4249, #4516, #3007, .T. ) ;
#3355 = VERTEX_POINT ( 'NONE', #3983 ) ;
#3356 = CARTESIAN_POINT ( 'NONE',  ( -4.877389581993171900, 4.800000000000000700, 0.2500000000000003300 ) ) ;
#3357 = LINE ( 'NONE', #5504, #816 ) ;
#3358 = DIRECTION ( 'NONE',  ( 0.0000000000000000000, 1.000000000000000000, 0.0000000000000000000 ) ) ;
#3359 = ORIENTED_EDGE ( 'NONE', *, *, #6029, .T. ) ;
#3360 = FACE_OUTER_BOUND ( 'NONE', #386, .T. ) ;
#3361 = ORIENTED_EDGE ( 'NONE', *, *, #2096, .F. ) ;
#3362 = AXIS2_PLACEMENT_3D ( 'NONE', #585, #4426, #5399 ) ;
#3363 = AXIS2_PLACEMENT_3D ( 'NONE', #3224, #6152, #359 ) ;
#3364 = VECTOR ( 'NONE', #2768, 1000.000000000000000 ) ;
#3365 = DIRECTION ( 'NONE',  ( -1.284980352575413100E-015, 1.000000000000000000, 0.0000000000000000000 ) ) ;
#3366 = DIRECTION ( 'NONE',  ( 1.000000000000000000, -0.0000000000000000000, 0.0000000000000000000 ) ) ;
#3367 = ORIENTED_EDGE ( 'NONE', *, *, #4758, .F. ) ;
#3368 = EDGE_LOOP ( 'NONE', ( #135, #1578, #4683, #3305 ) ) ;
#3369 = DIRECTION ( 'NONE',  ( 0.0000000000000000000, -1.000000000000000000, -1.129377263005733600E-016 ) ) ;
#3370 = CARTESIAN_POINT ( 'NONE',  ( -4.877389581993172700, -3.378708924350133800, -0.1207476902531918900 ) ) ;
#3371 = EDGE_CURVE ( 'NONE', #2417, #3197, #103, .T. ) ;
#3372 = LINE ( 'NONE', #2192, #4441 ) ;
#3373 = ADVANCED_FACE ( 'NONE', ( #1128 ), #5857, .F. ) ;
#3374 = VERTEX_POINT ( 'NONE', #4926 ) ;
#3375 = LINE ( 'NONE', #5123, #5407 ) ;
#3376 = CARTESIAN_POINT ( 'NONE',  ( 0.0000000000000000000, 1.749999999999998900, -0.2499999999999996700 ) ) ;
#3377 = ORIENTED_EDGE ( 'NONE', *, *, #5039, .T. ) ;
#3378 = CARTESIAN_POINT ( 'NONE',  ( 4.250000000000000000, 3.099999999999992500, -2.399999999999972800 ) ) ;
#3379 =( GEOMETRIC_REPRESENTATION_CONTEXT ( 3 ) GLOBAL_UNCERTAINTY_ASSIGNED_CONTEXT ( ( #1084 ) ) GLOBAL_UNIT_ASSIGNED_CONTEXT ( ( #4, #4327, #453 ) ) REPRESENTATION_CONTEXT ( 'NONE', 'WORKASPACE' ) );
#3380 = VECTOR ( 'NONE', #4115, 1000.000000000000100 ) ;
#3381 = EDGE_CURVE ( 'NONE', #1105, #3191, #4594, .T. ) ;
#3382 = PLANE ( 'NONE',  #4302 ) ;
#3383 = EDGE_LOOP ( 'NONE', ( #3250, #3275, #292, #3452 ) ) ;
#3384 = CARTESIAN_POINT ( 'NONE',  ( 5.122610418006829000, -3.443412044416733300, -0.2462019382530505900 ) ) ;
#3385 = CARTESIAN_POINT ( 'NONE',  ( 3.122610418006829000, 4.800000000000000700, 0.0000000000000000000 ) ) ;
#3386 = VECTOR ( 'NONE', #842, 1000.000000000000000 ) ;
#3387 = VECTOR ( 'NONE', #5287, 1000.000000000000000 ) ;
#3388 = ADVANCED_FACE ( 'NONE', ( #29 ), #3471, .T. ) ;
#3389 = VERTEX_POINT ( 'NONE', #2972 ) ;
#3390 = DIRECTION ( 'NONE',  ( -4.818676322157796400E-016, 1.000000000000000000, 0.0000000000000000000 ) ) ;
#3391 = DIRECTION ( 'NONE',  ( -1.000000000000000000, -8.673617379884035500E-016, 0.0000000000000000000 ) ) ;
#3392 = DIRECTION ( 'NONE',  ( -1.284980352575413100E-015, 1.000000000000000000, 0.0000000000000000000 ) ) ;
#3393 = CARTESIAN_POINT ( 'NONE',  ( -0.2500000000000011100, -4.607859233063394800E-016, 1.699999999999999700 ) ) ;
#3394 = VECTOR ( 'NONE', #5153, 1000.000000000000000 ) ;
#3395 = ORIENTED_EDGE ( 'NONE', *, *, #4522, .F. ) ;
#3396 = VERTEX_POINT ( 'NONE', #3035 ) ;
#3397 = ORIENTED_EDGE ( 'NONE', *, *, #44, .T. ) ;
#3398 = DIRECTION ( 'NONE',  ( -0.0000000000000000000, -0.0000000000000000000, 1.000000000000000000 ) ) ;
#3399 = AXIS2_PLACEMENT_3D ( 'NONE', #3749, #6118, #5637 ) ;
#3400 = ORIENTED_EDGE ( 'NONE', *, *, #4634, .F. ) ;
#3401 = VECTOR ( 'NONE', #5631, 1000.000000000000000 ) ;
#3402 = DIRECTION ( 'NONE',  ( -1.000000000000000000, 0.0000000000000000000, 0.0000000000000000000 ) ) ;
#3403 = MANIFOLD_SOLID_BREP ( 'Pin Pattern[2]', #5736 ) ;
#3404 = PLANE ( 'NONE',  #4849 ) ;
#3405 = EDGE_CURVE ( 'NONE', #3197, #4314, #465, .T. ) ;
#3406 = ORIENTED_EDGE ( 'NONE', *, *, #3615, .F. ) ;
#3407 = VERTEX_POINT ( 'NONE', #1101 ) ;
#3408 = ORIENTED_EDGE ( 'NONE', *, *, #2213, .F. ) ;
#3409 = DIRECTION ( 'NONE',  ( -0.0000000000000000000, -0.0000000000000000000, 1.000000000000000000 ) ) ;
#3410 = ORIENTED_EDGE ( 'NONE', *, *, #2763, .T. ) ;
#3411 = ADVANCED_FACE ( 'NONE', ( #2622 ), #118, .T. ) ;
#3412 = DIRECTION ( 'NONE',  ( -1.000000000000000000, 0.0000000000000000000, 0.0000000000000000000 ) ) ;
#3413 = VECTOR ( 'NONE', #220, 1000.000000000000000 ) ;
#3414 = CARTESIAN_POINT ( 'NONE',  ( 6.950000000000000200, 4.099999999999999600, -0.1500000000000002400 ) ) ;
#3415 = CARTESIAN_POINT ( 'NONE',  ( -4.750000000000000900, 4.449999999999997500, 0.4999999999999997800 ) ) ;
#3416 = AXIS2_PLACEMENT_3D ( 'NONE', #3949, #1997, #1911 ) ;
#3417 = ORIENTED_EDGE ( 'NONE', *, *, #3009, .T. ) ;
#3418 = EDGE_CURVE ( 'NONE', #4314, #2167, #319, .T. ) ;
#3419 = VERTEX_POINT ( 'NONE', #1062 ) ;
#3420 = VECTOR ( 'NONE', #4998, 1000.000000000000000 ) ;
#3421 = CARTESIAN_POINT ( 'NONE',  ( -1.122610418006829300, -3.399999999999999900, 0.0000000000000000000 ) ) ;
#3422 = CARTESIAN_POINT ( 'NONE',  ( -5.250000000000000900, 4.449999999999997500, 0.2500000000000002800 ) ) ;
#3423 = CARTESIAN_POINT ( 'NONE',  ( 2.749999999999999100, -6.505213034913026600E-016, 0.2499999999999998900 ) ) ;
#3424 = ORIENTED_EDGE ( 'NONE', *, *, #6186, .F. ) ;
#3425 = ORIENTED_EDGE ( 'NONE', *, *, #415, .T. ) ;
#3426 = FACE_OUTER_BOUND ( 'NONE', #911, .T. ) ;
#3427 = ADVANCED_FACE ( 'NONE', ( #1506 ), #4003, .T. ) ;
#3428 = ORIENTED_EDGE ( 'NONE', *, *, #3057, .F. ) ;
#3429 = CARTESIAN_POINT ( 'NONE',  ( -1.750000000000000700, 0.1999999999999999300, -2.799999999999999800 ) ) ;
#3430 = EDGE_CURVE ( 'NONE', #1774, #1481, #1716, .T. ) ;
#3431 = CARTESIAN_POINT ( 'NONE',  ( 2.250000000000001300, 1.749999999999999800, -2.099999999999944600 ) ) ;
#3432 = VERTEX_POINT ( 'NONE', #1046 ) ;
#3433 = LINE ( 'NONE', #4784, #5375 ) ;
#3434 = DIRECTION ( 'NONE',  ( -1.000000000000000000, -6.424901762877045700E-016, 6.969659583545340300E-015 ) ) ;
#3435 = VERTEX_POINT ( 'NONE', #1991 ) ;
#3436 = CARTESIAN_POINT ( 'NONE',  ( 6.300000000000001600, 2.200000000000001500, -2.399999999999942200 ) ) ;
#3437 = AXIS2_PLACEMENT_3D ( 'NONE', #3217, #5598, #808 ) ;
#3438 = VECTOR ( 'NONE', #3890, 1000.000000000000000 ) ;
#3439 = ORIENTED_EDGE ( 'NONE', *, *, #2540, .T. ) ;
#3440 = CARTESIAN_POINT ( 'NONE',  ( -6.950000000000000200, 1.399999999999999700, 0.0000000000000000000 ) ) ;
#3441 = DIRECTION ( 'NONE',  ( 1.000000000000000000, 0.0000000000000000000, -0.0000000000000000000 ) ) ;
#3442 = DIRECTION ( 'NONE',  ( 0.0000000000000000000, 2.478176394252581100E-016, -1.000000000000000000 ) ) ;
#3443 = LINE ( 'NONE', #1087, #5767 ) ;
#3444 = VERTEX_POINT ( 'NONE', #3533 ) ;
#3445 = FACE_OUTER_BOUND ( 'NONE', #543, .T. ) ;
#3446 = ORIENTED_EDGE ( 'NONE', *, *, #433, .F. ) ;
#3447 = ORIENTED_EDGE ( 'NONE', *, *, #1570, .F. ) ;
#3448 = DIRECTION ( 'NONE',  ( 1.000000000000000000, 0.0000000000000000000, 0.0000000000000000000 ) ) ;
#3449 = CARTESIAN_POINT ( 'NONE',  ( -0.7500000000000006700, -7.507106781186548600, 0.2500000000000003300 ) ) ;
#3450 = VECTOR ( 'NONE', #1022, 1000.000000000000000 ) ;
#3451 = VERTEX_POINT ( 'NONE', #2454 ) ;
#3452 = ORIENTED_EDGE ( 'NONE', *, *, #4621, .F. ) ;
#3453 = EDGE_CURVE ( 'NONE', #4862, #5209, #5717, .T. ) ;
#3454 = LINE ( 'NONE', #2544, #4061 ) ;
#3455 = DIRECTION ( 'NONE',  ( 0.0000000000000000000, 0.0000000000000000000, 1.000000000000000000 ) ) ;
#3456 = DIRECTION ( 'NONE',  ( 0.0000000000000000000, 0.0000000000000000000, -1.000000000000000000 ) ) ;
#3457 = EDGE_CURVE ( 'NONE', #885, #1344, #3619, .T. ) ;
#3458 = CARTESIAN_POINT ( 'NONE',  ( -5.250000000000000900, -3.098729330862455700, 0.3069788004364774100 ) ) ;
#3459 = CARTESIAN_POINT ( 'NONE',  ( 4.249999999999999100, 0.1999999999999999300, -2.799999999999999800 ) ) ;
#3460 = VECTOR ( 'NONE', #5109, 1000.000000000000000 ) ;
#3461 = LINE ( 'NONE', #4118, #4736 ) ;
#3462 = AXIS2_PLACEMENT_3D ( 'NONE', #5983, #3576, #4490 ) ;
#3463 = PRESENTATION_LAYER_ASSIGNMENT (  '', '', ( #2465 ) ) ;
#3464 = CARTESIAN_POINT ( 'NONE',  ( 3.249999999999999600, -3.399999999999999900, -0.1226104180068291200 ) ) ;
#3465 = CARTESIAN_POINT ( 'NONE',  ( 4.750000000000000900, -0.9370666808418981500, 0.3272883630608796600 ) ) ;
#3466 = LINE ( 'NONE', #5238, #2151 ) ;
#3467 = PLANE ( 'NONE',  #2138 ) ;
#3468 = VERTEX_POINT ( 'NONE', #5374 ) ;
#3469 = VECTOR ( 'NONE', #5632, 1000.000000000000000 ) ;
#3470 = LINE ( 'NONE', #5749, #6153 ) ;
#3471 = PLANE ( 'NONE',  #338 ) ;
#3472 = EDGE_LOOP ( 'NONE', ( #4392, #5622, #5973, #1633 ) ) ;
#3473 = LINE ( 'NONE', #1441, #2162 ) ;
#3474 = EDGE_CURVE ( 'NONE', #4816, #5944, #1865, .T. ) ;
#3475 = LINE ( 'NONE', #3280, #1428 ) ;
#3476 = CARTESIAN_POINT ( 'NONE',  ( 6.950000000000000200, 6.000000000000000000, 1.699999999999999700 ) ) ;
#3477 = DIRECTION ( 'NONE',  ( 0.0000000000000000000, -0.1736481776669313900, 0.9848077530122079100 ) ) ;
#3478 = ORIENTED_EDGE ( 'NONE', *, *, #5117, .F. ) ;
#3479 = PLANE ( 'NONE',  #2290 ) ;
#3480 = VERTEX_POINT ( 'NONE', #3592 ) ;
#3481 = LINE ( 'NONE', #3066, #2711 ) ;
#3482 = ORIENTED_EDGE ( 'NONE', *, *, #3662, .F. ) ;
#3483 = DIRECTION ( 'NONE',  ( -0.0000000000000000000, 1.000000000000000000, 2.478176394252581100E-016 ) ) ;
#3484 = CARTESIAN_POINT ( 'NONE',  ( 4.250000000000001800, 2.580384757729337100, -2.100000000000003600 ) ) ;
#3485 = CARTESIAN_POINT ( 'NONE',  ( 6.950000000000000200, 5.999999999999999100, 2.312964634635742300E-015 ) ) ;
#3486 = ORIENTED_EDGE ( 'NONE', *, *, #3453, .T. ) ;
#3487 = ORIENTED_EDGE ( 'NONE', *, *, #6021, .T. ) ;
#3488 = LINE ( 'NONE', #2646, #5518 ) ;
#3489 = MANIFOLD_SOLID_BREP ( 'Chamfer2', #6094 ) ;
#3490 = CLOSED_SHELL ( 'NONE', ( #1381, #6063, #57, #4367, #3321, #1351, #2408, #1319, #4161, #3335, #5650, #1858, #4553, #5815 ) ) ;
#3491 = CARTESIAN_POINT ( 'NONE',  ( -3.122610418006829500, -3.399999999999999900, -0.1226104180068291200 ) ) ;
#3492 = EDGE_CURVE ( 'NONE', #5118, #2577, #3937, .T. ) ;
#3493 = CARTESIAN_POINT ( 'NONE',  ( -2.250000000000002700, 1.749999999999999800, -2.099999999999944600 ) ) ;
#3494 = SURFACE_SIDE_STYLE ('',( #5570 ) ) ;
#3495 = EDGE_CURVE ( 'NONE', #4158, #900, #1939, .T. ) ;
#3496 = VECTOR ( 'NONE', #3161, 1000.000000000000000 ) ;
#3497 = ORIENTED_EDGE ( 'NONE', *, *, #3573, .F. ) ;
#3498 = ORIENTED_EDGE ( 'NONE', *, *, #5317, .T. ) ;
#3499 = PLANE ( 'NONE',  #4110 ) ;
#3500 = VECTOR ( 'NONE', #5521, 1000.000000000000000 ) ;
#3501 = EDGE_CURVE ( 'NONE', #4873, #4835, #3298, .T. ) ;
#3502 = ORIENTED_EDGE ( 'NONE', *, *, #143, .F. ) ;
#3503 = VECTOR ( 'NONE', #2934, 1000.000000000000000 ) ;
#3504 = PLANE ( 'NONE',  #3297 ) ;
#3505 = CARTESIAN_POINT ( 'NONE',  ( -3.250000000000001300, 0.1999999999999999600, 0.2500000000000003300 ) ) ;
#3506 = VERTEX_POINT ( 'NONE', #5063 ) ;
#3507 = CLOSED_SHELL ( 'NONE', ( #5293, #2283, #1460, #5345, #2816, #4273, #2685, #380, #1845, #2939, #2343, #4818, #4756, #392 ) ) ;
#3508 = CARTESIAN_POINT ( 'NONE',  ( -4.750000000000000900, 9.184850993605144700E-017, -0.2500000000000006700 ) ) ;
#3509 = CARTESIAN_POINT ( 'NONE',  ( -5.299999999999998900, 2.199999999999999700, 1.100000000000056500 ) ) ;
#3510 = DIRECTION ( 'NONE',  ( 0.0000000000000000000, 1.000000000000000000, 0.0000000000000000000 ) ) ;
#3511 = DIRECTION ( 'NONE',  ( 0.3236155771181827800, 0.8891264907159898100, -0.3236155771181827800 ) ) ;
#3512 = EDGE_CURVE ( 'NONE', #885, #3769, #5864, .T. ) ;
#3513 = ORIENTED_EDGE ( 'NONE', *, *, #5800, .T. ) ;
#3514 = FACE_OUTER_BOUND ( 'NONE', #2258, .T. ) ;
#3515 = DIRECTION ( 'NONE',  ( 0.0000000000000000000, 2.478176394252581100E-016, -1.000000000000000000 ) ) ;
#3516 = DIRECTION ( 'NONE',  ( 0.0000000000000000000, 0.1736481776669313600, 0.9848077530122079100 ) ) ;
#3517 = ORIENTED_EDGE ( 'NONE', *, *, #295, .T. ) ;
#3518 = PLANE ( 'NONE',  #5434 ) ;
#3519 = VERTEX_POINT ( 'NONE', #2089 ) ;
#3520 = FACE_OUTER_BOUND ( 'NONE', #422, .T. ) ;
#3521 = DIRECTION ( 'NONE',  ( 0.0000000000000000000, 0.0000000000000000000, 1.000000000000000000 ) ) ;
#3522 = ORIENTED_EDGE ( 'NONE', *, *, #2886, .T. ) ;
#3523 = DIRECTION ( 'NONE',  ( -5.421010862427523400E-017, 1.000000000000000000, 0.0000000000000000000 ) ) ;
#3524 = LINE ( 'NONE', #246, #964 ) ;
#3525 = ORIENTED_EDGE ( 'NONE', *, *, #4137, .T. ) ;
#3526 = AXIS2_PLACEMENT_3D ( 'NONE', #3077, #1083, #4486 ) ;
#3527 = VECTOR ( 'NONE', #4049, 1000.000000000000000 ) ;
#3528 = CARTESIAN_POINT ( 'NONE',  ( -0.2500000000000025500, 1.957596189432294000, -1.740432852445486400 ) ) ;
#3529 = VERTEX_POINT ( 'NONE', #5463 ) ;
#3530 = DIRECTION ( 'NONE',  ( 0.9396926207859090900, -0.3420201433256669400, -0.0000000000000000000 ) ) ;
#3531 = LINE ( 'NONE', #775, #2453 ) ;
#3532 = DIRECTION ( 'NONE',  ( 0.0000000000000000000, 0.0000000000000000000, 1.000000000000000000 ) ) ;
#3533 = CARTESIAN_POINT ( 'NONE',  ( -1.749999999999998000, 3.099999999999988500, -2.399999999999931100 ) ) ;
#3534 = EDGE_CURVE ( 'NONE', #107, #4158, #4451, .T. ) ;
#3535 = LINE ( 'NONE', #2461, #673 ) ;
#3536 = CARTESIAN_POINT ( 'NONE',  ( -2.877389581993171000, -3.399999999999999900, 0.0000000000000000000 ) ) ;
#3537 = EDGE_CURVE ( 'NONE', #5032, #5206, #459, .T. ) ;
#3538 = LINE ( 'NONE', #637, #5555 ) ;
#3539 = DIRECTION ( 'NONE',  ( -1.000000000000000000, -0.0000000000000000000, -0.0000000000000000000 ) ) ;
#3540 = LINE ( 'NONE', #4738, #2233 ) ;
#3541 = ORIENTED_EDGE ( 'NONE', *, *, #261, .T. ) ;
#3542 = CARTESIAN_POINT ( 'NONE',  ( -6.299999999999999800, 1.749999999999998900, 1.100000000000056300 ) ) ;
#3543 = DIRECTION ( 'NONE',  ( -1.000000000000000000, -5.421010862427523400E-017, 0.0000000000000000000 ) ) ;
#3544 = LINE ( 'NONE', #3874, #5048 ) ;
#3545 = EDGE_CURVE ( 'NONE', #5634, #1767, #2617, .T. ) ;
#3546 = VERTEX_POINT ( 'NONE', #4985 ) ;
#3547 = CARTESIAN_POINT ( 'NONE',  ( 4.750000000000000900, -0.9370666808418981500, 0.3272883630608796600 ) ) ;
#3548 = FACE_OUTER_BOUND ( 'NONE', #5133, .T. ) ;
#3549 = CARTESIAN_POINT ( 'NONE',  ( -0.8902302083591902000, -3.435279330992292700, 0.1097697916408097600 ) ) ;
#3550 = CARTESIAN_POINT ( 'NONE',  ( -6.950000000000000200, 0.7999999999999997100, 1.700000000000000000 ) ) ;
#3551 = VERTEX_POINT ( 'NONE', #3572 ) ;
#3552 = AXIS2_PLACEMENT_3D ( 'NONE', #3431, #1463, #2843 ) ;
#3553 = VERTEX_POINT ( 'NONE', #3550 ) ;
#3554 = VERTEX_POINT ( 'NONE', #5506 ) ;
#3555 = DIRECTION ( 'NONE',  ( 0.3236155771181850000, -0.8891264907159889300, 0.3236155771181828400 ) ) ;
#3556 = CARTESIAN_POINT ( 'NONE',  ( 2.249999999999999600, -9.184850993605157100E-017, -2.799999999999999800 ) ) ;
#3557 = LINE ( 'NONE', #2321, #4538 ) ;
#3558 = DIRECTION ( 'NONE',  ( -0.3236155771181827800, 0.8891264907159898100, 0.3236155771181827800 ) ) ;
#3559 = ORIENTED_EDGE ( 'NONE', *, *, #3057, .T. ) ;
#3560 = ORIENTED_EDGE ( 'NONE', *, *, #4160, .T. ) ;
#3561 = COLOUR_RGB ( '',0.7921568627450980000, 0.8196078431372548800, 0.9333333333333333500 ) ;
#3562 = ORIENTED_EDGE ( 'NONE', *, *, #2348, .F. ) ;
#3563 = DIRECTION ( 'NONE',  ( 0.0000000000000000000, 0.0000000000000000000, 1.000000000000000000 ) ) ;
#3564 = DIRECTION ( 'NONE',  ( 0.3236155771181831700, -0.8891264907159895900, 0.3236155771181831700 ) ) ;
#3565 = EDGE_LOOP ( 'NONE', ( #2672, #2728, #564, #1204 ) ) ;
#3566 = EDGE_LOOP ( 'NONE', ( #5954, #4557, #2808, #2946 ) ) ;
#3567 = LINE ( 'NONE', #3666, #1005 ) ;
#3568 = EDGE_CURVE ( 'NONE', #2884, #1546, #3153, .T. ) ;
#3569 = VERTEX_POINT ( 'NONE', #2647 ) ;
#3570 = DIRECTION ( 'NONE',  ( 0.0000000000000000000, 0.9848077530122076900, 0.1736481776669322700 ) ) ;
#3571 = CARTESIAN_POINT ( 'NONE',  ( -0.8902302083591906400, 4.835279330992293000, -0.1097697916408099700 ) ) ;
#3572 = CARTESIAN_POINT ( 'NONE',  ( -4.750000000000000900, 4.449999999999997500, 0.2500000000000002800 ) ) ;
#3573 = EDGE_CURVE ( 'NONE', #3551, #963, #1500, .T. ) ;
#3574 = EDGE_LOOP ( 'NONE', ( #2789, #5202, #3221, #3228 ) ) ;
#3575 = VECTOR ( 'NONE', #162, 1000.000000000000000 ) ;
#3576 = DIRECTION ( 'NONE',  ( -1.000000000000000000, 0.0000000000000000000, 0.0000000000000000000 ) ) ;
#3577 = ORIENTED_EDGE ( 'NONE', *, *, #1216, .T. ) ;
#3578 = DIRECTION ( 'NONE',  ( 0.3236155771181832800, -0.9318139166968479900, 0.1643039345132816500 ) ) ;
#3579 = AXIS2_PLACEMENT_3D ( 'NONE', #3691, #3738, #5159 ) ;
#3580 = FACE_OUTER_BOUND ( 'NONE', #5210, .T. ) ;
#3581 = EDGE_LOOP ( 'NONE', ( #1192, #3706, #1993, #3486 ) ) ;
#3582 = CARTESIAN_POINT ( 'NONE',  ( 1.750000000000000700, 3.099999999999990800, -2.399999999999955500 ) ) ;
#3583 = DIRECTION ( 'NONE',  ( -1.000000000000000000, 0.0000000000000000000, -0.0000000000000000000 ) ) ;
#3584 = VECTOR ( 'NONE', #5561, 1000.000000000000000 ) ;
#3585 = EDGE_LOOP ( 'NONE', ( #1781, #4400, #5477, #4653 ) ) ;
#3586 = MECHANICAL_DESIGN_GEOMETRIC_PRESENTATION_REPRESENTATION (  '', ( #3178 ), #1640 ) ;
#3587 = SURFACE_STYLE_USAGE ( .BOTH. , #3181 ) ;
#3588 = LINE ( 'NONE', #2975, #5022 ) ;
#3589 = CARTESIAN_POINT ( 'NONE',  ( -1.749999999999998900, 1.749999999999999800, -2.099999999999944600 ) ) ;
#3590 = DIRECTION ( 'NONE',  ( 1.000000000000000000, -0.0000000000000000000, 0.0000000000000000000 ) ) ;
#3591 = EDGE_CURVE ( 'NONE', #3694, #3838, #2779, .T. ) ;
#3592 = CARTESIAN_POINT ( 'NONE',  ( -1.250000000000001100, 1.749999999999998900, 0.2500000000000003300 ) ) ;
#3593 = LINE ( 'NONE', #2130, #2758 ) ;
#3594 = VERTEX_POINT ( 'NONE', #700 ) ;
#3595 = VECTOR ( 'NONE', #41, 1000.000000000000000 ) ;
#3596 = CARTESIAN_POINT ( 'NONE',  ( 3.749999999999999100, -9.629649721936179300E-032, -2.799999999999999800 ) ) ;
#3597 = EDGE_LOOP ( 'NONE', ( #1162, #1952, #6059, #2298 ) ) ;
#3598 = FACE_OUTER_BOUND ( 'NONE', #6068, .T. ) ;
#3599 = ORIENTED_EDGE ( 'NONE', *, *, #3418, .F. ) ;
#3600 = ADVANCED_FACE ( 'NONE', ( #2081 ), #4667, .F. ) ;
#3601 = DIRECTION ( 'NONE',  ( 0.9396926207859098700, -0.3420201433256647700, 0.0000000000000000000 ) ) ;
#3602 = FACE_OUTER_BOUND ( 'NONE', #1487, .T. ) ;
#3603 = AXIS2_PLACEMENT_3D ( 'NONE', #80, #117, #3963 ) ;
#3604 = PRESENTATION_STYLE_ASSIGNMENT (( #3587 ) ) ;
#3605 = EDGE_CURVE ( 'NONE', #579, #635, #3771, .T. ) ;
#3606 =( LENGTH_UNIT ( ) NAMED_UNIT ( * ) SI_UNIT ( .MILLI., .METRE. ) );
#3607 = LINE ( 'NONE', #1193, #1496 ) ;
#3608 = CARTESIAN_POINT ( 'NONE',  ( -5.122610418006829900, 4.800000000000000700, 0.2500000000000003300 ) ) ;
#3609 = DIRECTION ( 'NONE',  ( 1.000000000000000000, 0.0000000000000000000, -0.0000000000000000000 ) ) ;
#3610 = DIRECTION ( 'NONE',  ( -1.284980352575413100E-015, -1.000000000000000000, -0.0000000000000000000 ) ) ;
#3611 = ORIENTED_EDGE ( 'NONE', *, *, #5556, .F. ) ;
#3612 = AXIS2_PLACEMENT_3D ( 'NONE', #654, #3201, #279 ) ;
#3613 = LINE ( 'NONE', #1743, #907 ) ;
#3614 = LINE ( 'NONE', #1883, #315 ) ;
#3615 = EDGE_CURVE ( 'NONE', #3374, #1504, #4527, .T. ) ;
#3616 = ORIENTED_EDGE ( 'NONE', *, *, #2168, .T. ) ;
#3617 = CARTESIAN_POINT ( 'NONE',  ( -6.300000000000000700, 6.276959945968717000E-017, -0.5500000000000006000 ) ) ;
#3618 = CARTESIAN_POINT ( 'NONE',  ( -4.750000000000000900, -0.9370666808418981500, 0.6727116369391208400 ) ) ;
#3619 = LINE ( 'NONE', #280, #2316 ) ;
#3620 = LINE ( 'NONE', #975, #2317 ) ;
#3621 = VERTEX_POINT ( 'NONE', #2740 ) ;
#3622 = DIRECTION ( 'NONE',  ( -0.0000000000000000000, -0.0000000000000000000, 1.000000000000000000 ) ) ;
#3623 = DIRECTION ( 'NONE',  ( -1.000000000000000000, 0.0000000000000000000, -0.0000000000000000000 ) ) ;
#3624 = PLANE ( 'NONE',  #3126 ) ;
#3625 = ORIENTED_EDGE ( 'NONE', *, *, #2954, .F. ) ;
#3626 = AXIS2_PLACEMENT_3D ( 'NONE', #1405, #3337, #1425 ) ;
#3627 = VECTOR ( 'NONE', #5724, 1000.000000000000000 ) ;
#3628 = EDGE_CURVE ( 'NONE', #3263, #3670, #4379, .T. ) ;
#3629 = EDGE_LOOP ( 'NONE', ( #3878, #4999, #5140, #6 ) ) ;
#3630 = CARTESIAN_POINT ( 'NONE',  ( 6.000000000000000000, 4.800000000000000700, -0.1226104180068295500 ) ) ;
#3631 = CARTESIAN_POINT ( 'NONE',  ( -2.750000000000000900, -7.507106781186548600, -0.2500000000000001100 ) ) ;
#3632 = PLANE ( 'NONE',  #2511 ) ;
#3633 = ORIENTED_EDGE ( 'NONE', *, *, #4246, .F. ) ;
#3634 = DIRECTION ( 'NONE',  ( -1.000000000000000000, -0.0000000000000000000, -0.0000000000000000000 ) ) ;
#3635 = FILL_AREA_STYLE_COLOUR ( '', #4898 ) ;
#3636 = EDGE_LOOP ( 'NONE', ( #4149, #4414, #194, #4039 ) ) ;
#3637 = ADVANCED_FACE ( 'NONE', ( #2462 ), #3703, .F. ) ;
#3638 = ORIENTED_EDGE ( 'NONE', *, *, #5370, .T. ) ;
#3639 = CARTESIAN_POINT ( 'NONE',  ( -1.750000000000000700, -9.184850993605157100E-017, -2.799999999999999800 ) ) ;
#3640 = DIRECTION ( 'NONE',  ( 0.0000000000000000000, 0.0000000000000000000, -1.000000000000000000 ) ) ;
#3641 = ORIENTED_EDGE ( 'NONE', *, *, #3154, .F. ) ;
#3642 = ORIENTED_EDGE ( 'NONE', *, *, #699, .T. ) ;
#3643 = EDGE_CURVE ( 'NONE', #3351, #5134, #4745, .T. ) ;
#3644 = VECTOR ( 'NONE', #2080, 1000.000000000000000 ) ;
#3645 = CARTESIAN_POINT ( 'NONE',  ( 0.2499999999999993600, -9.184850993605157100E-017, 1.699999999999999700 ) ) ;
#3646 = PLANE ( 'NONE',  #2804 ) ;
#3647 = DIRECTION ( 'NONE',  ( 0.3236155771181850000, -0.8891264907159889300, -0.3236155771181828400 ) ) ;
#3648 = ORIENTED_EDGE ( 'NONE', *, *, #2581, .T. ) ;
#3649 = LINE ( 'NONE', #3151, #2428 ) ;
#3650 = DIRECTION ( 'NONE',  ( 0.0000000000000000000, 0.0000000000000000000, -1.000000000000000000 ) ) ;
#3651 = DIRECTION ( 'NONE',  ( 1.112825628694216700E-015, -0.8660254037844578000, 0.4999999999999669700 ) ) ;
#3652 = PLANE ( 'NONE',  #6058 ) ;
#3653 = EDGE_CURVE ( 'NONE', #4158, #1759, #4146, .T. ) ;
#3654 = ORIENTED_EDGE ( 'NONE', *, *, #1656, .T. ) ;
#3655 = ORIENTED_EDGE ( 'NONE', *, *, #196, .T. ) ;
#3656 = LINE ( 'NONE', #3485, #732 ) ;
#3657 = DIRECTION ( 'NONE',  ( -1.000000000000000000, 0.0000000000000000000, -0.0000000000000000000 ) ) ;
#3658 = ORIENTED_EDGE ( 'NONE', *, *, #5892, .F. ) ;
#3659 = CARTESIAN_POINT ( 'NONE',  ( -6.950000000000000200, -4.607859233063394800E-016, 1.699999999999999700 ) ) ;
#3660 = CARTESIAN_POINT ( 'NONE',  ( -4.750000000000000900, 0.1999999999999999800, 0.2499999999999998900 ) ) ;
#3661 = VECTOR ( 'NONE', #5266, 1000.000000000000000 ) ;
#3662 = EDGE_CURVE ( 'NONE', #1105, #3407, #1345, .T. ) ;
#3663 = CARTESIAN_POINT ( 'NONE',  ( -6.299999999999999800, 1.749999999999999800, -2.399999999999944000 ) ) ;
#3664 = ORIENTED_EDGE ( 'NONE', *, *, #3047, .F. ) ;
#3665 = DIRECTION ( 'NONE',  ( 1.000000000000000000, -0.0000000000000000000, 0.0000000000000000000 ) ) ;
#3666 = CARTESIAN_POINT ( 'NONE',  ( -1.250000000000001100, -3.399999999999999900, 0.1226104180068293400 ) ) ;
#3667 = ORIENTED_EDGE ( 'NONE', *, *, #240, .T. ) ;
#3668 = CYLINDRICAL_SURFACE ( 'NONE', #4941, 0.2500000000000000000 ) ;
#3669 = ORIENTED_EDGE ( 'NONE', *, *, #6016, .F. ) ;
#3670 = VERTEX_POINT ( 'NONE', #1290 ) ;
#3671 = AXIS2_PLACEMENT_3D ( 'NONE', #928, #4237, #6158 ) ;
#3672 =( NAMED_UNIT ( * ) SI_UNIT ( $, .STERADIAN. ) SOLID_ANGLE_UNIT ( ) );
#3673 = VECTOR ( 'NONE', #2180, 1000.000000000000000 ) ;
#3674 = DIRECTION ( 'NONE',  ( 0.0000000000000000000, 0.0000000000000000000, -1.000000000000000000 ) ) ;
#3675 = CARTESIAN_POINT ( 'NONE',  ( 4.750000000000000900, 9.184850993605144700E-017, 0.2500000000000006700 ) ) ;
#3676 = CARTESIAN_POINT ( 'NONE',  ( 1.249999999999999300, 0.1999999999999999800, 0.2499999999999999400 ) ) ;
#3677 = EDGE_CURVE ( 'NONE', #5206, #6096, #5409, .T. ) ;
#3678 = CARTESIAN_POINT ( 'NONE',  ( -4.750000000000000900, -3.443412044416733300, 0.2462019382530505900 ) ) ;
#3679 = DIRECTION ( 'NONE',  ( -1.000000000000000000, 0.0000000000000000000, 0.0000000000000000000 ) ) ;
#3680 = UNCERTAINTY_MEASURE_WITH_UNIT (LENGTH_MEASURE( 1.000000000000000100E-005 ), #4147, 'distance_accuracy_value', 'NONE');
#3681 = LINE ( 'NONE', #5087, #3527 ) ;
#3682 = ORIENTED_EDGE ( 'NONE', *, *, #1078, .T. ) ;
#3683 = CARTESIAN_POINT ( 'NONE',  ( -4.750000000000000900, -1.023890769675363900, 0.1651155134452243500 ) ) ;
#3684 = VECTOR ( 'NONE', #5040, 1000.000000000000000 ) ;
#3685 = ADVANCED_FACE ( 'NONE', ( #4296 ), #2844, .F. ) ;
#3686 = CARTESIAN_POINT ( 'NONE',  ( -6.299999999999999800, 4.000000000000000000, -2.399999999999942200 ) ) ;
#3687 = VECTOR ( 'NONE', #4430, 1000.000000000000000 ) ;
#3688 = ORIENTED_EDGE ( 'NONE', *, *, #5094, .F. ) ;
#3689 = CARTESIAN_POINT ( 'NONE',  ( 5.299999999999999800, 6.000000000000000000, 1.499999999999999800 ) ) ;
#3690 = DIRECTION ( 'NONE',  ( 0.0000000000000000000, 0.0000000000000000000, -1.000000000000000000 ) ) ;
#3691 = CARTESIAN_POINT ( 'NONE',  ( 4.750000000000000900, 4.449999999999997500, -0.4999999999999997800 ) ) ;
#3692 = EDGE_CURVE ( 'NONE', #2278, #1923, #1645, .T. ) ;
#3693 = VECTOR ( 'NONE', #2292, 1000.000000000000000 ) ;
#3694 = VERTEX_POINT ( 'NONE', #3724 ) ;
#3695 = EDGE_CURVE ( 'NONE', #3769, #2716, #2926, .T. ) ;
#3696 = ORIENTED_EDGE ( 'NONE', *, *, #5692, .T. ) ;
#3697 = CARTESIAN_POINT ( 'NONE',  ( -4.750000000000000900, 2.710505431213761100E-017, 0.2499999999999996700 ) ) ;
#3698 = VECTOR ( 'NONE', #42, 1000.000000000000000 ) ;
#3699 = DIRECTION ( 'NONE',  ( -0.0000000000000000000, -0.0000000000000000000, -1.000000000000000000 ) ) ;
#3700 = CARTESIAN_POINT ( 'NONE',  ( -3.122610418006830800, 4.800000000000000700, 0.0000000000000000000 ) ) ;
#3701 = DIRECTION ( 'NONE',  ( -5.421010862427523400E-017, 1.000000000000000000, 0.0000000000000000000 ) ) ;
#3702 = VECTOR ( 'NONE', #1983, 1000.000000000000000 ) ;
#3703 = PLANE ( 'NONE',  #1714 ) ;
#3704 = AXIS2_PLACEMENT_3D ( 'NONE', #2049, #2094, #3038 ) ;
#3705 = ADVANCED_FACE ( 'NONE', ( #1564 ), #6113, .F. ) ;
#3706 = ORIENTED_EDGE ( 'NONE', *, *, #3293, .F. ) ;
#3707 = ORIENTED_EDGE ( 'NONE', *, *, #1619, .F. ) ;
#3708 = FILL_AREA_STYLE_COLOUR ( '', #2853 ) ;
#3709 = EDGE_CURVE ( 'NONE', #3396, #5820, #3613, .T. ) ;
#3710 = VECTOR ( 'NONE', #5534, 1000.000000000000000 ) ;
#3711 = PLANE ( 'NONE',  #3732 ) ;
#3712 = ORIENTED_EDGE ( 'NONE', *, *, #2256, .T. ) ;
#3713 = EDGE_LOOP ( 'NONE', ( #4979, #3016, #4325, #6035 ) ) ;
#3714 = VECTOR ( 'NONE', #5969, 1000.000000000000000 ) ;
#3715 = DIRECTION ( 'NONE',  ( -1.000000000000000000, -0.0000000000000000000, -0.0000000000000000000 ) ) ;
#3716 = CARTESIAN_POINT ( 'NONE',  ( -1.122610418006829300, -3.399999999999999900, -0.2500000000000001100 ) ) ;
#3717 = VERTEX_POINT ( 'NONE', #3164 ) ;
#3718 = ORIENTED_EDGE ( 'NONE', *, *, #3093, .T. ) ;
#3719 = EDGE_CURVE ( 'NONE', #5369, #4637, #1711, .T. ) ;
#3720 = COLOUR_RGB ( '',1.000000000000000000, 1.000000000000000000, 0.7529411764705882200 ) ;
#3721 = EDGE_LOOP ( 'NONE', ( #190, #6155, #1380, #4431 ) ) ;
#3722 = DIRECTION ( 'NONE',  ( -1.000000000000000000, 0.0000000000000000000, 0.0000000000000000000 ) ) ;
#3723 = CARTESIAN_POINT ( 'NONE',  ( -6.299999999999999800, 4.000000000000000000, 1.100000000000058000 ) ) ;
#3724 = CARTESIAN_POINT ( 'NONE',  ( 6.950000000000000200, 1.399999999999999700, 1.249999999999999800 ) ) ;
#3725 = ORIENTED_EDGE ( 'NONE', *, *, #5938, .T. ) ;
#3726 = VECTOR ( 'NONE', #5681, 999.9999999999998900 ) ;
#3727 = ORIENTED_EDGE ( 'NONE', *, *, #2385, .T. ) ;
#3728 = PLANE ( 'NONE',  #2618 ) ;
#3729 = CARTESIAN_POINT ( 'NONE',  ( 5.300000000000000700, 1.750000000000004700, 1.100000000000056500 ) ) ;
#3730 = ORIENTED_EDGE ( 'NONE', *, *, #2046, .F. ) ;
#3731 = FACE_OUTER_BOUND ( 'NONE', #3713, .T. ) ;
#3732 = AXIS2_PLACEMENT_3D ( 'NONE', #367, #4193, #1295 ) ;
#3733 = VERTEX_POINT ( 'NONE', #5101 ) ;
#3734 = ADVANCED_FACE ( 'NONE', ( #5195 ), #4168, .F. ) ;
#3735 = EDGE_CURVE ( 'NONE', #4277, #1240, #1051, .T. ) ;
#3736 = CARTESIAN_POINT ( 'NONE',  ( -2.249999999999998700, 3.099999999999988100, -2.399999999999928000 ) ) ;
#3737 = ORIENTED_EDGE ( 'NONE', *, *, #5625, .F. ) ;
#3738 = DIRECTION ( 'NONE',  ( 0.9396926207859093200, -0.3420201433256664900, 0.0000000000000000000 ) ) ;
#3739 = LINE ( 'NONE', #1818, #4112 ) ;
#3740 = ORIENTED_EDGE ( 'NONE', *, *, #1978, .T. ) ;
#3741 = LINE ( 'NONE', #6097, #1168 ) ;
#3742 = CARTESIAN_POINT ( 'NONE',  ( -3.749999999999999600, 1.957596189432304000, -1.740432852445469300 ) ) ;
#3743 = DIRECTION ( 'NONE',  ( 0.0000000000000000000, -2.478176394252581100E-016, 1.000000000000000000 ) ) ;
#3744 = PLANE ( 'NONE',  #604 ) ;
#3745 = PLANE ( 'NONE',  #28 ) ;
#3746 = EDGE_CURVE ( 'NONE', #6167, #3694, #1417, .T. ) ;
#3747 = ORIENTED_EDGE ( 'NONE', *, *, #3816, .T. ) ;
#3748 = VECTOR ( 'NONE', #123, 999.9999999999998900 ) ;
#3749 = CARTESIAN_POINT ( 'NONE',  ( 5.249999999999999100, -6.505213034913026600E-016, 0.2499999999999998900 ) ) ;
#3750 = ADVANCED_FACE ( 'NONE', ( #173 ), #3745, .F. ) ;
#3751 = FACE_OUTER_BOUND ( 'NONE', #1814, .T. ) ;
#3752 = CARTESIAN_POINT ( 'NONE',  ( -4.828545281315151700, 4.665801386818087000, -0.1714547186848491800 ) ) ;
#3753 = ORIENTED_EDGE ( 'NONE', *, *, #4902, .F. ) ;
#3754 = EDGE_CURVE ( 'NONE', #4935, #5347, #1569, .T. ) ;
#3755 = CARTESIAN_POINT ( 'NONE',  ( -1.122610418006830600, 4.800000000000000700, 0.0000000000000000000 ) ) ;
#3756 = CARTESIAN_POINT ( 'NONE',  ( 3.749999999999998200, 2.580384757729237600, -2.099999999999944600 ) ) ;
#3757 = LINE ( 'NONE', #1061, #3595 ) ;
#3758 = CARTESIAN_POINT ( 'NONE',  ( 5.799999999999999800, 6.000000000000000000, 1.499999999999999800 ) ) ;
#3759 = ORIENTED_EDGE ( 'NONE', *, *, #1218, .F. ) ;
#3760 = VECTOR ( 'NONE', #5467, 1000.000000000000000 ) ;
#3761 = LINE ( 'NONE', #686, #1410 ) ;
#3762 = CARTESIAN_POINT ( 'NONE',  ( 2.000000000000000000, 4.800000000000000700, -0.1226104180068295500 ) ) ;
#3763 = DIRECTION ( 'NONE',  ( 0.0000000000000000000, -5.981805089575198200E-016, -1.000000000000000000 ) ) ;
#3764 = DIRECTION ( 'NONE',  ( 0.0000000000000000000, 2.478176394252581100E-016, -1.000000000000000000 ) ) ;
#3765 = CARTESIAN_POINT ( 'NONE',  ( 0.7499999999999988900, -7.507106781186548600, -0.2500000000000001100 ) ) ;
#3766 = LINE ( 'NONE', #3697, #5781 ) ;
#3767 = ADVANCED_FACE ( 'NONE', ( #166 ), #5687, .F. ) ;
#3768 = VECTOR ( 'NONE', #5618, 1000.000000000000000 ) ;
#3769 = VERTEX_POINT ( 'NONE', #2301 ) ;
#3770 = CARTESIAN_POINT ( 'NONE',  ( 3.249999999999999600, 1.749999999999998900, -1.514441129821030200E-016 ) ) ;
#3771 = LINE ( 'NONE', #824, #838 ) ;
#3772 = LINE ( 'NONE', #2320, #1861 ) ;
#3773 = VERTEX_POINT ( 'NONE', #4772 ) ;
#3774 = DIRECTION ( 'NONE',  ( 0.0000000000000000000, 1.000000000000000000, 0.0000000000000000000 ) ) ;
#3775 = CARTESIAN_POINT ( 'NONE',  ( 0.7499999999999988900, -3.399999999999999900, 0.1226104180068293400 ) ) ;
#3776 = CARTESIAN_POINT ( 'NONE',  ( -0.2500000000000028300, 1.749999999999999800, -2.099999999999944600 ) ) ;
#3777 = VECTOR ( 'NONE', #5024, 1000.000000000000000 ) ;
#3778 = CIRCLE ( 'NONE', #2354, 0.2500000000000000000 ) ;
#3779 = ADVANCED_FACE ( 'NONE', ( #4154 ), #3786, .F. ) ;
#3780 = EDGE_CURVE ( 'NONE', #5173, #5499, #2624, .T. ) ;
#3781 = ADVANCED_FACE ( 'NONE', ( #2854 ), #5668, .T. ) ;
#3782 = VERTEX_POINT ( 'NONE', #2783 ) ;
#3783 = CARTESIAN_POINT ( 'NONE',  ( 4.877389581993171900, 4.800000000000000700, -0.1226104180068292900 ) ) ;
#3784 = ORIENTED_EDGE ( 'NONE', *, *, #4139, .T. ) ;
#3785 = DIRECTION ( 'NONE',  ( 0.3236155771181832800, 0.8194234062344383200, 0.4730943241697324600 ) ) ;
#3786 = PLANE ( 'NONE',  #3922 ) ;
#3787 = ORIENTED_EDGE ( 'NONE', *, *, #5400, .T. ) ;
#3788 = FACE_OUTER_BOUND ( 'NONE', #1388, .T. ) ;
#3789 =( GEOMETRIC_REPRESENTATION_CONTEXT ( 3 ) GLOBAL_UNCERTAINTY_ASSIGNED_CONTEXT ( ( #3680 ) ) GLOBAL_UNIT_ASSIGNED_CONTEXT ( ( #4147, #1248, #758 ) ) REPRESENTATION_CONTEXT ( 'NONE', 'WORKASPACE' ) );
#3790 = AXIS2_PLACEMENT_3D ( 'NONE', #1236, #4678, #3690 ) ;
#3791 = EDGE_LOOP ( 'NONE', ( #3182, #3787, #669, #6050 ) ) ;
#3792 = EDGE_LOOP ( 'NONE', ( #4676, #3696, #3642, #1684 ) ) ;
#3793 = VERTEX_POINT ( 'NONE', #2362 ) ;
#3794 = LINE ( 'NONE', #5099, #4768 ) ;
#3795 = DIRECTION ( 'NONE',  ( 0.0000000000000000000, 0.0000000000000000000, -1.000000000000000000 ) ) ;
#3796 = PLANE ( 'NONE',  #3671 ) ;
#3797 = ORIENTED_EDGE ( 'NONE', *, *, #921, .F. ) ;
#3798 = ADVANCED_FACE ( 'NONE', ( #466 ), #6175, .F. ) ;
#3799 = VECTOR ( 'NONE', #1341, 1000.000000000000000 ) ;
#3800 = DIRECTION ( 'NONE',  ( 0.0000000000000000000, -0.3420201433256669400, -0.9396926207859090900 ) ) ;
#3801 = VERTEX_POINT ( 'NONE', #17 ) ;
#3802 = EDGE_CURVE ( 'NONE', #3407, #1499, #3778, .T. ) ;
#3803 = LINE ( 'NONE', #3336, #4259 ) ;
#3804 = CARTESIAN_POINT ( 'NONE',  ( -4.250000000000000900, -9.629649721936179300E-032, -2.799999999999999800 ) ) ;
#3805 = CARTESIAN_POINT ( 'NONE',  ( 1.249999999999999300, 1.749999999999998900, -1.514441129821030200E-016 ) ) ;
#3806 = DIRECTION ( 'NONE',  ( 1.000000000000000000, 5.421010862427523400E-017, 1.343422115225471600E-032 ) ) ;
#3807 = ORIENTED_EDGE ( 'NONE', *, *, #5819, .T. ) ;
#3808 = VECTOR ( 'NONE', #3564, 999.9999999999998900 ) ;
#3809 = ADVANCED_FACE ( 'NONE', ( #322 ), #1826, .F. ) ;
#3810 = ORIENTED_EDGE ( 'NONE', *, *, #5107, .F. ) ;
#3811 = DIRECTION ( 'NONE',  ( -1.000000000000000000, 0.0000000000000000000, 0.0000000000000000000 ) ) ;
#3812 = DIRECTION ( 'NONE',  ( 0.0000000000000000000, -1.000000000000000000, -3.854941057726238600E-016 ) ) ;
#3813 = ORIENTED_EDGE ( 'NONE', *, *, #1484, .T. ) ;
#3814 = VECTOR ( 'NONE', #3977, 1000.000000000000000 ) ;
#3815 = EDGE_CURVE ( 'NONE', #5820, #3882, #3475, .T. ) ;
#3816 = EDGE_CURVE ( 'NONE', #2894, #3793, #5122, .T. ) ;
#3817 = DIRECTION ( 'NONE',  ( 0.0000000000000000000, 0.0000000000000000000, 1.000000000000000000 ) ) ;
#3818 = ORIENTED_EDGE ( 'NONE', *, *, #5059, .F. ) ;
#3819 = CARTESIAN_POINT ( 'NONE',  ( 3.122610418006829500, -3.399999999999999900, 0.1226104180068293400 ) ) ;
#3820 = CARTESIAN_POINT ( 'NONE',  ( -6.950000000000000200, 6.000000000000000000, 1.699999999999999700 ) ) ;
#3821 = LINE ( 'NONE', #1121, #4046 ) ;
#3822 = ORIENTED_EDGE ( 'NONE', *, *, #3453, .F. ) ;
#3824 = EDGE_LOOP ( 'NONE', ( #494, #998, #857, #2882 ) ) ;
#3823 = AXIS2_PLACEMENT_3D ( 'NONE', #1593, #193, #3109 ) ;
#3825 = CARTESIAN_POINT ( 'NONE',  ( 0.8773895819931707400, -3.399999999999999900, -0.2500000000000001100 ) ) ;
#3826 = PLANE ( 'NONE',  #5235 ) ;
#3827 = ORIENTED_EDGE ( 'NONE', *, *, #2497, .F. ) ;
#3828 = CARTESIAN_POINT ( 'NONE',  ( -1.250000000000001100, 0.1999999999999999600, 0.2499999999999998900 ) ) ;
#3829 = DIRECTION ( 'NONE',  ( 0.0000000000000000000, 1.000000000000000000, 7.228014483236696600E-016 ) ) ;
#3830 = EDGE_CURVE ( 'NONE', #4232, #4842, #5271, .T. ) ;
#3831 = ADVANCED_FACE ( 'NONE', ( #1866 ), #3891, .T. ) ;
#3832 = LINE ( 'NONE', #6103, #1550 ) ;
#3833 = ORIENTED_EDGE ( 'NONE', *, *, #115, .F. ) ;
#3834 = VECTOR ( 'NONE', #3022, 1000.000000000000000 ) ;
#3835 = VERTEX_POINT ( 'NONE', #3303 ) ;
#3836 = DIRECTION ( 'NONE',  ( 1.000000000000000000, 0.0000000000000000000, -0.0000000000000000000 ) ) ;
#3837 = VECTOR ( 'NONE', #3146, 1000.000000000000100 ) ;
#3838 = VERTEX_POINT ( 'NONE', #1497 ) ;
#3839 = ORIENTED_EDGE ( 'NONE', *, *, #5547, .T. ) ;
#3840 = LINE ( 'NONE', #1683, #5180 ) ;
#3841 = EDGE_CURVE ( 'NONE', #2369, #5801, #2543, .T. ) ;
#3842 = PLANE ( 'NONE',  #225 ) ;
#3843 = CARTESIAN_POINT ( 'NONE',  ( 6.950000000000000200, 4.099999999999999600, -0.1500000000000002400 ) ) ;
#3844 = CARTESIAN_POINT ( 'NONE',  ( -4.250000000000000900, -9.629649721936179300E-032, -2.799999999999999800 ) ) ;
#3845 = LINE ( 'NONE', #89, #4519 ) ;
#3846 = ADVANCED_FACE ( 'NONE', ( #4828 ), #1016, .F. ) ;
#3847 = EDGE_LOOP ( 'NONE', ( #5911, #4336, #4385, #5951, #2726, #2729, #5158, #5302, #2902, #2023, #5594, #4761, #3078, #2272, #4378, #3560, #587, #1809, #1261, #4480, #3980, #943, #5613, #2445, #4474, #1899, #3410, #5952 ) ) ;
#3848 = AXIS2_PLACEMENT_3D ( 'NONE', #5848, #5405, #1942 ) ;
#3849 = LINE ( 'NONE', #2383, #3702 ) ;
#3850 = CARTESIAN_POINT ( 'NONE',  ( 2.749999999999999100, 1.749999999999998900, -1.514441129821030200E-016 ) ) ;
#3851 = VECTOR ( 'NONE', #1835, 1000.000000000000000 ) ;
#3852 = ORIENTED_EDGE ( 'NONE', *, *, #3495, .F. ) ;
#3853 = DIRECTION ( 'NONE',  ( 0.0000000000000000000, 0.0000000000000000000, 1.000000000000000000 ) ) ;
#3854 = VECTOR ( 'NONE', #2349, 1000.000000000000000 ) ;
#3855 = AXIS2_PLACEMENT_3D ( 'NONE', #3589, #776, #4082 ) ;
#3856 = VECTOR ( 'NONE', #5811, 1000.000000000000000 ) ;
#3857 = DIRECTION ( 'NONE',  ( 0.0000000000000000000, 0.0000000000000000000, 1.000000000000000000 ) ) ;
#3858 = EDGE_CURVE ( 'NONE', #2399, #5745, #4303, .T. ) ;
#3859 = ORIENTED_EDGE ( 'NONE', *, *, #5790, .F. ) ;
#3860 = VERTEX_POINT ( 'NONE', #4399 ) ;
#3861 = VECTOR ( 'NONE', #1316, 1000.000000000000100 ) ;
#3862 = ADVANCED_FACE ( 'NONE', ( #2163 ), #4377, .T. ) ;
#3863 = SURFACE_STYLE_USAGE ( .BOTH. , #5762 ) ;
#3864 = EDGE_LOOP ( 'NONE', ( #5081, #5635, #4564, #4058 ) ) ;
#3865 = DIRECTION ( 'NONE',  ( -0.0000000000000000000, -0.0000000000000000000, 1.000000000000000000 ) ) ;
#3866 = ORIENTED_EDGE ( 'NONE', *, *, #5822, .F. ) ;
#3867 = ORIENTED_EDGE ( 'NONE', *, *, #6176, .F. ) ;
#3868 = EDGE_CURVE ( 'NONE', #2206, #2278, #1280, .T. ) ;
#3869 = LINE ( 'NONE', #5285, #558 ) ;
#3870 = VERTEX_POINT ( 'NONE', #1925 ) ;
#3871 = PLANE ( 'NONE',  #5684 ) ;
#3872 = CARTESIAN_POINT ( 'NONE',  ( 4.000000000000000000, 4.800000000000000700, 0.1226104180068297700 ) ) ;
#3873 = CARTESIAN_POINT ( 'NONE',  ( 2.749999999999999100, 4.449999999999999300, -0.2500000000000001100 ) ) ;
#3874 = CARTESIAN_POINT ( 'NONE',  ( -6.299999999999999800, 4.000000000000000000, 1.100000000000057200 ) ) ;
#3875 = LINE ( 'NONE', #1450, #2565 ) ;
#3876 = EDGE_LOOP ( 'NONE', ( #2614, #3283, #6166, #1979 ) ) ;
#3877 = ADVANCED_FACE ( 'NONE', ( #4976, #2241, #916, #765, #3307, #6020, #4008 ), #4854, .F. ) ;
#3878 = ORIENTED_EDGE ( 'NONE', *, *, #3802, .T. ) ;
#3879 = PLANE ( 'NONE',  #3268 ) ;
#3880 = EDGE_CURVE ( 'NONE', #281, #1774, #620, .T. ) ;
#3881 = LINE ( 'NONE', #4055, #789 ) ;
#3882 = VERTEX_POINT ( 'NONE', #2945 ) ;
#3883 = CARTESIAN_POINT ( 'NONE',  ( -5.299999999999998900, 2.199999999999999700, 1.700000000000000000 ) ) ;
#3884 = EDGE_LOOP ( 'NONE', ( #3094, #6201, #5670, #6041 ) ) ;
#3885 = LINE ( 'NONE', #1958, #5972 ) ;
#3886 = DIRECTION ( 'NONE',  ( 0.0000000000000000000, 0.0000000000000000000, -1.000000000000000000 ) ) ;
#3887 = ORIENTED_EDGE ( 'NONE', *, *, #428, .F. ) ;
#3888 = LINE ( 'NONE', #95, #5083 ) ;
#3889 = DIRECTION ( 'NONE',  ( -0.3236155771181832800, 0.9318139166968479900, 0.1643039345132816500 ) ) ;
#3890 = DIRECTION ( 'NONE',  ( 1.000000000000000000, 0.0000000000000000000, 1.720955829342070600E-017 ) ) ;
#3891 = PLANE ( 'NONE',  #2686 ) ;
#3892 = ADVANCED_FACE ( 'NONE', ( #2014 ), #5833, .F. ) ;
#3893 = ORIENTED_EDGE ( 'NONE', *, *, #1281, .F. ) ;
#3894 = LINE ( 'NONE', #4817, #141 ) ;
#3895 = CARTESIAN_POINT ( 'NONE',  ( 3.122610418006829000, 4.800000000000000700, -0.1226104180068295500 ) ) ;
#3896 = DIRECTION ( 'NONE',  ( 0.0000000000000000000, -0.0000000000000000000, 1.000000000000000000 ) ) ;
#3897 = ORIENTED_EDGE ( 'NONE', *, *, #988, .T. ) ;
#3898 = EDGE_CURVE ( 'NONE', #4086, #3102, #5941, .T. ) ;
#3899 = VECTOR ( 'NONE', #1489, 1000.000000000000000 ) ;
#3900 = DIRECTION ( 'NONE',  ( 1.000000000000000000, 0.0000000000000000000, 0.0000000000000000000 ) ) ;
#3901 = EDGE_CURVE ( 'NONE', #5369, #5756, #3849, .T. ) ;
#3902 = ORIENTED_EDGE ( 'NONE', *, *, #1024, .F. ) ;
#3903 = DIRECTION ( 'NONE',  ( -0.0000000000000000000, -1.000000000000000000, -0.0000000000000000000 ) ) ;
#3904 = VECTOR ( 'NONE', #5413, 1000.000000000000000 ) ;
#3905 = PLANE ( 'NONE',  #1870 ) ;
#3906 = ORIENTED_EDGE ( 'NONE', *, *, #3662, .T. ) ;
#3907 = VERTEX_POINT ( 'NONE', #1518 ) ;
#3908 = ADVANCED_FACE ( 'NONE', ( #2705 ), #3936, .T. ) ;
#3909 = PRODUCT_DEFINITION ( 'UNKNOWN', '', #4669, #1114 ) ;
#3910 = VECTOR ( 'NONE', #1970, 1000.000000000000000 ) ;
#3911 = DIRECTION ( 'NONE',  ( 0.0000000000000000000, 0.0000000000000000000, 1.000000000000000000 ) ) ;
#3912 = DIRECTION ( 'NONE',  ( 1.000000000000000000, 0.0000000000000000000, 0.0000000000000000000 ) ) ;
#3913 = ORIENTED_EDGE ( 'NONE', *, *, #4223, .T. ) ;
#3914 = DIRECTION ( 'NONE',  ( 0.0000000000000000000, -3.854941057726237600E-016, 1.000000000000000000 ) ) ;
#3915 = CARTESIAN_POINT ( 'NONE',  ( -3.122610418006829500, -3.399999999999999900, 0.0000000000000000000 ) ) ;
#3916 = LINE ( 'NONE', #760, #2449 ) ;
#3917 = VECTOR ( 'NONE', #1050, 1000.000000000000000 ) ;
#3918 = ORIENTED_EDGE ( 'NONE', *, *, #5800, .F. ) ;
#3919 = EDGE_LOOP ( 'NONE', ( #1729, #5966, #5508, #1692 ) ) ;
#3920 = DIRECTION ( 'NONE',  ( -0.0000000000000000000, -0.0000000000000000000, 1.000000000000000000 ) ) ;
#3921 = DIRECTION ( 'NONE',  ( 4.818676322157797400E-016, -1.000000000000000000, -3.854941057726238600E-016 ) ) ;
#3922 = AXIS2_PLACEMENT_3D ( 'NONE', #4706, #2341, #2282 ) ;
#3923 = FACE_OUTER_BOUND ( 'NONE', #5276, .T. ) ;
#3924 = CARTESIAN_POINT ( 'NONE',  ( -3.250000000000001300, -6.505213034913026600E-016, -0.2500000000000001100 ) ) ;
#3925 = EDGE_CURVE ( 'NONE', #3350, #924, #3544, .T. ) ;
#3926 = PLANE ( 'NONE',  #3416 ) ;
#3927 = ORIENTED_EDGE ( 'NONE', *, *, #653, .F. ) ;
#3928 = DIRECTION ( 'NONE',  ( -1.000000000000000000, 0.0000000000000000000, 0.0000000000000000000 ) ) ;
#3929 = CARTESIAN_POINT ( 'NONE',  ( 5.122610418006829000, -3.421291075649866900, -0.1207476902531909900 ) ) ;
#3930 = VECTOR ( 'NONE', #6078, 1000.000000000000000 ) ;
#3931 = LINE ( 'NONE', #5451, #2619 ) ;
#3932 = VERTEX_POINT ( 'NONE', #5306 ) ;
#3933 = DIRECTION ( 'NONE',  ( -9.637352644315592800E-016, 1.000000000000000000, -0.0000000000000000000 ) ) ;
#3934 = DIRECTION ( 'NONE',  ( -0.0000000000000000000, -0.0000000000000000000, 1.000000000000000000 ) ) ;
#3935 = DIRECTION ( 'NONE',  ( -0.0000000000000000000, -2.478176394252581600E-016, 1.000000000000000000 ) ) ;
#3936 = PLANE ( 'NONE',  #6081 ) ;
#3937 = LINE ( 'NONE', #2071, #5566 ) ;
#3938 = ORIENTED_EDGE ( 'NONE', *, *, #596, .F. ) ;
#3939 = ORIENTED_EDGE ( 'NONE', *, *, #4196, .T. ) ;
#3940 = AXIS2_PLACEMENT_3D ( 'NONE', #2702, #2225, #5614 ) ;
#3941 = ORIENTED_EDGE ( 'NONE', *, *, #4246, .T. ) ;
#3942 = LINE ( 'NONE', #94, #4017 ) ;
#3943 = CARTESIAN_POINT ( 'NONE',  ( -4.750000000000000900, -1.110714858508829600, 0.6575193899513287500 ) ) ;
#3944 = EDGE_CURVE ( 'NONE', #3569, #6104, #4674, .T. ) ;
#3945 = EDGE_LOOP ( 'NONE', ( #4402, #3648, #6109, #3897 ) ) ;
#3946 = ORIENTED_EDGE ( 'NONE', *, *, #3990, .T. ) ;
#3947 = ORIENTED_EDGE ( 'NONE', *, *, #1597, .T. ) ;
#3948 = ORIENTED_EDGE ( 'NONE', *, *, #3780, .F. ) ;
#3949 = CARTESIAN_POINT ( 'NONE',  ( -6.950000000000000200, 0.0000000000000000000, 0.0000000000000000000 ) ) ;
#3950 = VECTOR ( 'NONE', #4665, 1000.000000000000000 ) ;
#3951 = DIRECTION ( 'NONE',  ( -4.818676322157796400E-016, 1.000000000000000000, 3.854941057726238600E-016 ) ) ;
#3952 = AXIS2_PLACEMENT_3D ( 'NONE', #4207, #4687, #3369 ) ;
#3953 = ORIENTED_EDGE ( 'NONE', *, *, #3841, .T. ) ;
#3954 = ORIENTED_EDGE ( 'NONE', *, *, #2458, .T. ) ;
#3955 = EDGE_CURVE ( 'NONE', #5655, #2018, #5418, .T. ) ;
#3956 = CYLINDRICAL_SURFACE ( 'NONE', #2845, 1.000000000000000400 ) ;
#3957 = CARTESIAN_POINT ( 'NONE',  ( 6.000000000000000000, 4.800000000000000700, 0.0000000000000000000 ) ) ;
#3958 = CARTESIAN_POINT ( 'NONE',  ( 0.2499999999999993600, -4.607859233063394800E-016, 1.699999999999999700 ) ) ;
#3959 = VERTEX_POINT ( 'NONE', #3370 ) ;
#3960 = ORIENTED_EDGE ( 'NONE', *, *, #1045, .T. ) ;
#3961 = LINE ( 'NONE', #496, #2573 ) ;
#3962 = EDGE_LOOP ( 'NONE', ( #2038, #5090, #37, #531 ) ) ;
#3963 = DIRECTION ( 'NONE',  ( 0.0000000000000000000, 0.0000000000000000000, -1.000000000000000000 ) ) ;
#3964 = EDGE_CURVE ( 'NONE', #4496, #1659, #3163, .T. ) ;
#3965 = DIRECTION ( 'NONE',  ( 4.336808689942177100E-015, -0.8660254037844576900, 0.4999999999999669200 ) ) ;
#3966 = FACE_OUTER_BOUND ( 'NONE', #2484, .T. ) ;
#3967 = CARTESIAN_POINT ( 'NONE',  ( -1.250000000000001100, 1.749999999999998900, -1.514441129821030200E-016 ) ) ;
#3968 = CARTESIAN_POINT ( 'NONE',  ( 0.2500000000000011100, 1.749999999999999800, -2.099999999999944600 ) ) ;
#3969 = ORIENTED_EDGE ( 'NONE', *, *, #2055, .T. ) ;
#3970 = CARTESIAN_POINT ( 'NONE',  ( -3.122610418006830800, 4.800000000000000700, -0.1226104180068295500 ) ) ;
#3971 = DIRECTION ( 'NONE',  ( 0.0000000000000000000, -0.0000000000000000000, 1.000000000000000000 ) ) ;
#3972 = AXIS2_PLACEMENT_3D ( 'NONE', #5427, #670, #3563 ) ;
#3973 = ORIENTED_EDGE ( 'NONE', *, *, #1538, .F. ) ;
#3974 = LINE ( 'NONE', #3958, #1390 ) ;
#3975 = ORIENTED_EDGE ( 'NONE', *, *, #5480, .F. ) ;
#3976 = CARTESIAN_POINT ( 'NONE',  ( -2.250000000000001300, -9.629649721936179300E-032, -2.799999999999999800 ) ) ;
#3977 = DIRECTION ( 'NONE',  ( 0.0000000000000000000, 1.000000000000000000, 0.0000000000000000000 ) ) ;
#3978 = LINE ( 'NONE', #3828, #1615 ) ;
#3979 = EDGE_CURVE ( 'NONE', #3551, #1105, #105, .T. ) ;
#3980 = ORIENTED_EDGE ( 'NONE', *, *, #4663, .F. ) ;
#3981 = ORIENTED_EDGE ( 'NONE', *, *, #5376, .T. ) ;
#3982 = CARTESIAN_POINT ( 'NONE',  ( 0.8773895819931707400, -3.399999999999999900, -0.1226104180068291200 ) ) ;
#3983 = CARTESIAN_POINT ( 'NONE',  ( -1.122610418006830600, 4.800000000000000700, 0.1226104180068297700 ) ) ;
#3984 = LINE ( 'NONE', #3770, #5633 ) ;
#3985 = ORIENTED_EDGE ( 'NONE', *, *, #1045, .F. ) ;
#3986 = EDGE_CURVE ( 'NONE', #4633, #6031, #3620, .T. ) ;
#3987 = VECTOR ( 'NONE', #542, 1000.000000000000000 ) ;
#3988 = CARTESIAN_POINT ( 'NONE',  ( -1.750000000000000700, -9.184850993605157100E-017, -2.799999999999999800 ) ) ;
#3989 = DIRECTION ( 'NONE',  ( 1.000000000000000000, 0.0000000000000000000, 0.0000000000000000000 ) ) ;
#3990 = EDGE_CURVE ( 'NONE', #3670, #3519, #1056, .T. ) ;
#3991 = PLANE ( 'NONE',  #5515 ) ;
#3992 = DIRECTION ( 'NONE',  ( -1.000000000000000000, -5.421010862427523400E-017, -0.0000000000000000000 ) ) ;
#3993 = LINE ( 'NONE', #4652, #304 ) ;
#3994 = LINE ( 'NONE', #818, #1556 ) ;
#3995 = CIRCLE ( 'NONE', #3073, 1.000000000000000400 ) ;
#3996 = FACE_OUTER_BOUND ( 'NONE', #761, .T. ) ;
#3997 = EDGE_CURVE ( 'NONE', #4544, #2796, #5719, .T. ) ;
#3998 = DIRECTION ( 'NONE',  ( 0.0000000000000000000, -0.0000000000000000000, 1.000000000000000000 ) ) ;
#3999 = CARTESIAN_POINT ( 'NONE',  ( 4.000000000000000000, 4.800000000000000700, -0.1226104180068295500 ) ) ;
#4000 = LINE ( 'NONE', #940, #463 ) ;
#4001 = ORIENTED_EDGE ( 'NONE', *, *, #6186, .T. ) ;
#4002 = DIRECTION ( 'NONE',  ( 0.0000000000000000000, 0.0000000000000000000, 1.000000000000000000 ) ) ;
#4003 = PLANE ( 'NONE',  #455 ) ;
#4004 = ORIENTED_EDGE ( 'NONE', *, *, #1586, .T. ) ;
#4005 = LINE ( 'NONE', #560, #3854 ) ;
#4006 = PLANE ( 'NONE',  #6056 ) ;
#4007 = EDGE_CURVE ( 'NONE', #4232, #2289, #4906, .T. ) ;
#4008 = FACE_OUTER_BOUND ( 'NONE', #2951, .T. ) ;
#4009 = CARTESIAN_POINT ( 'NONE',  ( 3.122610418006829000, 4.800000000000000700, 0.0000000000000000000 ) ) ;
#4010 = ORIENTED_EDGE ( 'NONE', *, *, #5007, .F. ) ;
#4011 = CARTESIAN_POINT ( 'NONE',  ( 1.122610418006828800, 4.800000000000000700, -0.1226104180068295500 ) ) ;
#4012 = DIRECTION ( 'NONE',  ( -1.000000000000000000, 0.0000000000000000000, 0.0000000000000000000 ) ) ;
#4013 = ORIENTED_EDGE ( 'NONE', *, *, #2826, .T. ) ;
#4014 = LINE ( 'NONE', #4129, #35 ) ;
#4015 = EDGE_LOOP ( 'NONE', ( #2539, #5390, #4911, #4801 ) ) ;
#4016 = CARTESIAN_POINT ( 'NONE',  ( 2.250000000000001300, 1.749999999999999800, -2.399999999999944800 ) ) ;
#4017 = VECTOR ( 'NONE', #4917, 1000.000000000000000 ) ;
#4018 = VERTEX_POINT ( 'NONE', #5225 ) ;
#4019 = CARTESIAN_POINT ( 'NONE',  ( 3.109769791640809800, -3.435279330992292700, 0.1097697916408097600 ) ) ;
#4020 = EDGE_CURVE ( 'NONE', #3074, #2257, #3614, .T. ) ;
#4021 = ORIENTED_EDGE ( 'NONE', *, *, #717, .T. ) ;
#4022 = DIRECTION ( 'NONE',  ( 1.000000000000000000, 0.0000000000000000000, 0.0000000000000000000 ) ) ;
#4023 = SURFACE_STYLE_USAGE ( .BOTH. , #1202 ) ;
#4024 = EDGE_CURVE ( 'NONE', #3529, #2257, #5567, .T. ) ;
#4025 = LINE ( 'NONE', #5219, #191 ) ;
#4026 = ORIENTED_EDGE ( 'NONE', *, *, #1125, .T. ) ;
#4027 = DIRECTION ( 'NONE',  ( 1.000000000000000000, -0.0000000000000000000, 0.0000000000000000000 ) ) ;
#4028 = CARTESIAN_POINT ( 'NONE',  ( -5.250000000000000900, -6.505213034913026600E-016, 0.2499999999999998900 ) ) ;
#4029 = CARTESIAN_POINT ( 'NONE',  ( -4.750000000000000900, -3.038299777613183900, -0.03573422627373666600 ) ) ;
#4030 = ORIENTED_EDGE ( 'NONE', *, *, #1853, .F. ) ;
#4031 = FACE_OUTER_BOUND ( 'NONE', #5351, .T. ) ;
#4032 = EDGE_CURVE ( 'NONE', #4569, #5234, #909, .T. ) ;
#4033 = EDGE_LOOP ( 'NONE', ( #3525, #2106, #329, #5714 ) ) ;
#4034 = VERTEX_POINT ( 'NONE', #2818 ) ;
#4035 = VECTOR ( 'NONE', #3398, 1000.000000000000000 ) ;
#4036 = DIRECTION ( 'NONE',  ( -1.000000000000000000, -0.0000000000000000000, -0.0000000000000000000 ) ) ;
#4037 = CARTESIAN_POINT ( 'NONE',  ( 3.423950916901413500, 3.972073783719933400, 0.4239509169014144500 ) ) ;
#4038 = DIRECTION ( 'NONE',  ( 0.0000000000000000000, 0.8660254037844576900, -0.4999999999999669200 ) ) ;
#4039 = ORIENTED_EDGE ( 'NONE', *, *, #5181, .F. ) ;
#4040 = VECTOR ( 'NONE', #2507, 1000.000000000000000 ) ;
#4041 =( GEOMETRIC_REPRESENTATION_CONTEXT ( 3 ) GLOBAL_UNCERTAINTY_ASSIGNED_CONTEXT ( ( #1430 ) ) GLOBAL_UNIT_ASSIGNED_CONTEXT ( ( #1742, #2216, #1288 ) ) REPRESENTATION_CONTEXT ( 'NONE', 'WORKASPACE' ) );
#4042 = DIRECTION ( 'NONE',  ( 0.0000000000000000000, 0.0000000000000000000, -1.000000000000000000 ) ) ;
#4043 = CARTESIAN_POINT ( 'NONE',  ( 6.300000000000001600, 2.200000000000001500, -2.399999999999942200 ) ) ;
#4044 = EDGE_CURVE ( 'NONE', #3067, #856, #3470, .T. ) ;
#4045 = EDGE_LOOP ( 'NONE', ( #4567, #5269, #1813, #517 ) ) ;
#4046 = VECTOR ( 'NONE', #2668, 1000.000000000000000 ) ;
#4047 = DIRECTION ( 'NONE',  ( -0.0000000000000000000, 4.713922489067410100E-017, 1.000000000000000000 ) ) ;
#4048 = ORIENTED_EDGE ( 'NONE', *, *, #5790, .T. ) ;
#4049 = DIRECTION ( 'NONE',  ( -0.0000000000000000000, -0.0000000000000000000, 1.000000000000000000 ) ) ;
#4050 = LINE ( 'NONE', #839, #1620 ) ;
#4051 = ORIENTED_EDGE ( 'NONE', *, *, #6009, .T. ) ;
#4052 = FACE_OUTER_BOUND ( 'NONE', #2092, .T. ) ;
#4053 = ORIENTED_EDGE ( 'NONE', *, *, #5958, .T. ) ;
#4054 = PLANE ( 'NONE',  #1547 ) ;
#4055 = CARTESIAN_POINT ( 'NONE',  ( -2.250000000000001300, 3.099999999999999600, -2.399999999999944800 ) ) ;
#4056 = EDGE_CURVE ( 'NONE', #3346, #768, #5267, .T. ) ;
#4057 = LINE ( 'NONE', #5373, #4883 ) ;
#4058 = ORIENTED_EDGE ( 'NONE', *, *, #2348, .T. ) ;
#4059 = VERTEX_POINT ( 'NONE', #4831 ) ;
#4060 = PLANE ( 'NONE',  #1784 ) ;
#4061 = VECTOR ( 'NONE', #1152, 1000.000000000000000 ) ;
#4062 = DIRECTION ( 'NONE',  ( 1.000000000000000000, 4.336808689942013800E-016, 0.0000000000000000000 ) ) ;
#4063 = CARTESIAN_POINT ( 'NONE',  ( 0.2499999999999993600, -9.184850993605157100E-017, -2.799999999999999800 ) ) ;
#4064 = CARTESIAN_POINT ( 'NONE',  ( 4.750000000000000900, -0.9370666808418981500, 0.3272883630608796600 ) ) ;
#4065 = EDGE_CURVE ( 'NONE', #4113, #783, #4749, .T. ) ;
#4066 = LINE ( 'NONE', #3999, #381 ) ;
#4067 = DIRECTION ( 'NONE',  ( 0.0000000000000000000, 0.0000000000000000000, 1.000000000000000000 ) ) ;
#4068 = EDGE_CURVE ( 'NONE', #900, #4697, #4000, .T. ) ;
#4069 = ORIENTED_EDGE ( 'NONE', *, *, #1760, .T. ) ;
#4070 = DIRECTION ( 'NONE',  ( 0.0000000000000000000, -1.000000000000000000, -2.710505431213762100E-016 ) ) ;
#4071 = DIRECTION ( 'NONE',  ( 0.0000000000000000000, 1.000000000000000000, 0.0000000000000000000 ) ) ;
#4072 = VECTOR ( 'NONE', #2809, 1000.000000000000000 ) ;
#4073 = EDGE_LOOP ( 'NONE', ( #1954, #4468, #4004, #2988 ) ) ;
#4074 = DIRECTION ( 'NONE',  ( -0.0000000000000000000, 1.000000000000000000, 2.478176394252581100E-016 ) ) ;
#4075 = CARTESIAN_POINT ( 'NONE',  ( 4.250000000000000900, 1.749999999999999800, -2.399999999999944800 ) ) ;
#4076 = VECTOR ( 'NONE', #1268, 1000.000000000000000 ) ;
#4077 = VECTOR ( 'NONE', #4997, 1000.000000000000000 ) ;
#4078 = EDGE_CURVE ( 'NONE', #3166, #5275, #2698, .T. ) ;
#4079 = ORIENTED_EDGE ( 'NONE', *, *, #1930, .F. ) ;
#4080 =( NAMED_UNIT ( * ) PLANE_ANGLE_UNIT ( ) SI_UNIT ( $, .RADIAN. ) );
#4081 = LINE ( 'NONE', #5335, #3159 ) ;
#4082 = DIRECTION ( 'NONE',  ( 1.284980352575412900E-015, -1.000000000000000000, 0.0000000000000000000 ) ) ;
#4083 = DIRECTION ( 'NONE',  ( 1.000000000000000000, -0.0000000000000000000, 0.0000000000000000000 ) ) ;
#4084 = DIRECTION ( 'NONE',  ( -1.000000000000000000, -5.421010862427523400E-017, -1.343422115225471600E-032 ) ) ;
#4085 = ADVANCED_FACE ( 'NONE', ( #1712 ), #3871, .F. ) ;
#4086 = VERTEX_POINT ( 'NONE', #1841 ) ;
#4087 = AXIS2_PLACEMENT_3D ( 'NONE', #801, #5914, #4170 ) ;
#4088 = ORIENTED_EDGE ( 'NONE', *, *, #2797, .F. ) ;
#4089 = CARTESIAN_POINT ( 'NONE',  ( 4.750000000000000900, 4.800000000000000700, -0.2500000000000003300 ) ) ;
#4090 = FACE_BOUND ( 'NONE', #3721, .T. ) ;
#4091 = DIRECTION ( 'NONE',  ( 0.3236155771181831700, 0.8891264907159895900, 0.3236155771181831700 ) ) ;
#4092 = VERTEX_POINT ( 'NONE', #4288 ) ;
#4093 = ORIENTED_EDGE ( 'NONE', *, *, #2750, .F. ) ;
#4094 = VECTOR ( 'NONE', #383, 1000.000000000000000 ) ;
#4095 = DIRECTION ( 'NONE',  ( 1.000000000000000000, 0.0000000000000000000, 0.0000000000000000000 ) ) ;
#4096 = DIRECTION ( 'NONE',  ( -1.284980352575413100E-015, 1.000000000000000000, 0.0000000000000000000 ) ) ;
#4097 = CARTESIAN_POINT ( 'NONE',  ( -4.750000000000000900, 4.800000000000000700, -0.2500000000000001100 ) ) ;
#4098 = ORIENTED_EDGE ( 'NONE', *, *, #1540, .T. ) ;
#4099 = FACE_OUTER_BOUND ( 'NONE', #785, .T. ) ;
#4100 = AXIS2_PLACEMENT_3D ( 'NONE', #6051, #2643, #3650 ) ;
#4101 = ORIENTED_EDGE ( 'NONE', *, *, #5586, .T. ) ;
#4102 = EDGE_CURVE ( 'NONE', #3717, #3569, #3772, .T. ) ;
#4103 = ORIENTED_EDGE ( 'NONE', *, *, #5389, .T. ) ;
#4104 = LINE ( 'NONE', #1936, #127 ) ;
#4105 = DIRECTION ( 'NONE',  ( 2.775557561562891400E-017, 4.519258725382948000E-017, -1.000000000000000000 ) ) ;
#4106 = DIRECTION ( 'NONE',  ( 0.0000000000000000000, 1.000000000000000000, 2.478176394252581100E-016 ) ) ;
#4107 = ORIENTED_EDGE ( 'NONE', *, *, #2497, .T. ) ;
#4108 = AXIS2_PLACEMENT_3D ( 'NONE', #5417, #3207, #343 ) ;
#4109 = CARTESIAN_POINT ( 'NONE',  ( -6.299999999999999800, 1.749999999999999800, -2.399999999999944000 ) ) ;
#4110 = AXIS2_PLACEMENT_3D ( 'NONE', #603, #126, #1070 ) ;
#4111 = DIRECTION ( 'NONE',  ( 0.0000000000000000000, 0.0000000000000000000, -1.000000000000000000 ) ) ;
#4112 = VECTOR ( 'NONE', #4218, 1000.000000000000000 ) ;
#4113 = VERTEX_POINT ( 'NONE', #997 ) ;
#4114 = ORIENTED_EDGE ( 'NONE', *, *, #3093, .F. ) ;
#4115 = DIRECTION ( 'NONE',  ( 0.3236155771181826700, 0.8891264907159897000, 0.3236155771181827800 ) ) ;
#4116 = CARTESIAN_POINT ( 'NONE',  ( 6.950000000000000200, 6.276959945968717000E-017, -0.5500000000000006000 ) ) ;
#4117 = ORIENTED_EDGE ( 'NONE', *, *, #4020, .T. ) ;
#4118 = CARTESIAN_POINT ( 'NONE',  ( -4.750000000000000900, -3.098729330862456200, 0.3069788004364776800 ) ) ;
#4119 = LINE ( 'NONE', #104, #3208 ) ;
#4120 = PLANE ( 'NONE',  #3855 ) ;
#4121 = DIRECTION ( 'NONE',  ( 0.0000000000000000000, 0.0000000000000000000, -1.000000000000000000 ) ) ;
#4122 = DIRECTION ( 'NONE',  ( -1.000000000000000000, -0.0000000000000000000, -0.0000000000000000000 ) ) ;
#4123 = EDGE_CURVE ( 'NONE', #3083, #129, #1502, .T. ) ;
#4124 = DIRECTION ( 'NONE',  ( 0.0000000000000000000, 0.0000000000000000000, 1.000000000000000000 ) ) ;
#4125 = ORIENTED_EDGE ( 'NONE', *, *, #240, .F. ) ;
#4126 = CARTESIAN_POINT ( 'NONE',  ( 6.950000000000000200, 0.0000000000000000000, -2.799999999999999400 ) ) ;
#4127 = DIRECTION ( 'NONE',  ( 0.0000000000000000000, 0.0000000000000000000, -1.000000000000000000 ) ) ;
#4128 = VECTOR ( 'NONE', #2307, 1000.000000000000000 ) ;
#4129 = CARTESIAN_POINT ( 'NONE',  ( 2.877389581993169600, 4.800000000000000700, 0.0000000000000000000 ) ) ;
#4130 = ORIENTED_EDGE ( 'NONE', *, *, #3898, .F. ) ;
#4131 = VECTOR ( 'NONE', #5085, 1000.000000000000000 ) ;
#4132 = ORIENTED_EDGE ( 'NONE', *, *, #3381, .T. ) ;
#4133 = CARTESIAN_POINT ( 'NONE',  ( -2.750000000000000900, 0.1999999999999999800, -0.2500000000000000000 ) ) ;
#4134 = LINE ( 'NONE', #4109, #6141 ) ;
#4135 = CARTESIAN_POINT ( 'NONE',  ( 2.749999999999999100, 1.749999999999998900, 0.2500000000000003300 ) ) ;
#4136 = ORIENTED_EDGE ( 'NONE', *, *, #1474, .F. ) ;
#4137 = EDGE_CURVE ( 'NONE', #865, #1923, #5412, .T. ) ;
#4138 = LINE ( 'NONE', #3630, #3684 ) ;
#4139 = EDGE_CURVE ( 'NONE', #4240, #993, #3081, .T. ) ;
#4140 = DIRECTION ( 'NONE',  ( 1.000000000000000000, 0.0000000000000000000, 0.0000000000000000000 ) ) ;
#4141 = FACE_OUTER_BOUND ( 'NONE', #4541, .T. ) ;
#4142 = DIRECTION ( 'NONE',  ( 0.0000000000000000000, 0.0000000000000000000, -1.000000000000000000 ) ) ;
#4143 = LINE ( 'NONE', #3376, #234 ) ;
#4144 = PLANE ( 'NONE',  #2412 ) ;
#4145 = AXIS2_PLACEMENT_3D ( 'NONE', #3301, #3701, #877 ) ;
#4146 = LINE ( 'NONE', #5608, #5645 ) ;
#4147 =( LENGTH_UNIT ( ) NAMED_UNIT ( * ) SI_UNIT ( .MILLI., .METRE. ) );
#4148 = LINE ( 'NONE', #575, #2463 ) ;
#4149 = ORIENTED_EDGE ( 'NONE', *, *, #725, .F. ) ;
#4150 = EDGE_CURVE ( 'NONE', #837, #1000, #6013, .T. ) ;
#4151 = ORIENTED_EDGE ( 'NONE', *, *, #3082, .T. ) ;
#4152 = DIRECTION ( 'NONE',  ( 1.000000000000000000, -0.0000000000000000000, 0.0000000000000000000 ) ) ;
#4153 = VECTOR ( 'NONE', #5758, 1000.000000000000000 ) ;
#4154 = FACE_OUTER_BOUND ( 'NONE', #1461, .T. ) ;
#4155 = ORIENTED_EDGE ( 'NONE', *, *, #803, .T. ) ;
#4156 = DIRECTION ( 'NONE',  ( 0.0000000000000000000, 0.0000000000000000000, 1.000000000000000000 ) ) ;
#4157 = DIRECTION ( 'NONE',  ( 0.0000000000000000000, 1.000000000000000000, 0.0000000000000000000 ) ) ;
#4158 = VERTEX_POINT ( 'NONE', #5887 ) ;
#4159 = VECTOR ( 'NONE', #3921, 1000.000000000000000 ) ;
#4160 = EDGE_CURVE ( 'NONE', #828, #3432, #4452, .T. ) ;
#4161 = ADVANCED_FACE ( 'NONE', ( #841 ), #2506, .T. ) ;
#4162 = EDGE_LOOP ( 'NONE', ( #1541, #2874, #405, #140 ) ) ;
#4163 = DIRECTION ( 'NONE',  ( -1.000000000000000000, 0.0000000000000000000, 0.0000000000000000000 ) ) ;
#4164 = CARTESIAN_POINT ( 'NONE',  ( -1.122610418006829300, -3.399999999999999900, 0.1226104180068293400 ) ) ;
#4165 = DIRECTION ( 'NONE',  ( 1.000000000000000000, 0.0000000000000000000, 0.0000000000000000000 ) ) ;
#4166 = VERTEX_POINT ( 'NONE', #627 ) ;
#4167 = CARTESIAN_POINT ( 'NONE',  ( 0.7499999999999988900, -6.505213034913026600E-016, -0.2500000000000001100 ) ) ;
#4168 = PLANE ( 'NONE',  #5395 ) ;
#4169 = LINE ( 'NONE', #3700, #3401 ) ;
#4170 = DIRECTION ( 'NONE',  ( 0.0000000000000000000, 0.0000000000000000000, -1.000000000000000000 ) ) ;
#4171 = CLOSED_SHELL ( 'NONE', ( #2840, #5193, #4629, #4694, #6179, #2389, #1480, #1830, #10, #24, #5707, #4773, #905, #4349, #2825, #1790, #2372, #536, #4257, #2251, #6119, #3779 ) ) ;
#4172 =( LENGTH_UNIT ( ) NAMED_UNIT ( * ) SI_UNIT ( .MILLI., .METRE. ) );
#4173 = VECTOR ( 'NONE', #4806, 1000.000000000000000 ) ;
#4174 = PLANE ( 'NONE',  #1459 ) ;
#4175 = EDGE_LOOP ( 'NONE', ( #6194, #3345, #4948, #4630 ) ) ;
#4176 = ORIENTED_EDGE ( 'NONE', *, *, #5900, .F. ) ;
#4177 = ADVANCED_FACE ( 'NONE', ( #5865 ), #1476, .F. ) ;
#4178 = LINE ( 'NONE', #1673, #5893 ) ;
#4179 = CARTESIAN_POINT ( 'NONE',  ( 0.8773895819931695200, 4.800000000000000700, -0.1226104180068295500 ) ) ;
#4180 = CARTESIAN_POINT ( 'NONE',  ( -3.250000000000001300, 4.449999999999999300, -0.2500000000000001100 ) ) ;
#4181 = ORIENTED_EDGE ( 'NONE', *, *, #653, .T. ) ;
#4182 = ORIENTED_EDGE ( 'NONE', *, *, #2772, .F. ) ;
#4183 = VECTOR ( 'NONE', #4428, 1000.000000000000000 ) ;
#4184 = CARTESIAN_POINT ( 'NONE',  ( -3.750000000000000900, 0.1999999999999999300, -2.799999999999999800 ) ) ;
#4185 = EDGE_CURVE ( 'NONE', #3782, #4891, #548, .T. ) ;
#4186 = SHAPE_DEFINITION_REPRESENTATION ( #1017, #1318 ) ;
#4187 =( NAMED_UNIT ( * ) SI_UNIT ( $, .STERADIAN. ) SOLID_ANGLE_UNIT ( ) );
#4188 = DIRECTION ( 'NONE',  ( -1.000000000000000000, 0.0000000000000000000, 0.0000000000000000000 ) ) ;
#4189 = EDGE_CURVE ( 'NONE', #4508, #6114, #4148, .T. ) ;
#4190 = ORIENTED_EDGE ( 'NONE', *, *, #2055, .F. ) ;
#4191 = LINE ( 'NONE', #552, #5611 ) ;
#4192 = ORIENTED_EDGE ( 'NONE', *, *, #2394, .F. ) ;
#4193 = DIRECTION ( 'NONE',  ( 0.0000000000000000000, 1.141265444721583800E-016, -1.000000000000000000 ) ) ;
#4194 = DIRECTION ( 'NONE',  ( -0.0000000000000000000, -0.0000000000000000000, 1.000000000000000000 ) ) ;
#4195 = LINE ( 'NONE', #3850, #4500 ) ;
#4196 = EDGE_CURVE ( 'NONE', #3733, #1617, #2009, .T. ) ;
#4197 = DIRECTION ( 'NONE',  ( 0.9396926207859090900, -0.3420201433256669400, -0.0000000000000000000 ) ) ;
#4198 = VERTEX_POINT ( 'NONE', #5809 ) ;
#4199 = DIRECTION ( 'NONE',  ( 0.0000000000000000000, 1.000000000000000000, -5.981805089575197200E-016 ) ) ;
#4200 = DIRECTION ( 'NONE',  ( -1.000000000000000000, 0.0000000000000000000, 0.0000000000000000000 ) ) ;
#4201 = VERTEX_POINT ( 'NONE', #1034 ) ;
#4202 = LINE ( 'NONE', #2537, #4805 ) ;
#4203 = ORIENTED_EDGE ( 'NONE', *, *, #4446, .F. ) ;
#4204 = AXIS2_PLACEMENT_3D ( 'NONE', #6132, #404, #6154 ) ;
#4205 = DIRECTION ( 'NONE',  ( 0.0000000000000000000, -1.000000000000000000, -3.854941057726237100E-016 ) ) ;
#4206 = SURFACE_SIDE_STYLE ('',( #4317 ) ) ;
#4207 = CARTESIAN_POINT ( 'NONE',  ( -4.750000000000000900, 4.800000000000000700, -0.2500000000000001100 ) ) ;
#4208 = DIRECTION ( 'NONE',  ( 0.0000000000000000000, -0.3420201433256669400, 0.9396926207859090900 ) ) ;
#4209 = LINE ( 'NONE', #3429, #5696 ) ;
#4210 = ORIENTED_EDGE ( 'NONE', *, *, #3198, .F. ) ;
#4211 = ORIENTED_EDGE ( 'NONE', *, *, #921, .T. ) ;
#4212 = LINE ( 'NONE', #2912, #1040 ) ;
#4213 = PLANE ( 'NONE',  #5077 ) ;
#4214 = FACE_OUTER_BOUND ( 'NONE', #1885, .T. ) ;
#4215 = EDGE_LOOP ( 'NONE', ( #4897, #2855, #5149, #2822 ) ) ;
#4216 = ORIENTED_EDGE ( 'NONE', *, *, #5984, .F. ) ;
#4217 = CARTESIAN_POINT ( 'NONE',  ( -3.799999999999999800, 1.749999999999999800, -2.399999999999942200 ) ) ;
#4218 = DIRECTION ( 'NONE',  ( -1.000000000000000000, 0.0000000000000000000, 0.0000000000000000000 ) ) ;
#4219 = DIRECTION ( 'NONE',  ( -1.000000000000000000, 0.0000000000000000000, 0.0000000000000000000 ) ) ;
#4220 = EDGE_CURVE ( 'NONE', #4408, #3374, #3155, .T. ) ;
#4221 = VECTOR ( 'NONE', #790, 1000.000000000000000 ) ;
#4222 = ORIENTED_EDGE ( 'NONE', *, *, #6105, .T. ) ;
#4223 = EDGE_CURVE ( 'NONE', #2502, #4533, #2927, .T. ) ;
#4224 = VERTEX_POINT ( 'NONE', #148 ) ;
#4225 = ADVANCED_FACE ( 'NONE', ( #3302 ), #1494, .F. ) ;
#4226 = VECTOR ( 'NONE', #799, 1000.000000000000000 ) ;
#4227 = CARTESIAN_POINT ( 'NONE',  ( 4.250000000000000900, 1.749999999999999800, -2.099999999999944600 ) ) ;
#4228 = CARTESIAN_POINT ( 'NONE',  ( 5.300000000000000700, 2.200000000000001100, 1.700000000000000000 ) ) ;
#4229 = VECTOR ( 'NONE', #1411, 1000.000000000000000 ) ;
#4230 = CARTESIAN_POINT ( 'NONE',  ( 6.950000000000000200, -9.035018104045861100E-016, 1.249999999999998700 ) ) ;
#4231 = PRESENTATION_LAYER_ASSIGNMENT (  '', '', ( #6133 ) ) ;
#4232 = VERTEX_POINT ( 'NONE', #5385 ) ;
#4233 = AXIS2_PLACEMENT_3D ( 'NONE', #2914, #5784, #3928 ) ;
#4234 = CARTESIAN_POINT ( 'NONE',  ( 4.250000000000000000, 1.749999999999999800, -2.399999999999944000 ) ) ;
#4235 = VECTOR ( 'NONE', #6140, 1000.000000000000100 ) ;
#4236 = PLANE ( 'NONE',  #3940 ) ;
#4237 = DIRECTION ( 'NONE',  ( -0.0000000000000000000, 1.000000000000000000, 0.0000000000000000000 ) ) ;
#4238 = ORIENTED_EDGE ( 'NONE', *, *, #1622, .T. ) ;
#4239 = ORIENTED_EDGE ( 'NONE', *, *, #20, .T. ) ;
#4240 = VERTEX_POINT ( 'NONE', #2486 ) ;
#4241 = VECTOR ( 'NONE', #1922, 1000.000000000000000 ) ;
#4242 = ADVANCED_FACE ( 'NONE', ( #1647 ), #3504, .F. ) ;
#4243 = CARTESIAN_POINT ( 'NONE',  ( 4.750000000000000900, 4.800000000000000700, -0.2500000000000003300 ) ) ;
#4244 = DIRECTION ( 'NONE',  ( 0.0000000000000000000, 0.0000000000000000000, 1.000000000000000000 ) ) ;
#4245 = ORIENTED_EDGE ( 'NONE', *, *, #2356, .T. ) ;
#4246 = EDGE_CURVE ( 'NONE', #4769, #1713, #5196, .T. ) ;
#4247 = ORIENTED_EDGE ( 'NONE', *, *, #1303, .F. ) ;
#4248 = VECTOR ( 'NONE', #738, 999.9999999999998900 ) ;
#4249 = VERTEX_POINT ( 'NONE', #74 ) ;
#4250 = CARTESIAN_POINT ( 'NONE',  ( 6.950000000000000200, 5.999999999999999100, -0.5499999999999999300 ) ) ;
#4251 = DIRECTION ( 'NONE',  ( -0.0000000000000000000, -1.000000000000000000, -0.0000000000000000000 ) ) ;
#4252 = CARTESIAN_POINT ( 'NONE',  ( -3.799999999999999800, 1.749999999999999100, 1.100000000000056300 ) ) ;
#4253 = EDGE_LOOP ( 'NONE', ( #2228, #2959, #1456, #2765 ) ) ;
#4254 = VECTOR ( 'NONE', #3651, 999.9999999999998900 ) ;
#4255 = ORIENTED_EDGE ( 'NONE', *, *, #4734, .T. ) ;
#4256 = CARTESIAN_POINT ( 'NONE',  ( 0.7499999999999988900, -3.049999999999997200, -0.2500000000000001100 ) ) ;
#4257 = ADVANCED_FACE ( 'NONE', ( #4297 ), #4894, .F. ) ;
#4258 = DIRECTION ( 'NONE',  ( -1.284980352575413100E-015, -1.000000000000000000, -0.0000000000000000000 ) ) ;
#4259 = VECTOR ( 'NONE', #5341, 1000.000000000000100 ) ;
#4260 = AXIS2_PLACEMENT_3D ( 'NONE', #1867, #3811, #4820 ) ;
#4261 = VERTEX_POINT ( 'NONE', #2920 ) ;
#4262 = EDGE_CURVE ( 'NONE', #1437, #3480, #5798, .T. ) ;
#4263 = CARTESIAN_POINT ( 'NONE',  ( -2.750000000000000900, 4.449999999999999300, -0.2500000000000001100 ) ) ;
#4264 = LINE ( 'NONE', #2207, #4786 ) ;
#4265 = EDGE_LOOP ( 'NONE', ( #5813, #3195, #1157, #946 ) ) ;
#4266 = AXIS2_PLACEMENT_3D ( 'NONE', #5496, #3523, #3543 ) ;
#4267 = LINE ( 'NONE', #1075, #3814 ) ;
#4268 = DIRECTION ( 'NONE',  ( 1.112825628694216700E-015, -0.8660254037844578000, 0.4999999999999669700 ) ) ;
#4269 = PLANE ( 'NONE',  #493 ) ;
#4270 = CARTESIAN_POINT ( 'NONE',  ( 2.250000000000001300, 3.099999999999991200, -2.399999999999959100 ) ) ;
#4271 = CARTESIAN_POINT ( 'NONE',  ( -1.749999999999998900, 1.749999999999999800, -2.099999999999944600 ) ) ;
#4272 = EDGE_CURVE ( 'NONE', #3010, #5458, #2846, .T. ) ;
#4273 = ADVANCED_FACE ( 'NONE', ( #614 ), #550, .F. ) ;
#4274 = ORIENTED_EDGE ( 'NONE', *, *, #3816, .F. ) ;
#4275 = DIRECTION ( 'NONE',  ( -1.000000000000000000, 0.0000000000000000000, 0.0000000000000000000 ) ) ;
#4276 = LINE ( 'NONE', #87, #3899 ) ;
#4277 = VERTEX_POINT ( 'NONE', #250 ) ;
#4278 = EDGE_CURVE ( 'NONE', #2066, #5433, #3231, .T. ) ;
#4279 = CARTESIAN_POINT ( 'NONE',  ( -2.750000000000000900, 1.749999999999998900, -1.514441129821030200E-016 ) ) ;
#4280 = CARTESIAN_POINT ( 'NONE',  ( 3.249999999999999600, -7.507106781186548600, -0.2500000000000001100 ) ) ;
#4281 = LINE ( 'NONE', #6139, #3 ) ;
#4282 = DIRECTION ( 'NONE',  ( -1.000000000000000000, -0.0000000000000000000, -0.0000000000000000000 ) ) ;
#4283 = ORIENTED_EDGE ( 'NONE', *, *, #1978, .F. ) ;
#4284 = LINE ( 'NONE', #2958, #150 ) ;
#4285 = ADVANCED_FACE ( 'NONE', ( #1196 ), #170, .T. ) ;
#4286 = ADVANCED_FACE ( 'NONE', ( #1565 ), #1652, .F. ) ;
#4287 = VECTOR ( 'NONE', #3192, 1000.000000000000100 ) ;
#4288 = CARTESIAN_POINT ( 'NONE',  ( -6.950000000000000200, 5.999999999999999100, -0.5499999999999999300 ) ) ;
#4289 = PLANE ( 'NONE',  #4923 ) ;
#4290 = CARTESIAN_POINT ( 'NONE',  ( -6.299999999999999800, 1.749999999999998900, 1.100000000000056300 ) ) ;
#4291 = DIRECTION ( 'NONE',  ( 0.0000000000000000000, 0.0000000000000000000, -1.000000000000000000 ) ) ;
#4292 = LINE ( 'NONE', #4964, #2303 ) ;
#4293 = LINE ( 'NONE', #5436, #2998 ) ;
#4294 = PLANE ( 'NONE',  #2082 ) ;
#4295 = DIRECTION ( 'NONE',  ( 1.000000000000000000, 0.0000000000000000000, 0.0000000000000000000 ) ) ;
#4296 = FACE_OUTER_BOUND ( 'NONE', #4453, .T. ) ;
#4297 = FACE_OUTER_BOUND ( 'NONE', #1625, .T. ) ;
#4298 = ADVANCED_FACE ( 'NONE', ( #5500 ), #5907, .F. ) ;
#4299 = ORIENTED_EDGE ( 'NONE', *, *, #4734, .F. ) ;
#4300 = CARTESIAN_POINT ( 'NONE',  ( 6.950000000000000200, 6.000000000000000000, 1.699999999999999700 ) ) ;
#4301 = DIRECTION ( 'NONE',  ( -0.0000000000000000000, -0.0000000000000000000, 1.000000000000000000 ) ) ;
#4302 = AXIS2_PLACEMENT_3D ( 'NONE', #1067, #1490, #4824 ) ;
#4303 = LINE ( 'NONE', #999, #982 ) ;
#4304 = EDGE_CURVE ( 'NONE', #4686, #2141, #5344, .T. ) ;
#4305 = ORIENTED_EDGE ( 'NONE', *, *, #4056, .F. ) ;
#4306 = CARTESIAN_POINT ( 'NONE',  ( -5.299999999999999800, 4.000000000000000000, -2.399999999999942200 ) ) ;
#4307 = DIRECTION ( 'NONE',  ( -1.000000000000000000, -5.421010862427523400E-017, 0.0000000000000000000 ) ) ;
#4308 = EDGE_LOOP ( 'NONE', ( #1768, #671, #413, #2856, #521, #4098, #1580, #3562, #2171, #618, #5582, #247, #832, #1289 ) ) ;
#4309 = PLANE ( 'NONE',  #1976 ) ;
#4310 = DIRECTION ( 'NONE',  ( 0.0000000000000000000, 0.0000000000000000000, 1.000000000000000000 ) ) ;
#4311 = LINE ( 'NONE', #6086, #3710 ) ;
#4312 = AXIS2_PLACEMENT_3D ( 'NONE', #396, #1361, #6108 ) ;
#4313 = ORIENTED_EDGE ( 'NONE', *, *, #1972, .T. ) ;
#4314 = VERTEX_POINT ( 'NONE', #2079 ) ;
#4315 = ORIENTED_EDGE ( 'NONE', *, *, #3537, .F. ) ;
#4316 = ADVANCED_FACE ( 'NONE', ( #391 ), #4498, .F. ) ;
#4317 = SURFACE_STYLE_FILL_AREA ( #401 ) ;
#4318 = CARTESIAN_POINT ( 'NONE',  ( -5.250000000000000900, -3.098729330862455300, 0.3069788004364777900 ) ) ;
#4319 = EDGE_CURVE ( 'NONE', #4637, #5160, #3931, .T. ) ;
#4320 = CARTESIAN_POINT ( 'NONE',  ( -4.750000000000000900, -0.9370666808418981500, -0.3272883630608796600 ) ) ;
#4321 = ORIENTED_EDGE ( 'NONE', *, *, #681, .F. ) ;
#4322 = VERTEX_POINT ( 'NONE', #5990 ) ;
#4323 = ORIENTED_EDGE ( 'NONE', *, *, #4913, .F. ) ;
#4324 = CARTESIAN_POINT ( 'NONE',  ( 3.249999999999999600, 1.749999999999998900, -0.2499999999999996700 ) ) ;
#4325 = ORIENTED_EDGE ( 'NONE', *, *, #5137, .T. ) ;
#4326 = CARTESIAN_POINT ( 'NONE',  ( -1.122610418006830600, 4.800000000000000700, 0.0000000000000000000 ) ) ;
#4327 =( NAMED_UNIT ( * ) PLANE_ANGLE_UNIT ( ) SI_UNIT ( $, .RADIAN. ) );
#4328 = PLANE ( 'NONE',  #5774 ) ;
#4329 = STYLED_ITEM ( 'NONE', ( #2238 ), #3403 ) ;
#4330 = ORIENTED_EDGE ( 'NONE', *, *, #318, .T. ) ;
#4331 = EDGE_CURVE ( 'NONE', #1275, #5662, #2782, .T. ) ;
#4332 = ORIENTED_EDGE ( 'NONE', *, *, #766, .T. ) ;
#4333 = DIRECTION ( 'NONE',  ( 0.0000000000000000000, 0.0000000000000000000, -1.000000000000000000 ) ) ;
#4334 = CARTESIAN_POINT ( 'NONE',  ( -2.877389581993171400, 4.800000000000000700, 0.0000000000000000000 ) ) ;
#4335 = CARTESIAN_POINT ( 'NONE',  ( -1.250000000000001100, -6.505213034913026600E-016, -0.2500000000000001100 ) ) ;
#4336 = ORIENTED_EDGE ( 'NONE', *, *, #5866, .T. ) ;
#4337 = ADVANCED_FACE ( 'NONE', ( #1347 ), #96, .T. ) ;
#4338 = FACE_OUTER_BOUND ( 'NONE', #3136, .T. ) ;
#4339 = ORIENTED_EDGE ( 'NONE', *, *, #2154, .F. ) ;
#4340 = CARTESIAN_POINT ( 'NONE',  ( -3.250000000000001300, -3.399999999999999900, 0.1226104180068293400 ) ) ;
#4341 = CARTESIAN_POINT ( 'NONE',  ( 8.949999999999999300, -3.399999999999999900, 0.1226104180068293400 ) ) ;
#4342 = ORIENTED_EDGE ( 'NONE', *, *, #2867, .F. ) ;
#4343 = PRESENTATION_STYLE_ASSIGNMENT (( #5888 ) ) ;
#4344 = EDGE_CURVE ( 'NONE', #4059, #5404, #5794, .T. ) ;
#4345 = EDGE_CURVE ( 'NONE', #73, #4825, #6007, .T. ) ;
#4346 = ORIENTED_EDGE ( 'NONE', *, *, #473, .F. ) ;
#4347 = DIRECTION ( 'NONE',  ( 1.000000000000000000, -1.284980352575412900E-015, 0.0000000000000000000 ) ) ;
#4348 = VECTOR ( 'NONE', #1806, 1000.000000000000000 ) ;
#4349 = ADVANCED_FACE ( 'NONE', ( #99 ), #2105, .T. ) ;
#4350 = AXIS2_PLACEMENT_3D ( 'NONE', #4905, #5316, #1996 ) ;
#4351 = EDGE_LOOP ( 'NONE', ( #5172, #5191, #735, #1761, #4459, #1452, #3611, #4176, #5517, #4010, #3478, #4203, #1145, #530, #3110, #5619, #5292, #3730, #4305, #3522, #4103, #4130, #5286, #1691 ) ) ;
#4352 = DIRECTION ( 'NONE',  ( 0.3236155771181831700, -0.8891264907159895900, 0.3236155771181831700 ) ) ;
#4353 = CARTESIAN_POINT ( 'NONE',  ( 6.950000000000000200, 0.7999999999999997100, 1.700000000000000000 ) ) ;
#4354 = CARTESIAN_POINT ( 'NONE',  ( -4.750000000000000900, -0.5622400085051390000, 0.003626982163471926000 ) ) ;
#4355 = LINE ( 'NONE', #4528, #5544 ) ;
#4356 = EDGE_LOOP ( 'NONE', ( #4429, #2346, #5885, #3214 ) ) ;
#4357 = VECTOR ( 'NONE', #1741, 1000.000000000000000 ) ;
#4358 = ORIENTED_EDGE ( 'NONE', *, *, #2219, .F. ) ;
#4359 = CARTESIAN_POINT ( 'NONE',  ( -3.750000000000000900, -9.184850993605157100E-017, -2.799999999999999800 ) ) ;
#4360 = DIRECTION ( 'NONE',  ( 1.000000000000000000, -0.0000000000000000000, 0.0000000000000000000 ) ) ;
#4361 = VECTOR ( 'NONE', #6157, 1000.000000000000000 ) ;
#4362 = ORIENTED_EDGE ( 'NONE', *, *, #4404, .F. ) ;
#4363 = AXIS2_PLACEMENT_3D ( 'NONE', #3278, #1842, #2819 ) ;
#4364 = ORIENTED_EDGE ( 'NONE', *, *, #4822, .F. ) ;
#4365 = LINE ( 'NONE', #5899, #4886 ) ;
#4366 = EDGE_CURVE ( 'NONE', #2421, #2182, #4376, .T. ) ;
#4367 = ADVANCED_FACE ( 'NONE', ( #3923 ), #2657, .T. ) ;
#4368 = DIRECTION ( 'NONE',  ( -1.000000000000000000, 0.0000000000000000000, 0.0000000000000000000 ) ) ;
#4369 = DIRECTION ( 'NONE',  ( 0.0000000000000000000, -0.1736481776669313600, -0.9848077530122079100 ) ) ;
#4370 = ORIENTED_EDGE ( 'NONE', *, *, #1099, .T. ) ;
#4371 = PLANE ( 'NONE',  #5332 ) ;
#4372 = FACE_OUTER_BOUND ( 'NONE', #3076, .T. ) ;
#4373 = VECTOR ( 'NONE', #2434, 1000.000000000000000 ) ;
#4374 = PLANE ( 'NONE',  #5314 ) ;
#4375 = CARTESIAN_POINT ( 'NONE',  ( -6.299999999999999800, 1.749999999999998900, 1.100000000000056300 ) ) ;
#4376 = LINE ( 'NONE', #4534, #4524 ) ;
#4377 = PLANE ( 'NONE',  #5565 ) ;
#4378 = ORIENTED_EDGE ( 'NONE', *, *, #180, .T. ) ;
#4379 = LINE ( 'NONE', #739, #3079 ) ;
#4380 = AXIS2_PLACEMENT_3D ( 'NONE', #1667, #209, #2098 ) ;
#4381 = VECTOR ( 'NONE', #5792, 1000.000000000000000 ) ;
#4382 = ADVANCED_FACE ( 'NONE', ( #2776 ), #2681, .F. ) ;
#4383 = CARTESIAN_POINT ( 'NONE',  ( 6.899999999999993200, 3.099999999999994300, -2.399999999999991500 ) ) ;
#4384 = EDGE_CURVE ( 'NONE', #3694, #3782, #4670, .T. ) ;
#4385 = ORIENTED_EDGE ( 'NONE', *, *, #4509, .T. ) ;
#4386 = VECTOR ( 'NONE', #5110, 1000.000000000000000 ) ;
#4387 = PLANE ( 'NONE',  #4350 ) ;
#4388 = DIRECTION ( 'NONE',  ( 0.0000000000000000000, 1.000000000000000000, 2.478176394252581100E-016 ) ) ;
#4389 = DIRECTION ( 'NONE',  ( 0.0000000000000000000, 2.478176394252581100E-016, -1.000000000000000000 ) ) ;
#4390 = ORIENTED_EDGE ( 'NONE', *, *, #4986, .F. ) ;
#4391 = AXIS2_PLACEMENT_3D ( 'NONE', #3063, #4047, #2518 ) ;
#4392 = ORIENTED_EDGE ( 'NONE', *, *, #11, .T. ) ;
#4393 = EDGE_CURVE ( 'NONE', #5186, #5329, #540, .T. ) ;
#4394 = FACE_OUTER_BOUND ( 'NONE', #2364, .T. ) ;
#4395 = ORIENTED_EDGE ( 'NONE', *, *, #5572, .F. ) ;
#4396 = DIRECTION ( 'NONE',  ( 0.0000000000000000000, 0.0000000000000000000, 1.000000000000000000 ) ) ;
#4397 = CARTESIAN_POINT ( 'NONE',  ( 6.950000000000000200, 0.2000000000000005100, 1.699999999999999700 ) ) ;
#4398 = DIRECTION ( 'NONE',  ( 0.3236155771181811200, 0.8891264907159901500, 0.3236155771181833400 ) ) ;
#4399 = CARTESIAN_POINT ( 'NONE',  ( -5.750000000000000900, 0.1999999999999999300, -2.799999999999999800 ) ) ;
#4400 = ORIENTED_EDGE ( 'NONE', *, *, #206, .F. ) ;
#4401 = ORIENTED_EDGE ( 'NONE', *, *, #3203, .T. ) ;
#4402 = ORIENTED_EDGE ( 'NONE', *, *, #4610, .T. ) ;
#4403 = CARTESIAN_POINT ( 'NONE',  ( 4.750000000000000900, -0.9370666808418981500, 0.3272883630608796600 ) ) ;
#4404 = EDGE_CURVE ( 'NONE', #129, #5020, #5492, .T. ) ;
#4405 = CARTESIAN_POINT ( 'NONE',  ( -4.250000000000024900, 3.099999999999986800, -2.399999999999913800 ) ) ;
#4406 = ORIENTED_EDGE ( 'NONE', *, *, #354, .F. ) ;
#4407 = LINE ( 'NONE', #672, #3644 ) ;
#4408 = VERTEX_POINT ( 'NONE', #2230 ) ;
#4409 = DIRECTION ( 'NONE',  ( -0.0000000000000000000, 1.000000000000000000, 2.478176394252581100E-016 ) ) ;
#4410 = DIRECTION ( 'NONE',  ( 0.0000000000000000000, 0.1736481776669313600, 0.9848077530122079100 ) ) ;
#4411 = CARTESIAN_POINT ( 'NONE',  ( -6.299999999999999800, 2.199999999999999700, 1.100000000000056500 ) ) ;
#4412 = EDGE_LOOP ( 'NONE', ( #2823, #3541, #1668, #5576 ) ) ;
#4413 = FACE_OUTER_BOUND ( 'NONE', #2406, .T. ) ;
#4414 = ORIENTED_EDGE ( 'NONE', *, *, #4065, .T. ) ;
#4415 = LINE ( 'NONE', #3775, #4632 ) ;
#4416 = DIRECTION ( 'NONE',  ( 0.0000000000000000000, 2.478176394252581100E-016, -1.000000000000000000 ) ) ;
#4417 = CARTESIAN_POINT ( 'NONE',  ( 1.749999999999998900, 3.099999999999999600, -2.399999999999944800 ) ) ;
#4418 = DIRECTION ( 'NONE',  ( 0.0000000000000000000, 0.0000000000000000000, 1.000000000000000000 ) ) ;
#4419 = ORIENTED_EDGE ( 'NONE', *, *, #5229, .F. ) ;
#4420 = EDGE_CURVE ( 'NONE', #2099, #4816, #5337, .T. ) ;
#4421 = VECTOR ( 'NONE', #1963, 1000.000000000000000 ) ;
#4422 = CARTESIAN_POINT ( 'NONE',  ( -4.750000000000000900, -6.505213034913026600E-016, -0.2500000000000001100 ) ) ;
#4423 = EDGE_LOOP ( 'NONE', ( #2640, #4151, #144, #270 ) ) ;
#4424 = EDGE_CURVE ( 'NONE', #4497, #5499, #3607, .T. ) ;
#4425 = VECTOR ( 'NONE', #142, 1000.000000000000000 ) ;
#4426 = DIRECTION ( 'NONE',  ( 1.000000000000000000, 0.0000000000000000000, 0.0000000000000000000 ) ) ;
#4427 = EDGE_CURVE ( 'NONE', #5634, #2134, #3227, .T. ) ;
#4428 = DIRECTION ( 'NONE',  ( -1.000000000000000000, -0.0000000000000000000, -0.0000000000000000000 ) ) ;
#4429 = ORIENTED_EDGE ( 'NONE', *, *, #3340, .T. ) ;
#4430 = DIRECTION ( 'NONE',  ( -1.000000000000000000, -0.0000000000000000000, -0.0000000000000000000 ) ) ;
#4431 = ORIENTED_EDGE ( 'NONE', *, *, #2986, .F. ) ;
#4432 = AXIS2_PLACEMENT_3D ( 'NONE', #522, #4889, #474 ) ;
#4433 = LINE ( 'NONE', #1003, #296 ) ;
#4434 = CARTESIAN_POINT ( 'NONE',  ( 1.749999999999998900, -4.607859233063394800E-016, 1.699999999999999700 ) ) ;
#4435 = DIRECTION ( 'NONE',  ( -8.673617379884035500E-016, 1.000000000000000000, 0.0000000000000000000 ) ) ;
#4436 = ORIENTED_EDGE ( 'NONE', *, *, #6148, .T. ) ;
#4437 = EDGE_LOOP ( 'NONE', ( #4796, #4125, #826, #2063 ) ) ;
#4438 = LINE ( 'NONE', #2395, #893 ) ;
#4439 = EDGE_CURVE ( 'NONE', #3554, #979, #236, .T. ) ;
#4440 = FACE_OUTER_BOUND ( 'NONE', #3792, .T. ) ;
#4441 = VECTOR ( 'NONE', #3158, 1000.000000000000000 ) ;
#4442 = DIRECTION ( 'NONE',  ( 1.000000000000000000, -1.284980352575412900E-015, 0.0000000000000000000 ) ) ;
#4443 = CARTESIAN_POINT ( 'NONE',  ( -5.299999999999999800, 4.000000000000000000, 1.100000000000056700 ) ) ;
#4444 = LINE ( 'NONE', #163, #3687 ) ;
#4445 = CARTESIAN_POINT ( 'NONE',  ( 4.749999999999999100, 1.749999999999998900, 0.2500000000000003300 ) ) ;
#4446 = EDGE_CURVE ( 'NONE', #1356, #6110, #1642, .T. ) ;
#4447 = PLANE ( 'NONE',  #2178 ) ;
#4448 = VERTEX_POINT ( 'NONE', #312 ) ;
#4449 = DIRECTION ( 'NONE',  ( 0.0000000000000000000, -0.0000000000000000000, 1.000000000000000000 ) ) ;
#4450 = CARTESIAN_POINT ( 'NONE',  ( 4.249999999999999100, -9.184850993605157100E-017, -2.799999999999999800 ) ) ;
#4451 = LINE ( 'NONE', #5042, #2157 ) ;
#4452 = LINE ( 'NONE', #4434, #2083 ) ;
#4453 = EDGE_LOOP ( 'NONE', ( #694, #892, #992, #2636 ) ) ;
#4454 = DIRECTION ( 'NONE',  ( -0.0000000000000000000, -0.0000000000000000000, 1.000000000000000000 ) ) ;
#4455 = DIRECTION ( 'NONE',  ( 1.000000000000000000, 0.0000000000000000000, 0.0000000000000000000 ) ) ;
#4456 =( NAMED_UNIT ( * ) SI_UNIT ( $, .STERADIAN. ) SOLID_ANGLE_UNIT ( ) );
#4457 = FACE_OUTER_BOUND ( 'NONE', #3876, .T. ) ;
#4458 = VECTOR ( 'NONE', #2339, 1000.000000000000000 ) ;
#4459 = ORIENTED_EDGE ( 'NONE', *, *, #2084, .F. ) ;
#4460 = VERTEX_POINT ( 'NONE', #4133 ) ;
#4461 = CARTESIAN_POINT ( 'NONE',  ( -3.800000000000000300, 6.000000000000000900, -2.399999999999942200 ) ) ;
#4462 = EDGE_CURVE ( 'NONE', #3157, #1728, #1342, .T. ) ;
#4463 = VECTOR ( 'NONE', #848, 1000.000000000000000 ) ;
#4464 = CARTESIAN_POINT ( 'NONE',  ( 0.0000000000000000000, 1.749999999999998900, -0.2499999999999996700 ) ) ;
#4465 = DIRECTION ( 'NONE',  ( -1.284980352575413100E-015, -1.000000000000000000, -0.0000000000000000000 ) ) ;
#4466 = EDGE_CURVE ( 'NONE', #4767, #1275, #836, .T. ) ;
#4467 = ORIENTED_EDGE ( 'NONE', *, *, #5259, .T. ) ;
#4468 = ORIENTED_EDGE ( 'NONE', *, *, #82, .T. ) ;
#4469 = PLANE ( 'NONE',  #3704 ) ;
#4470 = VERTEX_POINT ( 'NONE', #1258 ) ;
#4471 = VECTOR ( 'NONE', #4251, 1000.000000000000000 ) ;
#4472 = DIRECTION ( 'NONE',  ( 0.0000000000000000000, 0.9848077530122079100, -0.1736481776669313600 ) ) ;
#4473 = AXIS2_PLACEMENT_3D ( 'NONE', #1567, #4958, #576 ) ;
#4474 = ORIENTED_EDGE ( 'NONE', *, *, #4540, .F. ) ;
#4475 = EDGE_CURVE ( 'NONE', #3191, #880, #1931, .T. ) ;
#4476 = ORIENTED_EDGE ( 'NONE', *, *, #136, .F. ) ;
#4477 = VECTOR ( 'NONE', #2295, 1000.000000000000000 ) ;
#4478 = EDGE_LOOP ( 'NONE', ( #297, #2752, #4855, #4718 ) ) ;
#4479 = PLANE ( 'NONE',  #4473 ) ;
#4480 = ORIENTED_EDGE ( 'NONE', *, *, #4522, .T. ) ;
#4481 = CIRCLE ( 'NONE', #1629, 0.7500000000000004400 ) ;
#4482 = CARTESIAN_POINT ( 'NONE',  ( -1.750000000000000700, 0.1999999999999999300, -2.799999999999999800 ) ) ;
#4483 = STYLED_ITEM ( 'NONE', ( #4921 ), #2654 ) ;
#4484 = CARTESIAN_POINT ( 'NONE',  ( 0.7499999999999988900, -6.505213034913026600E-016, 0.2499999999999998900 ) ) ;
#4485 = ORIENTED_EDGE ( 'NONE', *, *, #4331, .T. ) ;
#4486 = DIRECTION ( 'NONE',  ( 0.0000000000000000000, 0.0000000000000000000, -1.000000000000000000 ) ) ;
#4487 = EDGE_CURVE ( 'NONE', #1150, #6027, #5859, .T. ) ;
#4488 = CARTESIAN_POINT ( 'NONE',  ( 6.950000000000000200, 1.399999999999999700, 0.0000000000000000000 ) ) ;
#4489 = VECTOR ( 'NONE', #452, 1000.000000000000000 ) ;
#4490 = DIRECTION ( 'NONE',  ( 0.0000000000000000000, 0.0000000000000000000, 1.000000000000000000 ) ) ;
#4491 = CARTESIAN_POINT ( 'NONE',  ( -4.750000000000000900, -0.9370666808418981500, -0.3272883630608796600 ) ) ;
#4492 = ORIENTED_EDGE ( 'NONE', *, *, #125, .T. ) ;
#4493 = CARTESIAN_POINT ( 'NONE',  ( 2.877389581993169600, 4.800000000000000700, -0.1226104180068295500 ) ) ;
#4494 = CARTESIAN_POINT ( 'NONE',  ( 3.249999999999999600, -6.505213034913026600E-016, 0.2499999999999998900 ) ) ;
#4495 = AXIS2_PLACEMENT_3D ( 'NONE', #3049, #4036, #1138 ) ;
#4496 = VERTEX_POINT ( 'NONE', #1235 ) ;
#4497 = VERTEX_POINT ( 'NONE', #4179 ) ;
#4498 = PLANE ( 'NONE',  #2650 ) ;
#4499 = PLANE ( 'NONE',  #1662 ) ;
#4500 = VECTOR ( 'NONE', #6198, 1000.000000000000000 ) ;
#4501 = AXIS2_PLACEMENT_3D ( 'NONE', #3631, #3096, #1265 ) ;
#4502 = EDGE_LOOP ( 'NONE', ( #3759, #38, #2530, #3655 ) ) ;
#4503 = CARTESIAN_POINT ( 'NONE',  ( 5.250000000000000900, -0.9370666808418981500, 0.3272883630608796600 ) ) ;
#4504 = LINE ( 'NONE', #1507, #2974 ) ;
#4505 = CARTESIAN_POINT ( 'NONE',  ( -4.750000000000000900, -9.629649721936179300E-032, 0.4999999999999997800 ) ) ;
#4506 = ORIENTED_EDGE ( 'NONE', *, *, #2373, .T. ) ;
#4507 = LINE ( 'NONE', #3493, #5025 ) ;
#4508 = VERTEX_POINT ( 'NONE', #1212 ) ;
#4509 = EDGE_CURVE ( 'NONE', #2671, #2470, #687, .T. ) ;
#4510 = VECTOR ( 'NONE', #306, 1000.000000000000100 ) ;
#4511 = CARTESIAN_POINT ( 'NONE',  ( -1.250000000000001100, 0.1999999999999999600, 0.2499999999999999400 ) ) ;
#4512 = EDGE_CURVE ( 'NONE', #5764, #4261, #2456, .T. ) ;
#4513 = PLANE ( 'NONE',  #4715 ) ;
#4514 = FACE_BOUND ( 'NONE', #2020, .T. ) ;
#4515 = ORIENTED_EDGE ( 'NONE', *, *, #1863, .T. ) ;
#4516 = VERTEX_POINT ( 'NONE', #289 ) ;
#4517 = LINE ( 'NONE', #2043, #4662 ) ;
#4518 = CARTESIAN_POINT ( 'NONE',  ( -6.950000000000000200, -2.023844055306274500E-016, -2.799999999999999400 ) ) ;
#4519 = VECTOR ( 'NONE', #69, 1000.000000000000000 ) ;
#4520 = DIRECTION ( 'NONE',  ( 0.0000000000000000000, 1.000000000000000000, 1.426581805901979400E-016 ) ) ;
#4521 = VERTEX_POINT ( 'NONE', #3645 ) ;
#4522 = EDGE_CURVE ( 'NONE', #2577, #1331, #387, .T. ) ;
#4523 = DIRECTION ( 'NONE',  ( 0.0000000000000000000, 0.0000000000000000000, -1.000000000000000000 ) ) ;
#4524 = VECTOR ( 'NONE', #4074, 1000.000000000000000 ) ;
#4525 = ORIENTED_EDGE ( 'NONE', *, *, #1990, .T. ) ;
#4526 = PRESENTATION_LAYER_ASSIGNMENT (  '', '', ( #4967 ) ) ;
#4527 = LINE ( 'NONE', #1766, #3930 ) ;
#4528 = CARTESIAN_POINT ( 'NONE',  ( 4.249999999999999100, -9.184850993605157100E-017, -2.799999999999999800 ) ) ;
#4529 = VECTOR ( 'NONE', #3483, 1000.000000000000000 ) ;
#4530 = DIRECTION ( 'NONE',  ( -0.0000000000000000000, 1.000000000000000000, 2.478176394252581100E-016 ) ) ;
#4531 = ORIENTED_EDGE ( 'NONE', *, *, #3986, .T. ) ;
#4532 = LINE ( 'NONE', #3127, #3235 ) ;
#4533 = VERTEX_POINT ( 'NONE', #2333 ) ;
#4534 = CARTESIAN_POINT ( 'NONE',  ( 2.749999999999999100, -6.505213034913026600E-016, -0.2500000000000001100 ) ) ;
#4535 = DIRECTION ( 'NONE',  ( -1.000000000000000000, -8.673617379884035500E-016, 0.0000000000000000000 ) ) ;
#4536 = DIRECTION ( 'NONE',  ( 0.0000000000000000000, 0.0000000000000000000, 1.000000000000000000 ) ) ;
#4537 = ORIENTED_EDGE ( 'NONE', *, *, #433, .T. ) ;
#4538 = VECTOR ( 'NONE', #2800, 1000.000000000000000 ) ;
#4539 = VERTEX_POINT ( 'NONE', #3315 ) ;
#4540 = EDGE_CURVE ( 'NONE', #3594, #4448, #4896, .T. ) ;
#4541 = EDGE_LOOP ( 'NONE', ( #2745, #2057, #1721, #4622 ) ) ;
#4542 = DIRECTION ( 'NONE',  ( 0.0000000000000000000, 0.0000000000000000000, 1.000000000000000000 ) ) ;
#4543 = ORIENTED_EDGE ( 'NONE', *, *, #1399, .T. ) ;
#4544 = VERTEX_POINT ( 'NONE', #2774 ) ;
#4545 = EDGE_CURVE ( 'NONE', #5563, #5001, #3295, .T. ) ;
#4546 = PRODUCT ( 'B4B-PH-K-body_B6B-PH-K', 'B4B-PH-K-body_B6B-PH-K', '', ( #1187 ) ) ;
#4547 = ORIENTED_EDGE ( 'NONE', *, *, #4345, .F. ) ;
#4548 = AXIS2_PLACEMENT_3D ( 'NONE', #6082, #6003, #5084 ) ;
#4549 = ORIENTED_EDGE ( 'NONE', *, *, #3340, .F. ) ;
#4550 = PLANE ( 'NONE',  #512 ) ;
#4551 = ORIENTED_EDGE ( 'NONE', *, *, #3512, .F. ) ;
#4552 = VERTEX_POINT ( 'NONE', #4635 ) ;
#4553 = ADVANCED_FACE ( 'NONE', ( #4584 ), #2273, .F. ) ;
#4554 = LINE ( 'NONE', #2482, #4702 ) ;
#4555 = CARTESIAN_POINT ( 'NONE',  ( 3.749999999999999100, -9.629649721936179300E-032, 1.699999999999999700 ) ) ;
#4556 = CARTESIAN_POINT ( 'NONE',  ( -5.299999999999999800, 4.000000000000000000, 1.700000000000000000 ) ) ;
#4557 = ORIENTED_EDGE ( 'NONE', *, *, #5050, .F. ) ;
#4558 = AXIS2_PLACEMENT_3D ( 'NONE', #5562, #6098, #2196 ) ;
#4559 = CARTESIAN_POINT ( 'NONE',  ( 5.749999999999999100, -9.629649721936179300E-032, -2.799999999999999800 ) ) ;
#4560 = EDGE_CURVE ( 'NONE', #3553, #5862, #2304, .T. ) ;
#4561 = VERTEX_POINT ( 'NONE', #451 ) ;
#4562 = VECTOR ( 'NONE', #2365, 1000.000000000000000 ) ;
#4563 = DIRECTION ( 'NONE',  ( 0.0000000000000000000, -1.000000000000000000, -1.141265444721583800E-016 ) ) ;
#4564 = ORIENTED_EDGE ( 'NONE', *, *, #3591, .T. ) ;
#4565 = CARTESIAN_POINT ( 'NONE',  ( -3.109769791640811100, 4.835279330992293000, -0.1097697916408099700 ) ) ;
#4566 = LINE ( 'NONE', #5377, #3748 ) ;
#4567 = ORIENTED_EDGE ( 'NONE', *, *, #5877, .F. ) ;
#4568 = DIRECTION ( 'NONE',  ( 1.000000000000000000, 0.0000000000000000000, -0.0000000000000000000 ) ) ;
#4569 = VERTEX_POINT ( 'NONE', #833 ) ;
#4570 = VERTEX_POINT ( 'NONE', #5694 ) ;
#4571 = EDGE_CURVE ( 'NONE', #3246, #5661, #4972, .T. ) ;
#4572 = VECTOR ( 'NONE', #6181, 1000.000000000000000 ) ;
#4573 = EDGE_LOOP ( 'NONE', ( #4245, #349, #708, #1623 ) ) ;
#4574 = CARTESIAN_POINT ( 'NONE',  ( -1.122610418006829300, -3.399999999999999900, -0.1226104180068291200 ) ) ;
#4575 = FACE_OUTER_BOUND ( 'NONE', #5431, .T. ) ;
#4576 = DIRECTION ( 'NONE',  ( 1.284980352575412900E-015, 1.000000000000000000, 0.0000000000000000000 ) ) ;
#4577 = DIRECTION ( 'NONE',  ( 0.0000000000000000000, 2.478176394252581100E-016, -1.000000000000000000 ) ) ;
#4578 = VECTOR ( 'NONE', #3992, 1000.000000000000000 ) ;
#4579 = FILL_AREA_STYLE ('',( #3708 ) ) ;
#4580 = EDGE_CURVE ( 'NONE', #2182, #4710, #3466, .T. ) ;
#4581 = VECTOR ( 'NONE', #4163, 1000.000000000000000 ) ;
#4582 = CARTESIAN_POINT ( 'NONE',  ( 2.249999999999999600, 0.1999999999999999300, -2.799999999999999800 ) ) ;
#4583 = DIRECTION ( 'NONE',  ( 0.0000000000000000000, -0.3420201433256668300, 0.9396926207859090900 ) ) ;
#4584 = FACE_OUTER_BOUND ( 'NONE', #929, .T. ) ;
#4585 = VERTEX_POINT ( 'NONE', #395 ) ;
#4586 = CARTESIAN_POINT ( 'NONE',  ( 6.950000000000000200, 0.2000000000000005900, 1.699999999999999700 ) ) ;
#4587 = PLANE ( 'NONE',  #363 ) ;
#4588 = VECTOR ( 'NONE', #5751, 1000.000000000000000 ) ;
#4589 = AXIS2_PLACEMENT_3D ( 'NONE', #3414, #1937, #545 ) ;
#4590 = VECTOR ( 'NONE', #5830, 1000.000000000000000 ) ;
#4591 = EDGE_CURVE ( 'NONE', #4633, #73, #1419, .T. ) ;
#4592 = ORIENTED_EDGE ( 'NONE', *, *, #5336, .T. ) ;
#4593 = CARTESIAN_POINT ( 'NONE',  ( -5.250000000000000900, 0.1999999999999999600, -0.2500000000000000600 ) ) ;
#4594 = LINE ( 'NONE', #617, #1055 ) ;
#4595 = PLANE ( 'NONE',  #4501 ) ;
#4596 = CARTESIAN_POINT ( 'NONE',  ( 4.750000000000000900, -0.9370666808418981500, 0.3272883630608796600 ) ) ;
#4597 = DIRECTION ( 'NONE',  ( -1.000000000000000000, 0.0000000000000000000, 0.0000000000000000000 ) ) ;
#4598 = VECTOR ( 'NONE', #6199, 999.9999999999998900 ) ;
#4599 = EDGE_LOOP ( 'NONE', ( #2719, #2201, #2973, #2391 ) ) ;
#4600 = AXIS2_PLACEMENT_3D ( 'NONE', #5740, #4892, #3817 ) ;
#4601 = VERTEX_POINT ( 'NONE', #3294 ) ;
#4602 =( NAMED_UNIT ( * ) SI_UNIT ( $, .STERADIAN. ) SOLID_ANGLE_UNIT ( ) );
#4603 = DIRECTION ( 'NONE',  ( 1.020425574104003900E-016, 1.000000000000000000, -0.0000000000000000000 ) ) ;
#4604 = VECTOR ( 'NONE', #4111, 1000.000000000000000 ) ;
#4605 = PLANE ( 'NONE',  #4380 ) ;
#4606 = CARTESIAN_POINT ( 'NONE',  ( 0.8773895819931707400, -3.399999999999999900, 0.1226104180068293400 ) ) ;
#4607 = ORIENTED_EDGE ( 'NONE', *, *, #641, .T. ) ;
#4608 = ORIENTED_EDGE ( 'NONE', *, *, #725, .T. ) ;
#4609 = ORIENTED_EDGE ( 'NONE', *, *, #4902, .T. ) ;
#4610 = EDGE_CURVE ( 'NONE', #1097, #1481, #2003, .T. ) ;
#4611 = CARTESIAN_POINT ( 'NONE',  ( -1.250000000000001100, -7.507106781186548600, 0.2500000000000003300 ) ) ;
#4612 = EDGE_LOOP ( 'NONE', ( #2032, #4013, #778, #5814 ) ) ;
#4613 = VERTEX_POINT ( 'NONE', #1299 ) ;
#4614 = ORIENTED_EDGE ( 'NONE', *, *, #852, .T. ) ;
#4615 = CYLINDRICAL_SURFACE ( 'NONE', #4589, 0.3999999999999999700 ) ;
#4616 = CARTESIAN_POINT ( 'NONE',  ( 2.000000000000000000, 4.800000000000000700, -0.1226104180068295500 ) ) ;
#4617 = ORIENTED_EDGE ( 'NONE', *, *, #2963, .F. ) ;
#4618 = PLANE ( 'NONE',  #5827 ) ;
#4619 = CARTESIAN_POINT ( 'NONE',  ( 3.249999999999999600, 0.1999999999999999800, 0.2499999999999999400 ) ) ;
#4620 = CARTESIAN_POINT ( 'NONE',  ( -1.750000000000000700, -9.184850993605157100E-017, -2.799999999999999800 ) ) ;
#4621 = EDGE_CURVE ( 'NONE', #5173, #2206, #2922, .T. ) ;
#4622 = ORIENTED_EDGE ( 'NONE', *, *, #1776, .F. ) ;
#4623 = CARTESIAN_POINT ( 'NONE',  ( 3.749999999999999100, -9.629649721936179300E-032, -2.799999999999999800 ) ) ;
#4624 = LINE ( 'NONE', #4097, #3500 ) ;
#4625 = APPLICATION_PROTOCOL_DEFINITION ( 'draft international standard', 'automotive_design', 1998, #3121 ) ;
#4626 = PLANE ( 'NONE',  #480 ) ;
#4627 = EDGE_LOOP ( 'NONE', ( #1836, #5372, #224, #4744 ) ) ;
#4628 = CARTESIAN_POINT ( 'NONE',  ( -2.250000000000001300, 0.2000000000000000100, -2.799999999999999400 ) ) ;
#4629 = ADVANCED_FACE ( 'NONE', ( #6083 ), #4677, .F. ) ;
#4630 = ORIENTED_EDGE ( 'NONE', *, *, #3628, .T. ) ;
#4631 = DIRECTION ( 'NONE',  ( -0.0000000000000000000, -0.0000000000000000000, 1.000000000000000000 ) ) ;
#4632 = VECTOR ( 'NONE', #853, 1000.000000000000000 ) ;
#4633 = VERTEX_POINT ( 'NONE', #2751 ) ;
#4634 = EDGE_CURVE ( 'NONE', #4460, #3246, #3540, .T. ) ;
#4635 = CARTESIAN_POINT ( 'NONE',  ( 2.749999999999999100, -3.049999999999997200, 0.2500000000000003300 ) ) ;
#4636 = DIRECTION ( 'NONE',  ( 0.0000000000000000000, -1.000000000000000000, 7.228014483236695800E-017 ) ) ;
#4637 = VERTEX_POINT ( 'NONE', #912 ) ;
#4638 = CARTESIAN_POINT ( 'NONE',  ( 1.122610418006828800, 4.800000000000000700, 0.0000000000000000000 ) ) ;
#4639 = LINE ( 'NONE', #1860, #282 ) ;
#4640 = VERTEX_POINT ( 'NONE', #1777 ) ;
#4641 = DIRECTION ( 'NONE',  ( 0.3236155771181811200, 0.8891264907159901500, -0.3236155771181833400 ) ) ;
#4642 = VERTEX_POINT ( 'NONE', #2252 ) ;
#4643 = MECHANICAL_DESIGN_GEOMETRIC_PRESENTATION_REPRESENTATION (  '', ( #4329 ), #4765 ) ;
#4644 = CARTESIAN_POINT ( 'NONE',  ( -4.250000000000002700, 1.749999999999999800, -2.399999999999944800 ) ) ;
#4645 = FACE_OUTER_BOUND ( 'NONE', #2888, .T. ) ;
#4646 = CARTESIAN_POINT ( 'NONE',  ( 6.950000000000000200, 5.999999999999999100, 2.312964634635742300E-015 ) ) ;
#4647 = FILL_AREA_STYLE ('',( #3261 ) ) ;
#4648 = CARTESIAN_POINT ( 'NONE',  ( 4.750000000000000900, -9.629649721936179300E-032, -0.4999999999999997800 ) ) ;
#4649 = ORIENTED_EDGE ( 'NONE', *, *, #4007, .F. ) ;
#4650 = ORIENTED_EDGE ( 'NONE', *, *, #5507, .F. ) ;
#4651 = LINE ( 'NONE', #5145, #1687 ) ;
#4652 = CARTESIAN_POINT ( 'NONE',  ( 6.899999999999995900, 2.580384757729338800, -2.100000000000022300 ) ) ;
#4653 = ORIENTED_EDGE ( 'NONE', *, *, #1484, .F. ) ;
#4654 = VECTOR ( 'NONE', #6053, 1000.000000000000000 ) ;
#4655 = EDGE_LOOP ( 'NONE', ( #447, #3428, #5204, #3406 ) ) ;
#4656 = VECTOR ( 'NONE', #2629, 1000.000000000000000 ) ;
#4657 = CARTESIAN_POINT ( 'NONE',  ( 0.2499999999999993600, 0.1999999999999999300, -2.799999999999999800 ) ) ;
#4658 = CARTESIAN_POINT ( 'NONE',  ( 6.950000000000000200, 5.999999999999999100, -3.589083053745118500E-015 ) ) ;
#4659 = LINE ( 'NONE', #4494, #1701 ) ;
#4660 = ORIENTED_EDGE ( 'NONE', *, *, #4439, .T. ) ;
#4661 = EDGE_CURVE ( 'NONE', #4927, #1499, #1123, .T. ) ;
#4662 = VECTOR ( 'NONE', #5461, 1000.000000000000000 ) ;
#4663 = EDGE_CURVE ( 'NONE', #2938, #1331, #5936, .T. ) ;
#4664 = LINE ( 'NONE', #1, #5788 ) ;
#4665 = DIRECTION ( 'NONE',  ( -0.0000000000000000000, -0.0000000000000000000, 1.000000000000000000 ) ) ;
#4666 = PLANE ( 'NONE',  #3952 ) ;
#4667 = PLANE ( 'NONE',  #891 ) ;
#4668 = EDGE_LOOP ( 'NONE', ( #5683, #3167, #5626, #4777 ) ) ;
#4669 = PRODUCT_DEFINITION_FORMATION_WITH_SPECIFIED_SOURCE ( 'ANY', '', #4546, .NOT_KNOWN. ) ;
#4670 = LINE ( 'NONE', #5537, #2613 ) ;
#4671 = ORIENTED_EDGE ( 'NONE', *, *, #2436, .T. ) ;
#4672 = DIRECTION ( 'NONE',  ( 0.0000000000000000000, -0.0000000000000000000, 1.000000000000000000 ) ) ;
#4673 = FACE_OUTER_BOUND ( 'NONE', #5872, .T. ) ;
#4674 = LINE ( 'NONE', #5795, #2696 ) ;
#4675 = ADVANCED_FACE ( 'NONE', ( #2536 ), #1320, .T. ) ;
#4676 = ORIENTED_EDGE ( 'NONE', *, *, #1508, .T. ) ;
#4677 = PLANE ( 'NONE',  #5243 ) ;
#4678 = DIRECTION ( 'NONE',  ( 1.000000000000000000, 0.0000000000000000000, -0.0000000000000000000 ) ) ;
#4679 = CARTESIAN_POINT ( 'NONE',  ( 3.749999999999997300, 1.749999999999999800, -2.099999999999944600 ) ) ;
#4680 = AXIS2_PLACEMENT_3D ( 'NONE', #3957, #2002, #5348 ) ;
#4681 = VECTOR ( 'NONE', #1377, 1000.000000000000000 ) ;
#4682 = EDGE_CURVE ( 'NONE', #5178, #518, #2227, .T. ) ;
#4683 = ORIENTED_EDGE ( 'NONE', *, *, #2070, .F. ) ;
#4684 = CARTESIAN_POINT ( 'NONE',  ( 5.250000000000000900, -1.110714858508829600, -0.6575193899513287500 ) ) ;
#4685 = DIRECTION ( 'NONE',  ( 0.0000000000000000000, -0.1736481776669313900, -0.9848077530122079100 ) ) ;
#4686 = VERTEX_POINT ( 'NONE', #3736 ) ;
#4687 = DIRECTION ( 'NONE',  ( 0.0000000000000000000, -1.129377263005733600E-016, 1.000000000000000000 ) ) ;
#4688 = ORIENTED_EDGE ( 'NONE', *, *, #1557, .T. ) ;
#4689 = FACE_OUTER_BOUND ( 'NONE', #84, .T. ) ;
#4690 = ORIENTED_EDGE ( 'NONE', *, *, #3117, .F. ) ;
#4691 = EDGE_LOOP ( 'NONE', ( #5326, #3918, #3727, #218 ) ) ;
#4692 = LINE ( 'NONE', #6018, #3413 ) ;
#4693 = DIRECTION ( 'NONE',  ( 0.0000000000000000000, 0.0000000000000000000, -1.000000000000000000 ) ) ;
#4694 = ADVANCED_FACE ( 'NONE', ( #4214 ), #3842, .F. ) ;
#4695 = DIRECTION ( 'NONE',  ( 1.000000000000000000, 0.0000000000000000000, 0.0000000000000000000 ) ) ;
#4696 = VERTEX_POINT ( 'NONE', #4700 ) ;
#4697 = VERTEX_POINT ( 'NONE', #2849 ) ;
#4698 = EDGE_CURVE ( 'NONE', #5944, #2601, #4664, .T. ) ;
#4699 = LINE ( 'NONE', #2660, #1224 ) ;
#4700 = CARTESIAN_POINT ( 'NONE',  ( 6.300000000000000700, 5.999999999999999100, -0.5499999999999999300 ) ) ;
#4701 = EDGE_LOOP ( 'NONE', ( #1304, #497, #5394, #1591 ) ) ;
#4702 = VECTOR ( 'NONE', #4907, 1000.000000000000000 ) ;
#4703 = DIRECTION ( 'NONE',  ( 1.000000000000000000, 0.0000000000000000000, 1.720955829342070600E-017 ) ) ;
#4704 = CARTESIAN_POINT ( 'NONE',  ( 1.749999999999998900, -9.629649721936179300E-032, -2.799999999999999800 ) ) ;
#4705 = CARTESIAN_POINT ( 'NONE',  ( -3.749999999999999100, 1.749999999999999800, -2.099999999999944600 ) ) ;
#4706 = CARTESIAN_POINT ( 'NONE',  ( 4.750000000000000900, 4.800000000000000700, 0.1226104180068291200 ) ) ;
#4707 = EDGE_CURVE ( 'NONE', #1767, #2322, #309, .T. ) ;
#4708 = ORIENTED_EDGE ( 'NONE', *, *, #1227, .T. ) ;
#4709 = ADVANCED_FACE ( 'NONE', ( #2994 ), #934, .T. ) ;
#4710 = VERTEX_POINT ( 'NONE', #4324 ) ;
#4711 = FACE_OUTER_BOUND ( 'NONE', #1012, .T. ) ;
#4712 = ORIENTED_EDGE ( 'NONE', *, *, #3418, .T. ) ;
#4713 = PLANE ( 'NONE',  #831 ) ;
#4714 = VECTOR ( 'NONE', #3785, 1000.000000000000000 ) ;
#4715 = AXIS2_PLACEMENT_3D ( 'NONE', #5420, #4992, #2075 ) ;
#4716 = EDGE_CURVE ( 'NONE', #856, #794, #1559, .T. ) ;
#4717 = DIRECTION ( 'NONE',  ( 1.000000000000000000, 0.0000000000000000000, 0.0000000000000000000 ) ) ;
#4718 = ORIENTED_EDGE ( 'NONE', *, *, #3141, .T. ) ;
#4719 = DIRECTION ( 'NONE',  ( -0.0000000000000000000, 1.000000000000000000, 0.0000000000000000000 ) ) ;
#4720 = CARTESIAN_POINT ( 'NONE',  ( -6.300000000000001600, 3.999999999999991600, 1.100000000000057200 ) ) ;
#4721 = LINE ( 'NONE', #382, #2285 ) ;
#4722 = ADVANCED_FACE ( 'NONE', ( #5639 ), #1146, .F. ) ;
#4723 = FACE_OUTER_BOUND ( 'NONE', #1905, .T. ) ;
#4724 = ORIENTED_EDGE ( 'NONE', *, *, #5438, .T. ) ;
#4725 = AXIS2_PLACEMENT_3D ( 'NONE', #2534, #3530, #5933 ) ;
#4726 = CARTESIAN_POINT ( 'NONE',  ( 3.249999999999999600, 4.449999999999999300, 0.2500000000000003300 ) ) ;
#4727 = LINE ( 'NONE', #1503, #528 ) ;
#4728 = ORIENTED_EDGE ( 'NONE', *, *, #1032, .T. ) ;
#4729 = ORIENTED_EDGE ( 'NONE', *, *, #235, .T. ) ;
#4730 = FACE_OUTER_BOUND ( 'NONE', #4215, .T. ) ;
#4731 = CARTESIAN_POINT ( 'NONE',  ( 2.749999999999999100, -7.507106781186548600, 0.2500000000000003300 ) ) ;
#4732 = DIRECTION ( 'NONE',  ( 0.3236155771181811200, 0.8891264907159901500, -0.3236155771181833400 ) ) ;
#4733 = ORIENTED_EDGE ( 'NONE', *, *, #1579, .F. ) ;
#4734 = EDGE_CURVE ( 'NONE', #4915, #4497, #4066, .T. ) ;
#4735 = VECTOR ( 'NONE', #1726, 1000.000000000000000 ) ;
#4736 = VECTOR ( 'NONE', #1677, 1000.000000000000000 ) ;
#4737 = ADVANCED_FACE ( 'NONE', ( #5330 ), #4980, .F. ) ;
#4738 = CARTESIAN_POINT ( 'NONE',  ( -2.750000000000000900, -6.505213034913026600E-016, -0.2500000000000001100 ) ) ;
#4739 = CARTESIAN_POINT ( 'NONE',  ( 6.950000000000000200, 0.0000000000000000000, 0.0000000000000000000 ) ) ;
#4740 = DIRECTION ( 'NONE',  ( 0.0000000000000000000, 1.426581805901979400E-016, -1.000000000000000000 ) ) ;
#4741 = AXIS2_PLACEMENT_3D ( 'NONE', #4484, #2067, #1641 ) ;
#4742 = VECTOR ( 'NONE', #2165, 1000.000000000000000 ) ;
#4743 = EDGE_CURVE ( 'NONE', #4322, #2224, #456, .T. ) ;
#4744 = ORIENTED_EDGE ( 'NONE', *, *, #4580, .F. ) ;
#4745 = LINE ( 'NONE', #1787, #6012 ) ;
#4746 = DIRECTION ( 'NONE',  ( -1.000000000000000000, 0.0000000000000000000, 0.0000000000000000000 ) ) ;
#4747 = CARTESIAN_POINT ( 'NONE',  ( -1.750000000000000700, -4.607859233063394800E-016, 1.699999999999999700 ) ) ;
#4748 = PLANE ( 'NONE',  #2832 ) ;
#4749 = LINE ( 'NONE', #1921, #4381 ) ;
#4750 = CARTESIAN_POINT ( 'NONE',  ( -6.300000000000000700, -3.566454514754936800E-017, 0.2499999999999991400 ) ) ;
#4751 = PRODUCT_DEFINITION_FORMATION_WITH_SPECIFIED_SOURCE ( 'ANY', '', #1581, .NOT_KNOWN. ) ;
#4752 = ORIENTED_EDGE ( 'NONE', *, *, #3979, .F. ) ;
#4753 = AXIS2_PLACEMENT_3D ( 'NONE', #4029, #186, #5903 ) ;
#4754 = FACE_OUTER_BOUND ( 'NONE', #2060, .T. ) ;
#4755 = VECTOR ( 'NONE', #4352, 999.9999999999998900 ) ;
#4756 = ADVANCED_FACE ( 'NONE', ( #2072 ), #2695, .F. ) ;
#4757 = PLANE ( 'NONE',  #1020 ) ;
#4758 = EDGE_CURVE ( 'NONE', #3959, #3067, #157, .T. ) ;
#4759 = DIRECTION ( 'NONE',  ( 0.0000000000000000000, -1.000000000000000000, -1.426581805901979400E-016 ) ) ;
#4760 = ORIENTED_EDGE ( 'NONE', *, *, #966, .F. ) ;
#4761 = ORIENTED_EDGE ( 'NONE', *, *, #3955, .T. ) ;
#4762 = VECTOR ( 'NONE', #4672, 1000.000000000000000 ) ;
#4763 = DIRECTION ( 'NONE',  ( 1.000000000000000000, 0.0000000000000000000, 0.0000000000000000000 ) ) ;
#4764 = ORIENTED_EDGE ( 'NONE', *, *, #2513, .T. ) ;
#4765 =( GEOMETRIC_REPRESENTATION_CONTEXT ( 3 ) GLOBAL_UNCERTAINTY_ASSIGNED_CONTEXT ( ( #1989 ) ) GLOBAL_UNIT_ASSIGNED_CONTEXT ( ( #5356, #1523, #1577 ) ) REPRESENTATION_CONTEXT ( 'NONE', 'WORKASPACE' ) );
#4766 = EDGE_CURVE ( 'NONE', #5906, #2830, #3375, .T. ) ;
#4767 = VERTEX_POINT ( 'NONE', #675 ) ;
#4768 = VECTOR ( 'NONE', #698, 1000.000000000000000 ) ;
#4769 = VERTEX_POINT ( 'NONE', #3509 ) ;
#4770 = CARTESIAN_POINT ( 'NONE',  ( -2.877389581993171000, -3.399999999999999900, 0.2500000000000003300 ) ) ;
#4771 = DIRECTION ( 'NONE',  ( -1.284980352575413100E-015, -1.000000000000000000, -0.0000000000000000000 ) ) ;
#4772 = CARTESIAN_POINT ( 'NONE',  ( 2.877389581993169600, 4.800000000000000700, 0.1226104180068297700 ) ) ;
#4773 = ADVANCED_FACE ( 'NONE', ( #2770 ), #782, .F. ) ;
#4774 = FACE_OUTER_BOUND ( 'NONE', #5808, .T. ) ;
#4775 = CARTESIAN_POINT ( 'NONE',  ( -3.250000000000001300, -3.049999999999997200, 0.2500000000000003300 ) ) ;
#4776 = EDGE_LOOP ( 'NONE', ( #4856, #1434, #1965, #4988 ) ) ;
#4777 = ORIENTED_EDGE ( 'NONE', *, *, #780, .F. ) ;
#4778 = CARTESIAN_POINT ( 'NONE',  ( 6.300000000000000700, 1.749999999999998900, 1.100000000000056500 ) ) ;
#4779 = LINE ( 'NONE', #4075, #1453 ) ;
#4780 = EDGE_CURVE ( 'NONE', #2074, #5178, #5931, .T. ) ;
#4781 = EDGE_LOOP ( 'NONE', ( #4021, #872, #1370, #2025 ) ) ;
#4782 = EDGE_CURVE ( 'NONE', #1393, #1331, #830, .T. ) ;
#4783 = CARTESIAN_POINT ( 'NONE',  ( 10.95000000000000100, -3.399999999999999900, 0.1226104180068293400 ) ) ;
#4784 = CARTESIAN_POINT ( 'NONE',  ( 5.299999999999999800, 4.000000000000000900, 1.499999999999999800 ) ) ;
#4785 = CARTESIAN_POINT ( 'NONE',  ( -0.7500000000000006700, -7.507106781186548600, -0.2500000000000001100 ) ) ;
#4786 = VECTOR ( 'NONE', #5091, 1000.000000000000000 ) ;
#4787 = ADVANCED_FACE ( 'NONE', ( #1119 ), #4144, .F. ) ;
#4788 = ORIENTED_EDGE ( 'NONE', *, *, #4682, .T. ) ;
#4789 = ORIENTED_EDGE ( 'NONE', *, *, #1896, .F. ) ;
#4790 = VECTOR ( 'NONE', #594, 1000.000000000000000 ) ;
#4791 = DIRECTION ( 'NONE',  ( 0.3236155771181831700, -0.8891264907159895900, 0.3236155771181831700 ) ) ;
#4792 = CARTESIAN_POINT ( 'NONE',  ( -5.750000000000000900, -9.184850993605157100E-017, 1.699999999999999700 ) ) ;
#4793 = DIRECTION ( 'NONE',  ( -0.0000000000000000000, 1.000000000000000000, 0.0000000000000000000 ) ) ;
#4794 = DIRECTION ( 'NONE',  ( 0.0000000000000000000, -2.478176394252581100E-016, 1.000000000000000000 ) ) ;
#4795 = EDGE_CURVE ( 'NONE', #3773, #207, #1491, .T. ) ;
#4796 = ORIENTED_EDGE ( 'NONE', *, *, #4540, .T. ) ;
#4797 = LINE ( 'NONE', #420, #2048 ) ;
#4798 = DIRECTION ( 'NONE',  ( 1.000000000000000000, -0.0000000000000000000, 0.0000000000000000000 ) ) ;
#4799 = CARTESIAN_POINT ( 'NONE',  ( 6.300000000000000700, 1.749999999999999800, -2.399999999999944000 ) ) ;
#4800 = ORIENTED_EDGE ( 'NONE', *, *, #966, .T. ) ;
#4801 = ORIENTED_EDGE ( 'NONE', *, *, #4220, .T. ) ;
#4802 = EDGE_CURVE ( 'NONE', #4059, #2861, #5111, .T. ) ;
#4803 = ADVANCED_FACE ( 'NONE', ( #3072 ), #569, .F. ) ;
#4804 = CARTESIAN_POINT ( 'NONE',  ( 6.300000000000000700, 5.999999999999999100, 1.100000000000058300 ) ) ;
#4805 = VECTOR ( 'NONE', #5006, 1000.000000000000000 ) ;
#4806 = DIRECTION ( 'NONE',  ( -1.000000000000000000, 0.0000000000000000000, 0.0000000000000000000 ) ) ;
#4807 = EDGE_LOOP ( 'NONE', ( #2160, #6084, #5810, #176 ) ) ;
#4808 = ORIENTED_EDGE ( 'NONE', *, *, #1733, .T. ) ;
#4809 = CARTESIAN_POINT ( 'NONE',  ( 4.750000000000000900, 2.710505431213761100E-017, -0.2499999999999996700 ) ) ;
#4810 = SHAPE_REPRESENTATION_RELATIONSHIP ( 'NONE' , 'NONE' ,  #1318, #1350 ) ;
#4811 = AXIS2_PLACEMENT_3D ( 'NONE', #2615, #5949, #1613 ) ;
#4812 = VECTOR ( 'NONE', #3558, 1000.000000000000000 ) ;
#4813 = DIRECTION ( 'NONE',  ( 0.0000000000000000000, 1.000000000000000000, 0.0000000000000000000 ) ) ;
#4814 = DIRECTION ( 'NONE',  ( 4.818676322157797400E-016, -1.000000000000000000, 0.0000000000000000000 ) ) ;
#4815 = ORIENTED_EDGE ( 'NONE', *, *, #1788, .F. ) ;
#4816 = VERTEX_POINT ( 'NONE', #2004 ) ;
#4817 = CARTESIAN_POINT ( 'NONE',  ( 4.750000000000000900, 4.800000000000000700, -0.1226104180068292900 ) ) ;
#4818 = ADVANCED_FACE ( 'NONE', ( #4141 ), #499, .F. ) ;
#4819 = VECTOR ( 'NONE', #1206, 1000.000000000000000 ) ;
#4820 = DIRECTION ( 'NONE',  ( 0.0000000000000000000, 0.0000000000000000000, 1.000000000000000000 ) ) ;
#4821 = DIRECTION ( 'NONE',  ( -5.714657166936236400E-015, -0.4999999999999669700, -0.8660254037844578000 ) ) ;
#4822 = EDGE_CURVE ( 'NONE', #2398, #4544, #232, .T. ) ;
#4823 = VECTOR ( 'NONE', #1817, 1000.000000000000000 ) ;
#4824 = DIRECTION ( 'NONE',  ( 0.0000000000000000000, 0.0000000000000000000, 1.000000000000000000 ) ) ;
#4825 = VERTEX_POINT ( 'NONE', #3929 ) ;
#4826 = PLANE ( 'NONE',  #4233 ) ;
#4827 = DIRECTION ( 'NONE',  ( 1.284980352575412900E-015, 1.000000000000000000, 0.0000000000000000000 ) ) ;
#4828 = FACE_OUTER_BOUND ( 'NONE', #3098, .T. ) ;
#4829 = EDGE_CURVE ( 'NONE', #2369, #5960, #3845, .T. ) ;
#4830 = ORIENTED_EDGE ( 'NONE', *, *, #5718, .T. ) ;
#4831 = CARTESIAN_POINT ( 'NONE',  ( 3.799999999999999400, 1.749999999999998900, 1.100000000000056500 ) ) ;
#4832 = DIRECTION ( 'NONE',  ( -1.000000000000000000, 0.0000000000000000000, -1.720955829342070600E-017 ) ) ;
#4833 = LINE ( 'NONE', #5615, #4604 ) ;
#4834 = ADVANCED_FACE ( 'NONE', ( #5182 ), #4328, .F. ) ;
#4835 = VERTEX_POINT ( 'NONE', #1916 ) ;
#4836 = EDGE_LOOP ( 'NONE', ( #256, #2047, #917, #884 ) ) ;
#4837 = ORIENTED_EDGE ( 'NONE', *, *, #606, .T. ) ;
#4838 = VECTOR ( 'NONE', #1962, 999.9999999999998900 ) ;
#4839 = DIRECTION ( 'NONE',  ( -5.421010862427523400E-017, 1.000000000000000000, 0.0000000000000000000 ) ) ;
#4840 = EDGE_CURVE ( 'NONE', #4552, #3907, #2839, .T. ) ;
#4841 = ORIENTED_EDGE ( 'NONE', *, *, #5370, .F. ) ;
#4842 = VERTEX_POINT ( 'NONE', #5743 ) ;
#4843 = ORIENTED_EDGE ( 'NONE', *, *, #843, .F. ) ;
#4844 = CARTESIAN_POINT ( 'NONE',  ( 6.950000000000000200, 0.0000000000000000000, -2.799999999999999400 ) ) ;
#4845 = VECTOR ( 'NONE', #1825, 1000.000000000000000 ) ;
#4846 = DIRECTION ( 'NONE',  ( -0.0000000000000000000, -0.0000000000000000000, 1.000000000000000000 ) ) ;
#4847 = CARTESIAN_POINT ( 'NONE',  ( -0.7500000000000006700, -6.505213034913026600E-016, -0.2500000000000001100 ) ) ;
#4848 = CARTESIAN_POINT ( 'NONE',  ( -4.750000000000000900, 0.1999999999999999800, 0.2499999999999999400 ) ) ;
#4849 = AXIS2_PLACEMENT_3D ( 'NONE', #2390, #5253, #3896 ) ;
#4850 = ORIENTED_EDGE ( 'NONE', *, *, #4065, .F. ) ;
#4851 = ADVANCED_FACE ( 'NONE', ( #4372 ), #5299, .F. ) ;
#4852 = VECTOR ( 'NONE', #397, 1000.000000000000000 ) ;
#4853 = CARTESIAN_POINT ( 'NONE',  ( -0.7500000000000006700, 0.1999999999999999800, 0.2499999999999998900 ) ) ;
#4854 = PLANE ( 'NONE',  #2319 ) ;
#4855 = ORIENTED_EDGE ( 'NONE', *, *, #2190, .T. ) ;
#4856 = ORIENTED_EDGE ( 'NONE', *, *, #2867, .T. ) ;
#4857 = LINE ( 'NONE', #1229, #1604 ) ;
#4858 = CARTESIAN_POINT ( 'NONE',  ( -5.299999999999999800, 4.000000000000000000, -2.399999999999942200 ) ) ;
#4859 = ORIENTED_EDGE ( 'NONE', *, *, #4864, .T. ) ;
#4860 = CARTESIAN_POINT ( 'NONE',  ( -0.2500000000000011100, 0.2000000000000000100, 1.699999999999999700 ) ) ;
#4861 = DIRECTION ( 'NONE',  ( -1.000000000000000000, -0.0000000000000000000, -0.0000000000000000000 ) ) ;
#4862 = VERTEX_POINT ( 'NONE', #4809 ) ;
#4863 = LINE ( 'NONE', #5575, #869 ) ;
#4864 = EDGE_CURVE ( 'NONE', #3801, #1420, #3995, .T. ) ;
#4865 = DIRECTION ( 'NONE',  ( -1.000000000000000000, -0.0000000000000000000, -0.0000000000000000000 ) ) ;
#4866 = DIRECTION ( 'NONE',  ( 0.0000000000000000000, -0.0000000000000000000, 1.000000000000000000 ) ) ;
#4867 = EDGE_CURVE ( 'NONE', #1840, #5661, #2609, .T. ) ;
#4868 = EDGE_LOOP ( 'NONE', ( #4977, #2117, #5511, #5230 ) ) ;
#4869 = DIRECTION ( 'NONE',  ( 0.0000000000000000000, 1.000000000000000000, 0.0000000000000000000 ) ) ;
#4870 = DIRECTION ( 'NONE',  ( -1.000000000000000000, -0.0000000000000000000, -0.0000000000000000000 ) ) ;
#4871 = VECTOR ( 'NONE', #1902, 1000.000000000000000 ) ;
#4872 = PRODUCT_RELATED_PRODUCT_CATEGORY ( 'part', '', ( #4546 ) ) ;
#4873 = VERTEX_POINT ( 'NONE', #4848 ) ;
#4874 = AXIS2_PLACEMENT_3D ( 'NONE', #5401, #2999, #4449 ) ;
#4875 = CARTESIAN_POINT ( 'NONE',  ( -1.250000000000001100, -6.505213034913026600E-016, 0.2499999999999998900 ) ) ;
#4876 = DIRECTION ( 'NONE',  ( 0.0000000000000000000, -0.1736481776669314700, 0.9848077530122079100 ) ) ;
#4877 = DIRECTION ( 'NONE',  ( 0.0000000000000000000, 0.0000000000000000000, -1.000000000000000000 ) ) ;
#4878 = LINE ( 'NONE', #3742, #812 ) ;
#4879 = LINE ( 'NONE', #4464, #78 ) ;
#4880 = ORIENTED_EDGE ( 'NONE', *, *, #4466, .F. ) ;
#4881 = ADVANCED_FACE ( 'NONE', ( #609 ), #4371, .F. ) ;
#4882 = DIRECTION ( 'NONE',  ( 0.0000000000000000000, -0.0000000000000000000, 1.000000000000000000 ) ) ;
#4883 = VECTOR ( 'NONE', #1044, 1000.000000000000000 ) ;
#4884 = ORIENTED_EDGE ( 'NONE', *, *, #5738, .F. ) ;
#4885 = AXIS2_PLACEMENT_3D ( 'NONE', #1862, #2858, #1348 ) ;
#4886 = VECTOR ( 'NONE', #159, 999.9999999999998900 ) ;
#4887 = EDGE_CURVE ( 'NONE', #4640, #2211, #5708, .T. ) ;
#4888 = CARTESIAN_POINT ( 'NONE',  ( -4.750000000000000900, -3.421291075649866900, 0.1207476902531908800 ) ) ;
#4889 = DIRECTION ( 'NONE',  ( 0.0000000000000000000, -2.478176394252581100E-016, 1.000000000000000000 ) ) ;
#4890 = FACE_OUTER_BOUND ( 'NONE', #4033, .T. ) ;
#4891 = VERTEX_POINT ( 'NONE', #2548 ) ;
#4892 = DIRECTION ( 'NONE',  ( -1.000000000000000000, 0.0000000000000000000, 0.0000000000000000000 ) ) ;
#4893 = LINE ( 'NONE', #3095, #1705 ) ;
#4894 = PLANE ( 'NONE',  #3848 ) ;
#4895 = CARTESIAN_POINT ( 'NONE',  ( 5.250000000000000900, 9.184850993605144700E-017, 0.2500000000000006700 ) ) ;
#4896 = LINE ( 'NONE', #769, #3851 ) ;
#4897 = ORIENTED_EDGE ( 'NONE', *, *, #3215, .T. ) ;
#4898 = COLOUR_RGB ( '',0.7921568627450980000, 0.8196078431372548800, 0.9333333333333333500 ) ;
#4899 = AXIS2_PLACEMENT_3D ( 'NONE', #4984, #2010, #697 ) ;
#4900 = VECTOR ( 'NONE', #592, 999.9999999999998900 ) ;
#4901 = CARTESIAN_POINT ( 'NONE',  ( 0.0000000000000000000, 4.800000000000000700, 0.0000000000000000000 ) ) ;
#4902 = EDGE_CURVE ( 'NONE', #2398, #6057, #534, .T. ) ;
#4903 = ORIENTED_EDGE ( 'NONE', *, *, #4487, .T. ) ;
#4904 = FACE_OUTER_BOUND ( 'NONE', #3919, .T. ) ;
#4905 = CARTESIAN_POINT ( 'NONE',  ( -1.250000000000001100, -7.507106781186548600, -0.2500000000000001100 ) ) ;
#4906 = LINE ( 'NONE', #32, #3008 ) ;
#4907 = DIRECTION ( 'NONE',  ( 0.0000000000000000000, 1.000000000000000000, 0.0000000000000000000 ) ) ;
#4908 = ORIENTED_EDGE ( 'NONE', *, *, #2545, .T. ) ;
#4909 = CARTESIAN_POINT ( 'NONE',  ( -4.750000000000000900, 4.449999999999997500, 0.4999999999999997800 ) ) ;
#4910 = AXIS2_PLACEMENT_3D ( 'NONE', #1267, #779, #3998 ) ;
#4911 = ORIENTED_EDGE ( 'NONE', *, *, #2963, .T. ) ;
#4912 = ORIENTED_EDGE ( 'NONE', *, *, #2027, .F. ) ;
#4913 = EDGE_CURVE ( 'NONE', #4873, #3258, #1785, .T. ) ;
#4914 = CIRCLE ( 'NONE', #5003, 0.7500000000000004400 ) ;
#4915 = VERTEX_POINT ( 'NONE', #4011 ) ;
#4916 = DIRECTION ( 'NONE',  ( -1.000000000000000000, -0.0000000000000000000, -0.0000000000000000000 ) ) ;
#4917 = DIRECTION ( 'NONE',  ( -1.000000000000000000, -5.421010862427523400E-017, -0.0000000000000000000 ) ) ;
#4918 = CARTESIAN_POINT ( 'NONE',  ( -3.749999999999999100, 1.749999999999999800, -2.099999999999944600 ) ) ;
#4919 = ORIENTED_EDGE ( 'NONE', *, *, #6125, .T. ) ;
#4920 = EDGE_LOOP ( 'NONE', ( #2095, #642, #3667, #1013 ) ) ;
#4921 = PRESENTATION_STYLE_ASSIGNMENT (( #5146 ) ) ;
#4922 = VERTEX_POINT ( 'NONE', #1134 ) ;
#4923 = AXIS2_PLACEMENT_3D ( 'NONE', #3872, #3300, #1391 ) ;
#4924 = DIRECTION ( 'NONE',  ( -1.000000000000000000, -5.421010862427523400E-017, 0.0000000000000000000 ) ) ;
#4925 = EDGE_CURVE ( 'NONE', #418, #2369, #3148, .T. ) ;
#4926 = CARTESIAN_POINT ( 'NONE',  ( 3.122610418006829500, -3.399999999999999900, -0.1226104180068291200 ) ) ;
#4927 = VERTEX_POINT ( 'NONE', #2483 ) ;
#4928 = CIRCLE ( 'NONE', #3244, 0.3999999999999998600 ) ;
#4929 = ORIENTED_EDGE ( 'NONE', *, *, #1907, .T. ) ;
#4930 = ORIENTED_EDGE ( 'NONE', *, *, #4743, .T. ) ;
#4931 = PLANE ( 'NONE',  #3003 ) ;
#4932 = VECTOR ( 'NONE', #3090, 1000.000000000000000 ) ;
#4933 = CARTESIAN_POINT ( 'NONE',  ( -4.750000000000000900, 9.184850993605144700E-017, -0.2500000000000006700 ) ) ;
#4934 = AXIS2_PLACEMENT_3D ( 'NONE', #5610, #6080, #3204 ) ;
#4935 = VERTEX_POINT ( 'NONE', #2961 ) ;
#4936 = VERTEX_POINT ( 'NONE', #5925 ) ;
#4937 = FACE_OUTER_BOUND ( 'NONE', #4963, .T. ) ;
#4938 = DIRECTION ( 'NONE',  ( 0.0000000000000000000, -1.000000000000000000, -2.478176394252581100E-016 ) ) ;
#4939 = DIRECTION ( 'NONE',  ( 0.0000000000000000000, -2.478176394252581100E-016, 1.000000000000000000 ) ) ;
#4940 = CARTESIAN_POINT ( 'NONE',  ( -4.250000000000000900, 3.099999999999999600, -2.399999999999944800 ) ) ;
#4941 = AXIS2_PLACEMENT_3D ( 'NONE', #4505, #2991, #4002 ) ;
#4942 = ORIENTED_EDGE ( 'NONE', *, *, #4780, .F. ) ;
#4943 = EDGE_CURVE ( 'NONE', #4460, #1840, #1337, .T. ) ;
#4944 = VERTEX_POINT ( 'NONE', #4450 ) ;
#4945 = LINE ( 'NONE', #920, #3046 ) ;
#4946 = DIRECTION ( 'NONE',  ( 1.020425574104003900E-016, -1.000000000000000000, 0.0000000000000000000 ) ) ;
#4947 = DIRECTION ( 'NONE',  ( -0.0000000000000000000, 1.000000000000000000, 2.409338161078896200E-016 ) ) ;
#4948 = ORIENTED_EDGE ( 'NONE', *, *, #2680, .T. ) ;
#4949 = VECTOR ( 'NONE', #3392, 1000.000000000000000 ) ;
#4950 = CARTESIAN_POINT ( 'NONE',  ( 2.890230208359190200, -3.435279330992292700, 0.1097697916408098100 ) ) ;
#4951 = EDGE_CURVE ( 'NONE', #3882, #3351, #2688, .T. ) ;
#4952 = CARTESIAN_POINT ( 'NONE',  ( -5.299999999999998900, 1.749999999999999300, 1.100000000000056300 ) ) ;
#4953 = ORIENTED_EDGE ( 'NONE', *, *, #3047, .T. ) ;
#4954 = CARTESIAN_POINT ( 'NONE',  ( -1.250000000000001100, 4.449999999999999300, -0.2500000000000001100 ) ) ;
#4955 = CARTESIAN_POINT ( 'NONE',  ( -4.750000000000000900, -0.9370666808418981500, -0.3272883630608796600 ) ) ;
#4956 = FACE_OUTER_BOUND ( 'NONE', #5550, .T. ) ;
#4957 = ORIENTED_EDGE ( 'NONE', *, *, #5065, .F. ) ;
#4958 = DIRECTION ( 'NONE',  ( 0.0000000000000000000, 1.000000000000000000, -5.981805089575197200E-016 ) ) ;
#4959 = LINE ( 'NONE', #6004, #4656 ) ;
#4960 = EDGE_CURVE ( 'NONE', #5960, #4642, #4444, .T. ) ;
#4961 = VECTOR ( 'NONE', #2053, 1000.000000000000000 ) ;
#4962 = CARTESIAN_POINT ( 'NONE',  ( -2.877389581993171000, -3.399999999999999900, -0.1226104180068291200 ) ) ;
#4963 = EDGE_LOOP ( 'NONE', ( #3502, #3810, #4346, #5782, #3177, #1001 ) ) ;
#4964 = CARTESIAN_POINT ( 'NONE',  ( -6.299999999999999800, 2.199999999999999700, -2.399999999999942200 ) ) ;
#4965 = CIRCLE ( 'NONE', #5787, 0.5000000000000000000 ) ;
#4966 = CARTESIAN_POINT ( 'NONE',  ( -5.135951552079194300, 4.763345535386262600, 0.1359515520791934100 ) ) ;
#4967 = STYLED_ITEM ( 'NONE', ( #2007 ), #3489 ) ;
#4968 = LINE ( 'NONE', #4909, #6074 ) ;
#4969 = CARTESIAN_POINT ( 'NONE',  ( 3.749999999999997300, 1.749999999999999300, -2.099999999999944600 ) ) ;
#4970 = VECTOR ( 'NONE', #1170, 1000.000000000000000 ) ;
#4971 = DIRECTION ( 'NONE',  ( 0.0000000000000000000, 0.0000000000000000000, -1.000000000000000000 ) ) ;
#4972 = LINE ( 'NONE', #4279, #4072 ) ;
#4973 = ORIENTED_EDGE ( 'NONE', *, *, #1399, .F. ) ;
#4974 = ORIENTED_EDGE ( 'NONE', *, *, #516, .F. ) ;
#4975 = DIRECTION ( 'NONE',  ( -0.0000000000000000000, 0.0000000000000000000, 1.000000000000000000 ) ) ;
#4976 = FACE_BOUND ( 'NONE', #6192, .T. ) ;
#4977 = ORIENTED_EDGE ( 'NONE', *, *, #2356, .F. ) ;
#4978 = CARTESIAN_POINT ( 'NONE',  ( -5.122610418006829000, -3.421291075649866900, 0.1207476902531909900 ) ) ;
#4979 = ORIENTED_EDGE ( 'NONE', *, *, #3331, .T. ) ;
#4980 = PLANE ( 'NONE',  #1803 ) ;
#4981 = DIRECTION ( 'NONE',  ( -1.000000000000000000, 0.0000000000000000000, 0.0000000000000000000 ) ) ;
#4982 = EDGE_CURVE ( 'NONE', #2502, #6022, #2375, .T. ) ;
#4983 = VECTOR ( 'NONE', #5088, 1000.000000000000000 ) ;
#4984 = CARTESIAN_POINT ( 'NONE',  ( -0.7500000000000006700, -6.505213034913026600E-016, 0.2499999999999998900 ) ) ;
#4985 = CARTESIAN_POINT ( 'NONE',  ( -2.250000000000002700, 1.749999999999999300, -2.099999999999944600 ) ) ;
#4986 = EDGE_CURVE ( 'NONE', #5651, #3551, #4968, .T. ) ;
#4987 = ORIENTED_EDGE ( 'NONE', *, *, #3234, .F. ) ;
#4988 = ORIENTED_EDGE ( 'NONE', *, *, #793, .T. ) ;
#4989 = ORIENTED_EDGE ( 'NONE', *, *, #4439, .F. ) ;
#4990 = CARTESIAN_POINT ( 'NONE',  ( -3.799999999999999800, 1.749999999999999800, 1.700000000000000000 ) ) ;
#4991 = FACE_OUTER_BOUND ( 'NONE', #652, .T. ) ;
#4992 = DIRECTION ( 'NONE',  ( 1.000000000000000000, -0.0000000000000000000, 0.0000000000000000000 ) ) ;
#4993 = AXIS2_PLACEMENT_3D ( 'NONE', #4491, #1585, #1606 ) ;
#4994 = DIRECTION ( 'NONE',  ( 0.0000000000000000000, 0.0000000000000000000, 1.000000000000000000 ) ) ;
#4995 = ORIENTED_EDGE ( 'NONE', *, *, #1057, .F. ) ;
#4996 = FACE_OUTER_BOUND ( 'NONE', #5430, .T. ) ;
#4997 = DIRECTION ( 'NONE',  ( -1.284980352575413100E-015, -1.000000000000000000, -0.0000000000000000000 ) ) ;
#4998 = DIRECTION ( 'NONE',  ( -1.000000000000000000, 0.0000000000000000000, 0.0000000000000000000 ) ) ;
#4999 = ORIENTED_EDGE ( 'NONE', *, *, #4661, .F. ) ;
#5000 = ORIENTED_EDGE ( 'NONE', *, *, #1549, .F. ) ;
#5001 = VERTEX_POINT ( 'NONE', #1609 ) ;
#5002 = LINE ( 'NONE', #2232, #3726 ) ;
#5003 = AXIS2_PLACEMENT_3D ( 'NONE', #551, #3441, #294 ) ;
#5004 = CARTESIAN_POINT ( 'NONE',  ( -5.250000000000000900, -3.011905242028990200, -0.1854250760696251300 ) ) ;
#5005 = ORIENTED_EDGE ( 'NONE', *, *, #1227, .F. ) ;
#5006 = DIRECTION ( 'NONE',  ( -1.000000000000000000, -0.0000000000000000000, -0.0000000000000000000 ) ) ;
#5007 = EDGE_CURVE ( 'NONE', #23, #4508, #3535, .T. ) ;
#5008 = CARTESIAN_POINT ( 'NONE',  ( -5.250000000000000900, 0.1999999999999999600, 0.2499999999999999400 ) ) ;
#5009 = LINE ( 'NONE', #4326, #2960 ) ;
#5010 = DIRECTION ( 'NONE',  ( 1.284980352575412900E-015, -1.000000000000000000, 0.0000000000000000000 ) ) ;
#5011 = ORIENTED_EDGE ( 'NONE', *, *, #6009, .F. ) ;
#5012 = CARTESIAN_POINT ( 'NONE',  ( 5.250000000000000900, -0.9370666808418981500, -0.6727116369391208400 ) ) ;
#5013 = EDGE_LOOP ( 'NONE', ( #2701, #1548, #146, #5688, #5124, #6085 ) ) ;
#5014 = VECTOR ( 'NONE', #5257, 1000.000000000000000 ) ;
#5015 = ORIENTED_EDGE ( 'NONE', *, *, #766, .F. ) ;
#5016 = DIRECTION ( 'NONE',  ( 0.0000000000000000000, -0.0000000000000000000, 1.000000000000000000 ) ) ;
#5017 = CARTESIAN_POINT ( 'NONE',  ( 1.749999999999998200, 2.580384757729260200, -2.099999999999944600 ) ) ;
#5018 = LINE ( 'NONE', #4252, #2125 ) ;
#5019 = EDGE_CURVE ( 'NONE', #2470, #5744, #751, .T. ) ;
#5020 = VERTEX_POINT ( 'NONE', #5422 ) ;
#5021 = DIRECTION ( 'NONE',  ( 0.0000000000000000000, 0.0000000000000000000, 1.000000000000000000 ) ) ;
#5022 = VECTOR ( 'NONE', #3900, 1000.000000000000000 ) ;
#5023 = DIRECTION ( 'NONE',  ( -0.9396926207859093200, 0.3420201433256664900, 0.0000000000000000000 ) ) ;
#5024 = DIRECTION ( 'NONE',  ( 1.000000000000000000, -0.0000000000000000000, 0.0000000000000000000 ) ) ;
#5025 = VECTOR ( 'NONE', #1100, 1000.000000000000000 ) ;
#5026 = ORIENTED_EDGE ( 'NONE', *, *, #5346, .T. ) ;
#5027 = AXIS2_PLACEMENT_3D ( 'NONE', #2381, #1455, #16 ) ;
#5028 = CARTESIAN_POINT ( 'NONE',  ( -1.250000000000001100, -6.505213034913026600E-016, 0.2499999999999998900 ) ) ;
#5029 = EDGE_CURVE ( 'NONE', #855, #2554, #4659, .T. ) ;
#5030 = LINE ( 'NONE', #1397, #4128 ) ;
#5031 = DIRECTION ( 'NONE',  ( -0.0000000000000000000, 1.000000000000000000, 0.0000000000000000000 ) ) ;
#5032 = VERTEX_POINT ( 'NONE', #1998 ) ;
#5033 = ORIENTED_EDGE ( 'NONE', *, *, #3492, .F. ) ;
#5034 = LINE ( 'NONE', #4990, #5397 ) ;
#5035 = CARTESIAN_POINT ( 'NONE',  ( 0.8773895819931707400, -3.399999999999999900, 0.0000000000000000000 ) ) ;
#5036 = CARTESIAN_POINT ( 'NONE',  ( -6.950000000000000200, 5.999999999999999100, 2.312964634635742300E-015 ) ) ;
#5037 = VECTOR ( 'NONE', #4971, 1000.000000000000000 ) ;
#5038 = DIRECTION ( 'NONE',  ( 1.000000000000000000, -0.0000000000000000000, 0.0000000000000000000 ) ) ;
#5039 = EDGE_CURVE ( 'NONE', #1030, #2502, #2987, .T. ) ;
#5040 = DIRECTION ( 'NONE',  ( -1.000000000000000000, 0.0000000000000000000, 0.0000000000000000000 ) ) ;
#5041 = VECTOR ( 'NONE', #3715, 1000.000000000000000 ) ;
#5042 = CARTESIAN_POINT ( 'NONE',  ( -0.2500000000000028300, 1.749999999999999800, -2.099999999999944600 ) ) ;
#5043 = ORIENTED_EDGE ( 'NONE', *, *, #1281, .T. ) ;
#5044 = VECTOR ( 'NONE', #4084, 1000.000000000000000 ) ;
#5045 = CARTESIAN_POINT ( 'NONE',  ( 4.749999999999999100, -6.505213034913026600E-016, -0.2500000000000001100 ) ) ;
#5046 = ORIENTED_EDGE ( 'NONE', *, *, #1181, .T. ) ;
#5047 = CARTESIAN_POINT ( 'NONE',  ( 0.0000000000000000000, 1.749999999999998900, -0.2499999999999996700 ) ) ;
#5048 = VECTOR ( 'NONE', #4832, 1000.000000000000000 ) ;
#5049 = ADVANCED_FACE ( 'NONE', ( #1111 ), #3479, .T. ) ;
#5050 = EDGE_CURVE ( 'NONE', #2174, #4936, #6069, .T. ) ;
#5051 = EDGE_LOOP ( 'NONE', ( #5167, #2949, #2189, #394 ) ) ;
#5052 = DIRECTION ( 'NONE',  ( 1.000000000000000000, -0.0000000000000000000, 0.0000000000000000000 ) ) ;
#5053 = DIRECTION ( 'NONE',  ( 0.0000000000000000000, -3.854941057726237600E-016, 1.000000000000000000 ) ) ;
#5054 = CARTESIAN_POINT ( 'NONE',  ( 0.0000000000000000000, 0.0000000000000000000, -2.099999999999944600 ) ) ;
#5055 = ORIENTED_EDGE ( 'NONE', *, *, #5148, .T. ) ;
#5056 = VERTEX_POINT ( 'NONE', #4933 ) ;
#5057 = VECTOR ( 'NONE', #2380, 1000.000000000000000 ) ;
#5058 = ORIENTED_EDGE ( 'NONE', *, *, #3605, .F. ) ;
#5059 = EDGE_CURVE ( 'NONE', #5070, #4460, #448, .T. ) ;
#5060 = DIRECTION ( 'NONE',  ( 0.0000000000000000000, 1.000000000000000000, 0.0000000000000000000 ) ) ;
#5061 = DIRECTION ( 'NONE',  ( 0.0000000000000000000, 0.0000000000000000000, -1.000000000000000000 ) ) ;
#5062 = VERTEX_POINT ( 'NONE', #5884 ) ;
#5063 = CARTESIAN_POINT ( 'NONE',  ( 5.122610418006829900, 4.800000000000000700, 0.1226104180068291200 ) ) ;
#5064 = ORIENTED_EDGE ( 'NONE', *, *, #2997, .F. ) ;
#5065 = EDGE_CURVE ( 'NONE', #674, #3870, #2522, .T. ) ;
#5066 = ORIENTED_EDGE ( 'NONE', *, *, #2493, .F. ) ;
#5067 = DIRECTION ( 'NONE',  ( -1.000000000000000000, -0.0000000000000000000, -0.0000000000000000000 ) ) ;
#5068 = VECTOR ( 'NONE', #4157, 1000.000000000000000 ) ;
#5069 = DIRECTION ( 'NONE',  ( 0.0000000000000000000, 0.0000000000000000000, -1.000000000000000000 ) ) ;
#5070 = VERTEX_POINT ( 'NONE', #6025 ) ;
#5071 = ORIENTED_EDGE ( 'NONE', *, *, #4068, .F. ) ;
#5072 = EDGE_CURVE ( 'NONE', #3351, #1328, #5702, .T. ) ;
#5073 = LINE ( 'NONE', #1594, #498 ) ;
#5074 = DIRECTION ( 'NONE',  ( 1.000000000000000000, 4.336808689942013800E-016, 1.720955829342087200E-017 ) ) ;
#5075 = ORIENTED_EDGE ( 'NONE', *, *, #6099, .T. ) ;
#5076 = FACE_OUTER_BOUND ( 'NONE', #5493, .T. ) ;
#5077 = AXIS2_PLACEMENT_3D ( 'NONE', #427, #1795, #3812 ) ;
#5078 = CONTEXT_DEPENDENT_SHAPE_REPRESENTATION ( #827, #2101 ) ;
#5079 = CARTESIAN_POINT ( 'NONE',  ( 0.2500000000000008300, 1.957596189432292600, -1.740432852445488800 ) ) ;
#5080 = EDGE_CURVE ( 'NONE', #1240, #4448, #825, .T. ) ;
#5081 = ORIENTED_EDGE ( 'NONE', *, *, #4185, .F. ) ;
#5082 = ORIENTED_EDGE ( 'NONE', *, *, #1445, .F. ) ;
#5083 = VECTOR ( 'NONE', #1054, 1000.000000000000100 ) ;
#5084 = DIRECTION ( 'NONE',  ( 1.000000000000000000, 0.0000000000000000000, 0.0000000000000000000 ) ) ;
#5085 = DIRECTION ( 'NONE',  ( 0.0000000000000000000, 1.000000000000000000, -4.713922489067410700E-017 ) ) ;
#5086 = ORIENTED_EDGE ( 'NONE', *, *, #1955, .T. ) ;
#5087 = CARTESIAN_POINT ( 'NONE',  ( -0.2500000000000011100, 0.2000000000000000100, -2.799999999999999800 ) ) ;
#5088 = DIRECTION ( 'NONE',  ( 0.0000000000000000000, 1.000000000000000000, 0.0000000000000000000 ) ) ;
#5089 = LINE ( 'NONE', #5793, #4949 ) ;
#5090 = ORIENTED_EDGE ( 'NONE', *, *, #3997, .F. ) ;
#5091 = DIRECTION ( 'NONE',  ( -1.000000000000000000, -0.0000000000000000000, -0.0000000000000000000 ) ) ;
#5092 = DIRECTION ( 'NONE',  ( -1.000000000000000000, -5.421010862427523400E-017, -1.343422115225471600E-032 ) ) ;
#5093 = EDGE_CURVE ( 'NONE', #2941, #5655, #3681, .T. ) ;
#5094 = EDGE_CURVE ( 'NONE', #5927, #2052, #3761, .T. ) ;
#5095 = FACE_OUTER_BOUND ( 'NONE', #5350, .T. ) ;
#5096 = ORIENTED_EDGE ( 'NONE', *, *, #1263, .T. ) ;
#5097 = LINE ( 'NONE', #1010, #2297 ) ;
#5098 = CARTESIAN_POINT ( 'NONE',  ( 6.950000000000000200, 5.999999999999999100, -0.5499999999999999300 ) ) ;
#5099 = CARTESIAN_POINT ( 'NONE',  ( -2.250000000000001300, -4.607859233063394800E-016, 1.699999999999999700 ) ) ;
#5100 = CARTESIAN_POINT ( 'NONE',  ( -4.750000000000000900, -1.110714858508829600, 0.6575193899513287500 ) ) ;
#5101 = CARTESIAN_POINT ( 'NONE',  ( 6.300000000000001600, 2.200000000000001500, 1.700000000000000000 ) ) ;
#5102 = CARTESIAN_POINT ( 'NONE',  ( 2.749999999999999100, -6.505213034913026600E-016, 0.2499999999999998900 ) ) ;
#5103 = FACE_OUTER_BOUND ( 'NONE', #221, .T. ) ;
#5104 = EDGE_LOOP ( 'NONE', ( #2572, #5516, #98, #3818 ) ) ;
#5105 = APPLICATION_CONTEXT ( 'automotive_design' ) ;
#5106 = CARTESIAN_POINT ( 'NONE',  ( 5.799999999999999800, 4.000000000000001800, 1.499999999999999800 ) ) ;
#5107 = EDGE_CURVE ( 'NONE', #4613, #431, #3142, .T. ) ;
#5108 = VECTOR ( 'NONE', #6093, 1000.000000000000000 ) ;
#5109 = DIRECTION ( 'NONE',  ( -1.000000000000000000, 0.0000000000000000000, 0.0000000000000000000 ) ) ;
#5110 = DIRECTION ( 'NONE',  ( -1.000000000000000000, 0.0000000000000000000, 0.0000000000000000000 ) ) ;
#5111 = LINE ( 'NONE', #1245, #754 ) ;
#5112 = ORIENTED_EDGE ( 'NONE', *, *, #3009, .F. ) ;
#5113 = DIRECTION ( 'NONE',  ( -0.0000000000000000000, 1.000000000000000000, 2.478176394252581100E-016 ) ) ;
#5114 = PLANE ( 'NONE',  #3579 ) ;
#5115 = AXIS2_PLACEMENT_3D ( 'NONE', #4955, #3539, #4994 ) ;
#5116 = VECTOR ( 'NONE', #4717, 1000.000000000000000 ) ;
#5117 = EDGE_CURVE ( 'NONE', #6110, #23, #4134, .T. ) ;
#5118 = VERTEX_POINT ( 'NONE', #762 ) ;
#5119 = VECTOR ( 'NONE', #639, 1000.000000000000000 ) ;
#5120 = PLANE ( 'NONE',  #360 ) ;
#5121 = CARTESIAN_POINT ( 'NONE',  ( 0.2499999999999993600, -9.184850993605157100E-017, -2.799999999999999800 ) ) ;
#5122 = LINE ( 'NONE', #4750, #6088 ) ;
#5123 = CARTESIAN_POINT ( 'NONE',  ( 4.250000000000000900, 1.749999999999999800, -2.099999999999944600 ) ) ;
#5124 = ORIENTED_EDGE ( 'NONE', *, *, #2170, .F. ) ;
#5125 = AXIS2_PLACEMENT_3D ( 'NONE', #1634, #5495, #711 ) ;
#5126 = ORIENTED_EDGE ( 'NONE', *, *, #4345, .T. ) ;
#5127 = CARTESIAN_POINT ( 'NONE',  ( 0.0000000000000000000, 0.0000000000000000000, 0.0000000000000000000 ) ) ;
#5128 = LINE ( 'NONE', #1231, #2021 ) ;
#5129 = CARTESIAN_POINT ( 'NONE',  ( -0.2500000000000011100, -9.629649721936179300E-032, -2.799999999999999800 ) ) ;
#5130 = ADVANCED_FACE ( 'NONE', ( #4890 ), #5533, .F. ) ;
#5131 = PLANE ( 'NONE',  #6071 ) ;
#5132 = ORIENTED_EDGE ( 'NONE', *, *, #4272, .T. ) ;
#5133 = EDGE_LOOP ( 'NONE', ( #3397, #1247, #1228, #787 ) ) ;
#5134 = VERTEX_POINT ( 'NONE', #744 ) ;
#5135 = LINE ( 'NONE', #3596, #331 ) ;
#5136 = ORIENTED_EDGE ( 'NONE', *, *, #457, .F. ) ;
#5137 = EDGE_CURVE ( 'NONE', #2257, #1810, #605, .T. ) ;
#5138 = CARTESIAN_POINT ( 'NONE',  ( -4.750000000000000900, -3.038299777613183900, -0.03573422627373677700 ) ) ;
#5139 = DIRECTION ( 'NONE',  ( 0.0000000000000000000, 0.0000000000000000000, 1.000000000000000000 ) ) ;
#5140 = ORIENTED_EDGE ( 'NONE', *, *, #1464, .F. ) ;
#5141 = VERTEX_POINT ( 'NONE', #3639 ) ;
#5142 = ORIENTED_EDGE ( 'NONE', *, *, #1144, .T. ) ;
#5143 = LINE ( 'NONE', #48, #47 ) ;
#5144 = ORIENTED_EDGE ( 'NONE', *, *, #6163, .F. ) ;
#5145 = CARTESIAN_POINT ( 'NONE',  ( -5.250000000000000900, -6.505213034913026600E-016, -0.2500000000000001100 ) ) ;
#5146 = SURFACE_STYLE_USAGE ( .BOTH. , #6076 ) ;
#5147 = CARTESIAN_POINT ( 'NONE',  ( 1.249999999999999300, 4.449999999999999300, -0.2500000000000001100 ) ) ;
#5148 = EDGE_CURVE ( 'NONE', #5764, #2601, #2299, .T. ) ;
#5149 = ORIENTED_EDGE ( 'NONE', *, *, #1153, .F. ) ;
#5150 = FACE_OUTER_BOUND ( 'NONE', #6159, .T. ) ;
#5151 = EDGE_LOOP ( 'NONE', ( #1363, #3011, #1442, #249 ) ) ;
#5152 = DIRECTION ( 'NONE',  ( 0.0000000000000000000, -0.0000000000000000000, 1.000000000000000000 ) ) ;
#5153 = DIRECTION ( 'NONE',  ( 1.000000000000000000, 0.0000000000000000000, 0.0000000000000000000 ) ) ;
#5154 = LINE ( 'NONE', #2035, #4183 ) ;
#5155 = ORIENTED_EDGE ( 'NONE', *, *, #3170, .F. ) ;
#5156 = EDGE_CURVE ( 'NONE', #1059, #1890, #2683, .T. ) ;
#5157 = DIRECTION ( 'NONE',  ( 0.0000000000000000000, -1.000000000000000000, 0.0000000000000000000 ) ) ;
#5158 = ORIENTED_EDGE ( 'NONE', *, *, #2824, .T. ) ;
#5159 = DIRECTION ( 'NONE',  ( 0.0000000000000000000, 0.0000000000000000000, -1.000000000000000000 ) ) ;
#5160 = VERTEX_POINT ( 'NONE', #1628 ) ;
#5161 = ADVANCED_FACE ( 'NONE', ( #151 ), #4605, .T. ) ;
#5162 = AXIS2_PLACEMENT_3D ( 'NONE', #4341, #5312, #3836 ) ;
#5163 = VECTOR ( 'NONE', #2691, 1000.000000000000000 ) ;
#5164 = DIRECTION ( 'NONE',  ( 0.0000000000000000000, 1.000000000000000000, 2.710505431213762100E-016 ) ) ;
#5165 = DIRECTION ( 'NONE',  ( 0.0000000000000000000, 0.0000000000000000000, -1.000000000000000000 ) ) ;
#5166 = DIRECTION ( 'NONE',  ( -1.000000000000000000, 0.0000000000000000000, 0.0000000000000000000 ) ) ;
#5167 = ORIENTED_EDGE ( 'NONE', *, *, #2913, .F. ) ;
#5168 = FACE_OUTER_BOUND ( 'NONE', #844, .T. ) ;
#5169 = ORIENTED_EDGE ( 'NONE', *, *, #285, .F. ) ;
#5170 = VECTOR ( 'NONE', #3511, 1000.000000000000000 ) ;
#5171 = CARTESIAN_POINT ( 'NONE',  ( -3.250000000000001300, -3.049999999999997200, 0.2500000000000003300 ) ) ;
#5172 = ORIENTED_EDGE ( 'NONE', *, *, #1907, .F. ) ;
#5173 = VERTEX_POINT ( 'NONE', #228 ) ;
#5174 = ADVANCED_FACE ( 'NONE', ( #4514, #2833 ), #4550, .F. ) ;
#5175 = CARTESIAN_POINT ( 'NONE',  ( -6.299999999999999800, 1.749999999999998900, 1.100000000000056300 ) ) ;
#5176 = LINE ( 'NONE', #5799, #3910 ) ;
#5177 = CARTESIAN_POINT ( 'NONE',  ( -1.250000000000001100, 4.449999999999999300, 0.2500000000000003300 ) ) ;
#5178 = VERTEX_POINT ( 'NONE', #5012 ) ;
#5179 = EDGE_CURVE ( 'NONE', #110, #794, #5255, .T. ) ;
#5180 = VECTOR ( 'NONE', #2305, 1000.000000000000000 ) ;
#5181 = EDGE_CURVE ( 'NONE', #6092, #4640, #968, .T. ) ;
#5182 = FACE_OUTER_BOUND ( 'NONE', #4627, .T. ) ;
#5183 = EDGE_LOOP ( 'NONE', ( #1775, #5709, #2759, #3105 ) ) ;
#5184 = CARTESIAN_POINT ( 'NONE',  ( -0.2500000000000028300, 1.749999999999999800, -2.399999999999944800 ) ) ;
#5185 = CARTESIAN_POINT ( 'NONE',  ( 4.749999999999999100, 1.749999999999998900, -1.514441129821030200E-016 ) ) ;
#5186 = VERTEX_POINT ( 'NONE', #706 ) ;
#5187 = PRODUCT_DEFINITION ( 'UNKNOWN', '', #4751, #2924 ) ;
#5188 = AXIS2_PLACEMENT_3D ( 'NONE', #208, #3112, #2187 ) ;
#5189 = VECTOR ( 'NONE', #1671, 1000.000000000000000 ) ;
#5190 = ORIENTED_EDGE ( 'NONE', *, *, #985, .T. ) ;
#5191 = ORIENTED_EDGE ( 'NONE', *, *, #3270, .F. ) ;
#5192 = PLANE ( 'NONE',  #4260 ) ;
#5193 = ADVANCED_FACE ( 'NONE', ( #5103 ), #3291, .T. ) ;
#5194 = DIRECTION ( 'NONE',  ( -0.0000000000000000000, -0.0000000000000000000, -1.000000000000000000 ) ) ;
#5195 = FACE_OUTER_BOUND ( 'NONE', #5051, .T. ) ;
#5196 = LINE ( 'NONE', #5365, #5713 ) ;
#5197 = ORIENTED_EDGE ( 'NONE', *, *, #2630, .F. ) ;
#5198 = PLANE ( 'NONE',  #4312 ) ;
#5199 = CARTESIAN_POINT ( 'NONE',  ( -2.877389581993171400, 4.800000000000000700, 0.0000000000000000000 ) ) ;
#5200 = VECTOR ( 'NONE', #5917, 1000.000000000000000 ) ;
#5201 = EDGE_CURVE ( 'NONE', #5118, #1660, #1553, .T. ) ;
#5202 = ORIENTED_EDGE ( 'NONE', *, *, #1303, .T. ) ;
#5203 = CARTESIAN_POINT ( 'NONE',  ( 4.750000000000000900, 4.449999999999997500, 0.2500000000000001700 ) ) ;
#5204 = ORIENTED_EDGE ( 'NONE', *, *, #44, .F. ) ;
#5205 = CARTESIAN_POINT ( 'NONE',  ( 0.2500000000000011100, 1.749999999999999800, -2.099999999999944600 ) ) ;
#5206 = VERTEX_POINT ( 'NONE', #1811 ) ;
#5207 = VECTOR ( 'NONE', #4165, 1000.000000000000000 ) ;
#5208 = ADVANCED_FACE ( 'NONE', ( #2368 ), #4713, .F. ) ;
#5209 = VERTEX_POINT ( 'NONE', #2268 ) ;
#5210 = EDGE_LOOP ( 'NONE', ( #210, #5826, #4476, #14 ) ) ;
#5211 = ORIENTED_EDGE ( 'NONE', *, *, #3746, .T. ) ;
#5212 = DIRECTION ( 'NONE',  ( 0.0000000000000000000, -2.478176394252581100E-016, 1.000000000000000000 ) ) ;
#5213 = ORIENTED_EDGE ( 'NONE', *, *, #1719, .F. ) ;
#5214 = EDGE_LOOP ( 'NONE', ( #5962, #1401, #4492, #4299 ) ) ;
#5215 = EDGE_CURVE ( 'NONE', #5753, #5744, #1920, .T. ) ;
#5216 = CYLINDRICAL_SURFACE ( 'NONE', #3041, 0.2500000000000000000 ) ;
#5217 = CARTESIAN_POINT ( 'NONE',  ( 4.000000000000000000, 4.800000000000000700, 0.0000000000000000000 ) ) ;
#5218 = CARTESIAN_POINT ( 'NONE',  ( -4.750000000000000900, 1.749999999999998900, -0.2499999999999996700 ) ) ;
#5219 = CARTESIAN_POINT ( 'NONE',  ( 5.249999999999999100, -6.505213034913026600E-016, -0.2500000000000001100 ) ) ;
#5220 = ORIENTED_EDGE ( 'NONE', *, *, #756, .F. ) ;
#5221 = ADVANCED_FACE ( 'NONE', ( #4440 ), #3728, .F. ) ;
#5222 = ADVANCED_FACE ( 'NONE', ( #2064 ), #1250, .F. ) ;
#5223 = LINE ( 'NONE', #568, #59 ) ;
#5224 = AXIS2_PLACEMENT_3D ( 'NONE', #4167, #3764, #823 ) ;
#5225 = CARTESIAN_POINT ( 'NONE',  ( 5.299999999999999800, 4.000000000000000900, 1.499999999999999800 ) ) ;
#5226 = CARTESIAN_POINT ( 'NONE',  ( 1.749999999999998900, 0.2000000000000000100, -2.799999999999999400 ) ) ;
#5227 = CARTESIAN_POINT ( 'NONE',  ( -3.250000000000001300, 0.1999999999999999600, 0.2499999999999999400 ) ) ;
#5228 = DIRECTION ( 'NONE',  ( -1.284980352575413100E-015, 1.000000000000000000, 0.0000000000000000000 ) ) ;
#5229 = EDGE_CURVE ( 'NONE', #6180, #5433, #2450, .T. ) ;
#5230 = ORIENTED_EDGE ( 'NONE', *, *, #4795, .F. ) ;
#5231 = FACE_OUTER_BOUND ( 'NONE', #275, .T. ) ;
#5232 = VERTEX_POINT ( 'NONE', #1794 ) ;
#5233 = CARTESIAN_POINT ( 'NONE',  ( -3.250000000000001300, 0.1999999999999999600, 0.2499999999999998900 ) ) ;
#5234 = VERTEX_POINT ( 'NONE', #4628 ) ;
#5235 = AXIS2_PLACEMENT_3D ( 'NONE', #976, #941, #4307 ) ;
#5236 = EDGE_CURVE ( 'NONE', #4034, #2413, #1851, .T. ) ;
#5237 = ADVANCED_FACE ( 'NONE', ( #5926 ), #6042, .F. ) ;
#5238 = CARTESIAN_POINT ( 'NONE',  ( 0.0000000000000000000, 1.749999999999998900, -0.2499999999999996700 ) ) ;
#5239 = ORIENTED_EDGE ( 'NONE', *, *, #3653, .F. ) ;
#5240 = EDGE_LOOP ( 'NONE', ( #5585, #6168, #1610, #1510, #4884, #5398, #3482, #4132, #4549, #4342, #1167, #2621 ) ) ;
#5241 = CIRCLE ( 'NONE', #3123, 0.7500000000000004400 ) ;
#5242 = EDGE_LOOP ( 'NONE', ( #4190, #1133, #2935, #2756 ) ) ;
#5243 = AXIS2_PLACEMENT_3D ( 'NONE', #4243, #5157, #2314 ) ;
#5244 = CARTESIAN_POINT ( 'NONE',  ( 0.7499999999999988900, 1.749999999999998900, 0.2500000000000003300 ) ) ;
#5245 = ORIENTED_EDGE ( 'NONE', *, *, #3179, .T. ) ;
#5246 = DIRECTION ( 'NONE',  ( -0.0000000000000000000, -2.478176394252581600E-016, 1.000000000000000000 ) ) ;
#5247 = CARTESIAN_POINT ( 'NONE',  ( 4.749999999999999100, -6.505213034913026600E-016, 0.2499999999999998900 ) ) ;
#5248 = LINE ( 'NONE', #2474, #1333 ) ;
#5249 = EDGE_LOOP ( 'NONE', ( #223, #2148, #2784, #2284 ) ) ;
#5250 = LINE ( 'NONE', #2419, #3987 ) ;
#5251 = ADVANCED_FACE ( 'NONE', ( #3602 ), #4174, .F. ) ;
#5252 = CARTESIAN_POINT ( 'NONE',  ( 5.249999999999999100, 0.1999999999999999800, -0.2500000000000000000 ) ) ;
#5253 = DIRECTION ( 'NONE',  ( 0.0000000000000000000, 1.000000000000000000, 0.0000000000000000000 ) ) ;
#5254 = EDGE_CURVE ( 'NONE', #3553, #4767, #6002, .T. ) ;
#5255 = LINE ( 'NONE', #1685, #896 ) ;
#5256 = SURFACE_STYLE_FILL_AREA ( #5523 ) ;
#5257 = DIRECTION ( 'NONE',  ( -1.000000000000000000, -0.0000000000000000000, -0.0000000000000000000 ) ) ;
#5258 = DIRECTION ( 'NONE',  ( 0.0000000000000000000, 0.0000000000000000000, -1.000000000000000000 ) ) ;
#5259 = EDGE_CURVE ( 'NONE', #6027, #110, #5552, .T. ) ;
#5260 = VECTOR ( 'NONE', #1271, 1000.000000000000000 ) ;
#5261 = EDGE_CURVE ( 'NONE', #4697, #107, #3993, .T. ) ;
#5262 = EDGE_LOOP ( 'NONE', ( #2451, #344, #364, #6122 ) ) ;
#5263 = SURFACE_STYLE_FILL_AREA ( #721 ) ;
#5264 = DIRECTION ( 'NONE',  ( 0.0000000000000000000, 1.000000000000000000, 0.0000000000000000000 ) ) ;
#5265 = CARTESIAN_POINT ( 'NONE',  ( 4.750000000000000900, -0.9370666808418981500, -0.6727116369391208400 ) ) ;
#5266 = DIRECTION ( 'NONE',  ( 0.0000000000000000000, 2.478176394252581100E-016, -1.000000000000000000 ) ) ;
#5267 = LINE ( 'NONE', #6196, #2158 ) ;
#5268 = ADVANCED_FACE ( 'NONE', ( #2981 ), #4236, .F. ) ;
#5269 = ORIENTED_EDGE ( 'NONE', *, *, #3880, .T. ) ;
#5270 = CARTESIAN_POINT ( 'NONE',  ( -0.7500000000000006700, 0.1999999999999999800, -0.2500000000000000000 ) ) ;
#5271 = LINE ( 'NONE', #4271, #1201 ) ;
#5272 = CARTESIAN_POINT ( 'NONE',  ( -5.750000000000000900, -9.184850993605157100E-017, -2.799999999999999800 ) ) ;
#5273 = EDGE_CURVE ( 'NONE', #2830, #1531, #3832, .T. ) ;
#5274 = CARTESIAN_POINT ( 'NONE',  ( 3.800000000000000300, 6.000000000000000900, -2.399999999999942200 ) ) ;
#5275 = VERTEX_POINT ( 'NONE', #829 ) ;
#5276 = EDGE_LOOP ( 'NONE', ( #3424, #3118, #5568, #1751 ) ) ;
#5277 = LINE ( 'NONE', #269, #554 ) ;
#5278 = DIRECTION ( 'NONE',  ( -1.000000000000000000, 0.0000000000000000000, -0.0000000000000000000 ) ) ;
#5279 = ORIENTED_EDGE ( 'NONE', *, *, #1099, .F. ) ;
#5280 = DIRECTION ( 'NONE',  ( 1.000000000000000000, 0.0000000000000000000, 0.0000000000000000000 ) ) ;
#5281 = AXIS2_PLACEMENT_3D ( 'NONE', #3678, #341, #3225 ) ;
#5282 = ADVANCED_FACE ( 'NONE', ( #2146 ), #3711, .F. ) ;
#5283 = VECTOR ( 'NONE', #2487, 1000.000000000000000 ) ;
#5284 = ORIENTED_EDGE ( 'NONE', *, *, #4366, .T. ) ;
#5285 = CARTESIAN_POINT ( 'NONE',  ( 3.749999999999997300, 1.749999999999999800, -2.399999999999944800 ) ) ;
#5286 = ORIENTED_EDGE ( 'NONE', *, *, #235, .F. ) ;
#5287 = DIRECTION ( 'NONE',  ( 1.000000000000000000, 5.421010862427523400E-017, 1.343422115225471600E-032 ) ) ;
#5288 = FACE_OUTER_BOUND ( 'NONE', #4868, .T. ) ;
#5289 = ORIENTED_EDGE ( 'NONE', *, *, #870, .F. ) ;
#5290 = LINE ( 'NONE', #4116, #6040 ) ;
#5291 = EDGE_CURVE ( 'NONE', #3932, #1810, #2139, .T. ) ;
#5292 = ORIENTED_EDGE ( 'NONE', *, *, #5819, .F. ) ;
#5293 = ADVANCED_FACE ( 'NONE', ( #5549 ), #5192, .T. ) ;
#5294 = PLANE ( 'NONE',  #164 ) ;
#5295 = EDGE_CURVE ( 'NONE', #5780, #2413, #3135, .T. ) ;
#5296 = DIRECTION ( 'NONE',  ( 0.0000000000000000000, 0.0000000000000000000, -1.000000000000000000 ) ) ;
#5297 = CARTESIAN_POINT ( 'NONE',  ( 2.749999999999999100, -7.507106781186548600, -0.2500000000000001100 ) ) ;
#5298 = VECTOR ( 'NONE', #5296, 1000.000000000000000 ) ;
#5299 = PLANE ( 'NONE',  #1968 ) ;
#5300 = ORIENTED_EDGE ( 'NONE', *, *, #3692, .T. ) ;
#5301 = AXIS2_PLACEMENT_3D ( 'NONE', #2345, #4275, #3853 ) ;
#5302 = ORIENTED_EDGE ( 'NONE', *, *, #2493, .T. ) ;
#5303 = VECTOR ( 'NONE', #4398, 1000.000000000000000 ) ;
#5304 = CARTESIAN_POINT ( 'NONE',  ( 4.750000000000000900, -3.011905242028990200, 0.1854250760696250800 ) ) ;
#5305 = PLANE ( 'NONE',  #5027 ) ;
#5306 = CARTESIAN_POINT ( 'NONE',  ( -2.877389581993171400, 4.800000000000000700, -0.1226104180068295500 ) ) ;
#5307 = EDGE_LOOP ( 'NONE', ( #3753, #356, #3226, #2638 ) ) ;
#5308 = LINE ( 'NONE', #4775, #4562 ) ;
#5309 = PLANE ( 'NONE',  #2013 ) ;
#5310 = ADVANCED_FACE ( 'NONE', ( #2676 ), #4757, .T. ) ;
#5311 = DIRECTION ( 'NONE',  ( -0.0000000000000000000, 1.000000000000000000, 2.478176394252581100E-016 ) ) ;
#5312 = DIRECTION ( 'NONE',  ( 0.0000000000000000000, -0.3420201433256668300, 0.9396926207859090900 ) ) ;
#5313 = EDGE_LOOP ( 'NONE', ( #4525, #5340, #6008, #3867 ) ) ;
#5314 = AXIS2_PLACEMENT_3D ( 'NONE', #1477, #4876, #5366 ) ;
#5315 = FACE_OUTER_BOUND ( 'NONE', #3884, .T. ) ;
#5316 = DIRECTION ( 'NONE',  ( 0.0000000000000000000, 0.0000000000000000000, -1.000000000000000000 ) ) ;
#5317 = EDGE_CURVE ( 'NONE', #1220, #5070, #147, .T. ) ;
#5318 = VERTEX_POINT ( 'NONE', #5272 ) ;
#5319 = DIRECTION ( 'NONE',  ( 0.0000000000000000000, 1.000000000000000000, -1.129377263005733600E-016 ) ) ;
#5320 = VECTOR ( 'NONE', #5916, 1000.000000000000100 ) ;
#5321 = VERTEX_POINT ( 'NONE', #3308 ) ;
#5322 = VECTOR ( 'NONE', #3287, 1000.000000000000000 ) ;
#5323 = CARTESIAN_POINT ( 'NONE',  ( 0.7499999999999988900, -3.049999999999997200, -0.2500000000000001100 ) ) ;
#5324 = DIRECTION ( 'NONE',  ( 0.0000000000000000000, 0.0000000000000000000, -1.000000000000000000 ) ) ;
#5325 = ORIENTED_EDGE ( 'NONE', *, *, #1852, .F. ) ;
#5326 = ORIENTED_EDGE ( 'NONE', *, *, #5093, .F. ) ;
#5327 = DIRECTION ( 'NONE',  ( 0.0000000000000000000, -0.0000000000000000000, 1.000000000000000000 ) ) ;
#5328 = VECTOR ( 'NONE', #4603, 1000.000000000000000 ) ;
#5329 = VERTEX_POINT ( 'NONE', #4318 ) ;
#5330 = FACE_OUTER_BOUND ( 'NONE', #4265, .T. ) ;
#5331 = CARTESIAN_POINT ( 'NONE',  ( 0.2500000000000011100, 1.749999999999999800, -2.399999999999944000 ) ) ;
#5332 = AXIS2_PLACEMENT_3D ( 'NONE', #1938, #589, #5445 ) ;
#5333 = VERTEX_POINT ( 'NONE', #410 ) ;
#5334 = DIRECTION ( 'NONE',  ( -1.000000000000000000, -0.0000000000000000000, -0.0000000000000000000 ) ) ;
#5335 = CARTESIAN_POINT ( 'NONE',  ( 4.750000000000000900, -0.1874133361683795700, -0.3345423273878239700 ) ) ;
#5336 = EDGE_CURVE ( 'NONE', #2713, #4767, #1033, .T. ) ;
#5337 = LINE ( 'NONE', #3689, #5041 ) ;
#5338 = CARTESIAN_POINT ( 'NONE',  ( 3.249999999999999600, 4.449999999999999300, -0.2500000000000001100 ) ) ;
#5339 = DIRECTION ( 'NONE',  ( 0.0000000000000000000, 0.4999999999999996100, -0.8660254037844389300 ) ) ;
#5340 = ORIENTED_EDGE ( 'NONE', *, *, #3815, .F. ) ;
#5341 = DIRECTION ( 'NONE',  ( -0.0000000000000000000, 0.9848077530122079100, 0.1736481776669314700 ) ) ;
#5342 = DIRECTION ( 'NONE',  ( -0.9396926207859090900, -0.3420201433256669400, -0.0000000000000000000 ) ) ;
#5343 = STYLED_ITEM ( 'NONE', ( #4343 ), #1234 ) ;
#5344 = LINE ( 'NONE', #3070, #4077 ) ;
#5345 = ADVANCED_FACE ( 'NONE', ( #5095 ), #4294, .T. ) ;
#5346 = EDGE_CURVE ( 'NONE', #2257, #5734, #5481, .T. ) ;
#5347 = VERTEX_POINT ( 'NONE', #5252 ) ;
#5348 = DIRECTION ( 'NONE',  ( 0.0000000000000000000, -0.0000000000000000000, 1.000000000000000000 ) ) ;
#5349 = LINE ( 'NONE', #883, #4762 ) ;
#5350 = EDGE_LOOP ( 'NONE', ( #4358, #561, #2156, #2222 ) ) ;
#5351 = EDGE_LOOP ( 'NONE', ( #1756, #3290, #3981, #5289 ) ) ;
#5352 = ORIENTED_EDGE ( 'NONE', *, *, #527, .T. ) ;
#5353 = VECTOR ( 'NONE', #3366, 1000.000000000000000 ) ;
#5354 = CARTESIAN_POINT ( 'NONE',  ( 6.950000000000000200, 0.0000000000000000000, -2.799999999999999400 ) ) ;
#5355 = EDGE_CURVE ( 'NONE', #4570, #2432, #2828, .T. ) ;
#5356 =( LENGTH_UNIT ( ) NAMED_UNIT ( * ) SI_UNIT ( .MILLI., .METRE. ) );
#5357 = ORIENTED_EDGE ( 'NONE', *, *, #436, .T. ) ;
#5358 = ORIENTED_EDGE ( 'NONE', *, *, #1009, .T. ) ;
#5359 = CARTESIAN_POINT ( 'NONE',  ( 10.95000000000000100, -3.399999999999999900, 0.0000000000000000000 ) ) ;
#5360 = LINE ( 'NONE', #2239, #4094 ) ;
#5361 = CARTESIAN_POINT ( 'NONE',  ( -1.250000000000001100, -7.507106781186548600, -0.2500000000000001100 ) ) ;
#5362 = AXIS2_PLACEMENT_3D ( 'NONE', #5217, #3774, #1382 ) ;
#5363 = ORIENTED_EDGE ( 'NONE', *, *, #2620, .T. ) ;
#5364 = VECTOR ( 'NONE', #3358, 1000.000000000000000 ) ;
#5365 = CARTESIAN_POINT ( 'NONE',  ( -5.299999999999998900, 2.199999999999999700, -2.399999999999942200 ) ) ;
#5366 = DIRECTION ( 'NONE',  ( 0.0000000000000000000, -0.9848077530122079100, -0.1736481776669314700 ) ) ;
#5367 = CARTESIAN_POINT ( 'NONE',  ( -0.8773895819931711900, 4.800000000000000700, -0.1226104180068295500 ) ) ;
#5368 = CARTESIAN_POINT ( 'NONE',  ( 6.950000000000000200, -3.399999999999999900, -0.1226104180068291200 ) ) ;
#5369 = VERTEX_POINT ( 'NONE', #1849 ) ;
#5370 = EDGE_CURVE ( 'NONE', #4710, #2554, #3984, .T. ) ;
#5371 = LINE ( 'NONE', #952, #1823 ) ;
#5372 = ORIENTED_EDGE ( 'NONE', *, *, #1445, .T. ) ;
#5373 = CARTESIAN_POINT ( 'NONE',  ( 5.250000000000000900, 4.800000000000000700, -0.2500000000000003300 ) ) ;
#5374 = CARTESIAN_POINT ( 'NONE',  ( 5.250000000000000900, -0.5622400085051390000, -0.003626982163471926000 ) ) ;
#5375 = VECTOR ( 'NONE', #1854, 1000.000000000000000 ) ;
#5376 = EDGE_CURVE ( 'NONE', #4936, #4277, #4281, .T. ) ;
#5377 = CARTESIAN_POINT ( 'NONE',  ( 2.890230208359188900, 4.835279330992293000, -0.1097697916408099700 ) ) ;
#5378 = DIRECTION ( 'NONE',  ( 0.0000000000000000000, -0.3420201433256669400, 0.9396926207859090900 ) ) ;
#5379 = EDGE_CURVE ( 'NONE', #3519, #3074, #373, .T. ) ;
#5380 = ORIENTED_EDGE ( 'NONE', *, *, #5701, .F. ) ;
#5381 = CARTESIAN_POINT ( 'NONE',  ( -3.749999999999999100, 1.749999999999999800, -2.099999999999944600 ) ) ;
#5382 = DIRECTION ( 'NONE',  ( 0.0000000000000000000, 0.0000000000000000000, 1.000000000000000000 ) ) ;
#5383 = VECTOR ( 'NONE', #6010, 1000.000000000000000 ) ;
#5384 = ORIENTED_EDGE ( 'NONE', *, *, #5424, .F. ) ;
#5385 = CARTESIAN_POINT ( 'NONE',  ( -1.749999999999998900, 1.749999999999999800, -2.099999999999944600 ) ) ;
#5386 = CARTESIAN_POINT ( 'NONE',  ( -4.750000000000000900, -3.098729330862456200, 0.3069788004364776800 ) ) ;
#5387 = CARTESIAN_POINT ( 'NONE',  ( 6.950000000000000200, -3.566454514754936800E-017, 0.2499999999999991400 ) ) ;
#5388 = LINE ( 'NONE', #5840, #881 ) ;
#5389 = EDGE_CURVE ( 'NONE', #1176, #3102, #1690, .T. ) ;
#5390 = ORIENTED_EDGE ( 'NONE', *, *, #2425, .T. ) ;
#5391 = DIRECTION ( 'NONE',  ( -0.0000000000000000000, -0.0000000000000000000, -1.000000000000000000 ) ) ;
#5392 = CARTESIAN_POINT ( 'NONE',  ( 5.250000000000000900, -3.098729330862455300, -0.3069788004364777900 ) ) ;
#5393 = LINE ( 'NONE', #4340, #5996 ) ;
#5394 = ORIENTED_EDGE ( 'NONE', *, *, #1863, .F. ) ;
#5395 = AXIS2_PLACEMENT_3D ( 'NONE', #4620, #1886, #4310 ) ;
#5396 = ORIENTED_EDGE ( 'NONE', *, *, #813, .T. ) ;
#5397 = VECTOR ( 'NONE', #1561, 1000.000000000000000 ) ;
#5398 = ORIENTED_EDGE ( 'NONE', *, *, #3802, .F. ) ;
#5399 = DIRECTION ( 'NONE',  ( 0.0000000000000000000, 0.0000000000000000000, -1.000000000000000000 ) ) ;
#5400 = EDGE_CURVE ( 'NONE', #1000, #1364, #5393, .T. ) ;
#5401 = CARTESIAN_POINT ( 'NONE',  ( -6.299999999999999800, 4.000000000000000000, -2.399999999999942200 ) ) ;
#5402 = CARTESIAN_POINT ( 'NONE',  ( -1.250000000000001100, 4.449999999999999300, -0.2500000000000001100 ) ) ;
#5403 = VECTOR ( 'NONE', #5986, 1000.000000000000000 ) ;
#5404 = VERTEX_POINT ( 'NONE', #426 ) ;
#5405 = DIRECTION ( 'NONE',  ( 0.0000000000000000000, -0.3420201433256664900, 0.9396926207859093200 ) ) ;
#5406 = FILL_AREA_STYLE_COLOUR ( '', #3120 ) ;
#5407 = VECTOR ( 'NONE', #2220, 1000.000000000000000 ) ;
#5408 = VECTOR ( 'NONE', #4563, 1000.000000000000000 ) ;
#5409 = LINE ( 'NONE', #323, #6151 ) ;
#5410 = DIRECTION ( 'NONE',  ( -1.000000000000000000, 0.0000000000000000000, 0.0000000000000000000 ) ) ;
#5411 = EDGE_CURVE ( 'NONE', #2099, #4561, #1992, .T. ) ;
#5412 = LINE ( 'NONE', #439, #2310 ) ;
#5413 = DIRECTION ( 'NONE',  ( 0.0000000000000000000, 1.000000000000000000, -4.713922489067410700E-017 ) ) ;
#5414 = EDGE_CURVE ( 'NONE', #5234, #5232, #5030, .T. ) ;
#5415 = EDGE_LOOP ( 'NONE', ( #4800, #316, #3638, #3425 ) ) ;
#5416 = VECTOR ( 'NONE', #2011, 1000.000000000000000 ) ;
#5417 = CARTESIAN_POINT ( 'NONE',  ( -6.299999999999999800, 2.199999999999999700, -2.399999999999942200 ) ) ;
#5418 = LINE ( 'NONE', #3393, #1354 ) ;
#5419 = CARTESIAN_POINT ( 'NONE',  ( 1.749999999999997100, 1.749999999999999800, -2.099999999999944600 ) ) ;
#5420 = CARTESIAN_POINT ( 'NONE',  ( 1.749999999999998900, -9.629649721936179300E-032, -2.799999999999999800 ) ) ;
#5421 = ORIENTED_EDGE ( 'NONE', *, *, #5625, .T. ) ;
#5422 = CARTESIAN_POINT ( 'NONE',  ( 1.122610418006829300, -3.399999999999999900, -0.1226104180068291200 ) ) ;
#5423 = ORIENTED_EDGE ( 'NONE', *, *, #2504, .F. ) ;
#5424 = EDGE_CURVE ( 'NONE', #1831, #5970, #1177, .T. ) ;
#5425 = LINE ( 'NONE', #3729, #4159 ) ;
#5426 = ORIENTED_EDGE ( 'NONE', *, *, #3653, .T. ) ;
#5427 = CARTESIAN_POINT ( 'NONE',  ( -4.750000000000000900, -0.9370666808418981500, -0.3272883630608796600 ) ) ;
#5428 = CARTESIAN_POINT ( 'NONE',  ( 6.299999999999999800, 4.000000000000001800, 1.700000000000000000 ) ) ;
#5429 = CARTESIAN_POINT ( 'NONE',  ( 0.0000000000000000000, 4.800000000000000700, 0.1226104180068297700 ) ) ;
#5430 = EDGE_LOOP ( 'NONE', ( #4093, #2560, #2028, #1007 ) ) ;
#5431 = EDGE_LOOP ( 'NONE', ( #2093, #3024, #2900, #2217 ) ) ;
#5432 = VECTOR ( 'NONE', #5704, 1000.000000000000000 ) ;
#5433 = VERTEX_POINT ( 'NONE', #1988 ) ;
#5434 = AXIS2_PLACEMENT_3D ( 'NONE', #648, #4012, #1589 ) ;
#5435 = DIRECTION ( 'NONE',  ( 0.0000000000000000000, 0.1736481776669313600, -0.9848077530122079100 ) ) ;
#5436 = CARTESIAN_POINT ( 'NONE',  ( 0.7499999999999988900, 4.449999999999999300, 0.2500000000000003300 ) ) ;
#5437 = CARTESIAN_POINT ( 'NONE',  ( 2.000000000000000000, 4.800000000000000700, 0.1226104180068297700 ) ) ;
#5438 = EDGE_CURVE ( 'NONE', #5834, #1713, #745, .T. ) ;
#5439 = DIRECTION ( 'NONE',  ( 0.0000000000000000000, -1.000000000000000000, 0.0000000000000000000 ) ) ;
#5440 = PRESENTATION_STYLE_ASSIGNMENT (( #3863 ) ) ;
#5441 = ORIENTED_EDGE ( 'NONE', *, *, #4427, .F. ) ;
#5442 = ORIENTED_EDGE ( 'NONE', *, *, #1597, .F. ) ;
#5443 = CARTESIAN_POINT ( 'NONE',  ( 1.749999999999998900, 0.2000000000000000100, -2.799999999999999800 ) ) ;
#5444 = VECTOR ( 'NONE', #2124, 1000.000000000000000 ) ;
#5445 = DIRECTION ( 'NONE',  ( 0.0000000000000000000, 0.0000000000000000000, 1.000000000000000000 ) ) ;
#5446 = AXIS2_PLACEMENT_3D ( 'NONE', #4783, #6055, #656 ) ;
#5447 = PRODUCT_DEFINITION_SHAPE ( 'NONE', 'NONE',  #5187 ) ;
#5448 = VERTEX_POINT ( 'NONE', #2885 ) ;
#5449 = VERTEX_POINT ( 'NONE', #1832 ) ;
#5450 = VECTOR ( 'NONE', #3951, 1000.000000000000000 ) ;
#5451 = CARTESIAN_POINT ( 'NONE',  ( 1.249999999999999300, -6.505213034913026600E-016, -0.2500000000000001100 ) ) ;
#5452 = CARTESIAN_POINT ( 'NONE',  ( -0.8773895819931707400, -3.399999999999999900, 0.0000000000000000000 ) ) ;
#5453 = ITEM_DEFINED_TRANSFORMATION ( 'NONE', 'NONE', #1310,  #995 ) ;
#5454 = CARTESIAN_POINT ( 'NONE',  ( 4.750000000000000900, -3.098729330862456200, -0.3069788004364776800 ) ) ;
#5455 = AXIS2_PLACEMENT_3D ( 'NONE', #4403, #3402, #100 ) ;
#5456 = EDGE_LOOP ( 'NONE', ( #3124, #3312, #3658, #2907, #4942, #1465, #5850, #1071, #469, #2788, #3324, #1178 ) ) ;
#5457 = EDGE_CURVE ( 'NONE', #861, #1745, #4209, .T. ) ;
#5458 = VERTEX_POINT ( 'NONE', #3943 ) ;
#5459 = LINE ( 'NONE', #4290, #6047 ) ;
#5460 = DIRECTION ( 'NONE',  ( -1.720955829342070600E-017, -3.854941057726238600E-016, 1.000000000000000000 ) ) ;
#5461 = DIRECTION ( 'NONE',  ( -1.000000000000000000, -0.0000000000000000000, -0.0000000000000000000 ) ) ;
#5462 = DIRECTION ( 'NONE',  ( 0.0000000000000000000, -0.3420201433256669400, -0.9396926207859090900 ) ) ;
#5463 = CARTESIAN_POINT ( 'NONE',  ( -3.250000000000001300, -3.049999999999997200, -0.2500000000000001100 ) ) ;
#5464 = ORIENTED_EDGE ( 'NONE', *, *, #156, .T. ) ;
#5465 = LINE ( 'NONE', #34, #1758 ) ;
#5466 = ORIENTED_EDGE ( 'NONE', *, *, #1872, .T. ) ;
#5467 = DIRECTION ( 'NONE',  ( 0.0000000000000000000, -1.000000000000000000, -1.426581805901979600E-016 ) ) ;
#5468 = EDGE_CURVE ( 'NONE', #3258, #2184, #1486, .T. ) ;
#5469 = DIRECTION ( 'NONE',  ( 0.0000000000000000000, -0.1736481776669313600, -0.9848077530122079100 ) ) ;
#5470 = ORIENTED_EDGE ( 'NONE', *, *, #4262, .F. ) ;
#5471 = DIRECTION ( 'NONE',  ( -1.000000000000000000, -0.0000000000000000000, -0.0000000000000000000 ) ) ;
#5472 = EDGE_LOOP ( 'NONE', ( #4339, #2012, #632, #3174 ) ) ;
#5473 = VECTOR ( 'NONE', #5510, 1000.000000000000100 ) ;
#5474 = ORIENTED_EDGE ( 'NONE', *, *, #180, .F. ) ;
#5475 = LINE ( 'NONE', #2069, #5320 ) ;
#5476 = DIRECTION ( 'NONE',  ( -0.0000000000000000000, -0.0000000000000000000, 1.000000000000000000 ) ) ;
#5477 = ORIENTED_EDGE ( 'NONE', *, *, #5659, .T. ) ;
#5478 = CARTESIAN_POINT ( 'NONE',  ( 6.950000000000000200, 0.0000000000000000000, 0.0000000000000000000 ) ) ;
#5479 = PLANE ( 'NONE',  #763 ) ;
#5480 = EDGE_CURVE ( 'NONE', #1420, #674, #1251, .T. ) ;
#5481 = LINE ( 'NONE', #491, #2600 ) ;
#5482 = ORIENTED_EDGE ( 'NONE', *, *, #606, .F. ) ;
#5483 = VERTEX_POINT ( 'NONE', #3895 ) ;
#5484 = FACE_OUTER_BOUND ( 'NONE', #2199, .T. ) ;
#5485 = PLANE ( 'NONE',  #4899 ) ;
#5486 = PRESENTATION_LAYER_ASSIGNMENT (  '', '', ( #4329 ) ) ;
#5487 = VECTOR ( 'NONE', #3865, 1000.000000000000000 ) ;
#5488 = DIRECTION ( 'NONE',  ( 1.000000000000000000, -0.0000000000000000000, 0.0000000000000000000 ) ) ;
#5489 = CARTESIAN_POINT ( 'NONE',  ( 0.7499999999999988900, 1.749999999999998900, -1.514441129821030200E-016 ) ) ;
#5490 = LINE ( 'NONE', #60, #3149 ) ;
#5491 = CARTESIAN_POINT ( 'NONE',  ( 0.2499999999999993600, 0.1999999999999999300, -2.799999999999999800 ) ) ;
#5492 = LINE ( 'NONE', #2708, #167 ) ;
#5493 = EDGE_LOOP ( 'NONE', ( #1511, #3559, #867, #2471 ) ) ;
#5494 = ORIENTED_EDGE ( 'NONE', *, *, #4032, .T. ) ;
#5495 = DIRECTION ( 'NONE',  ( 1.000000000000000000, -0.0000000000000000000, 0.0000000000000000000 ) ) ;
#5496 = CARTESIAN_POINT ( 'NONE',  ( -1.750000000000000700, 0.1999999999999999300, -2.799999999999999800 ) ) ;
#5497 = CARTESIAN_POINT ( 'NONE',  ( 2.749999999999999100, 0.1999999999999999600, 0.2499999999999999400 ) ) ;
#5498 = VECTOR ( 'NONE', #5527, 1000.000000000000000 ) ;
#5499 = VERTEX_POINT ( 'NONE', #559 ) ;
#5500 = FACE_OUTER_BOUND ( 'NONE', #2235, .T. ) ;
#5501 = ORIENTED_EDGE ( 'NONE', *, *, #3170, .T. ) ;
#5502 = EDGE_CURVE ( 'NONE', #3351, #5209, #4057, .T. ) ;
#5503 = LINE ( 'NONE', #6006, #1575 ) ;
#5504 = CARTESIAN_POINT ( 'NONE',  ( 2.250000000000000900, 1.957596189432286400, -1.740432852445498800 ) ) ;
#5505 = CARTESIAN_POINT ( 'NONE',  ( 6.950000000000000200, -4.607859233063394800E-016, 1.699999999999999700 ) ) ;
#5506 = CARTESIAN_POINT ( 'NONE',  ( 0.2499999999999993600, 0.1999999999999999300, -2.799999999999999800 ) ) ;
#5507 = EDGE_CURVE ( 'NONE', #255, #4710, #440, .T. ) ;
#5508 = ORIENTED_EDGE ( 'NONE', *, *, #3113, .T. ) ;
#5509 = ORIENTED_EDGE ( 'NONE', *, *, #2847, .F. ) ;
#5510 = DIRECTION ( 'NONE',  ( 0.3236155771181850000, -0.8891264907159889300, 0.3236155771181828400 ) ) ;
#5511 = ORIENTED_EDGE ( 'NONE', *, *, #1378, .F. ) ;
#5512 = DIRECTION ( 'NONE',  ( -5.714657166936236400E-015, -0.4999999999999669700, -0.8660254037844578000 ) ) ;
#5513 = VECTOR ( 'NONE', #960, 1000.000000000000000 ) ;
#5514 = CARTESIAN_POINT ( 'NONE',  ( 5.749999999999999100, -4.607859233063394800E-016, 1.699999999999999700 ) ) ;
#5515 = AXIS2_PLACEMENT_3D ( 'NONE', #5381, #1132, #2501 ) ;
#5516 = ORIENTED_EDGE ( 'NONE', *, *, #894, .F. ) ;
#5517 = ORIENTED_EDGE ( 'NONE', *, *, #4189, .F. ) ;
#5518 = VECTOR ( 'NONE', #720, 1000.000000000000000 ) ;
#5519 = DIRECTION ( 'NONE',  ( -0.9396926207859084300, -0.3420201433256689300, 0.0000000000000000000 ) ) ;
#5520 = CARTESIAN_POINT ( 'NONE',  ( 6.950000000000000200, 6.000000000000000000, 1.699999999999999700 ) ) ;
#5521 = DIRECTION ( 'NONE',  ( -0.0000000000000000000, 1.000000000000000000, 1.129377263005733600E-016 ) ) ;
#5522 = ORIENTED_EDGE ( 'NONE', *, *, #644, .T. ) ;
#5523 = FILL_AREA_STYLE ('',( #2109 ) ) ;
#5524 = ORIENTED_EDGE ( 'NONE', *, *, #1088, .F. ) ;
#5525 = DIRECTION ( 'NONE',  ( 0.0000000000000000000, -1.000000000000000000, -2.710505431213762100E-016 ) ) ;
#5526 = EDGE_CURVE ( 'NONE', #6031, #5780, #4433, .T. ) ;
#5527 = DIRECTION ( 'NONE',  ( -0.0000000000000000000, 1.000000000000000000, 2.478176394252581100E-016 ) ) ;
#5528 = ORIENTED_EDGE ( 'NONE', *, *, #5039, .F. ) ;
#5529 = VECTOR ( 'NONE', #4846, 1000.000000000000000 ) ;
#5530 = CARTESIAN_POINT ( 'NONE',  ( 0.0000000000000000000, 0.0000000000000000000, 0.0000000000000000000 ) ) ;
#5531 = DIRECTION ( 'NONE',  ( 0.0000000000000000000, 2.478176394252581100E-016, -1.000000000000000000 ) ) ;
#5532 = ORIENTED_EDGE ( 'NONE', *, *, #5595, .F. ) ;
#5533 = PLANE ( 'NONE',  #5657 ) ;
#5534 = DIRECTION ( 'NONE',  ( -1.000000000000000000, -0.0000000000000000000, -0.0000000000000000000 ) ) ;
#5535 = CIRCLE ( 'NONE', #3790, 0.2500000000000000000 ) ;
#5536 = ORIENTED_EDGE ( 'NONE', *, *, #5984, .T. ) ;
#5537 = CARTESIAN_POINT ( 'NONE',  ( 6.950000000000000200, 1.399999999999999700, 1.249999999999999800 ) ) ;
#5538 = CARTESIAN_POINT ( 'NONE',  ( -3.122610418006829500, -3.399999999999999900, 0.1226104180068293400 ) ) ;
#5539 = DIRECTION ( 'NONE',  ( 1.000000000000000000, 0.0000000000000000000, 0.0000000000000000000 ) ) ;
#5540 = LINE ( 'NONE', #5428, #2503 ) ;
#5541 = EDGE_CURVE ( 'NONE', #4470, #1974, #4727, .T. ) ;
#5542 = ORIENTED_EDGE ( 'NONE', *, *, #2750, .T. ) ;
#5543 = CARTESIAN_POINT ( 'NONE',  ( 6.950000000000000200, 0.7999999999999997100, 1.700000000000000000 ) ) ;
#5544 = VECTOR ( 'NONE', #2517, 1000.000000000000000 ) ;
#5545 = CARTESIAN_POINT ( 'NONE',  ( -4.250000000000000900, 0.2000000000000000100, 1.699999999999999700 ) ) ;
#5546 = ORIENTED_EDGE ( 'NONE', *, *, #495, .F. ) ;
#5547 = EDGE_CURVE ( 'NONE', #579, #4198, #888, .T. ) ;
#5548 = DIRECTION ( 'NONE',  ( -1.000000000000000000, -6.424901762877045700E-016, 6.969659583545340300E-015 ) ) ;
#5549 = FACE_OUTER_BOUND ( 'NONE', #1820, .T. ) ;
#5550 = EDGE_LOOP ( 'NONE', ( #3061, #2510, #2306, #1654 ) ) ;
#5551 = FACE_OUTER_BOUND ( 'NONE', #4308, .T. ) ;
#5552 = LINE ( 'NONE', #2746, #3460 ) ;
#5553 = CARTESIAN_POINT ( 'NONE',  ( -6.300000000000000700, 4.099999999999999600, -0.1500000000000002400 ) ) ;
#5554 = ORIENTED_EDGE ( 'NONE', *, *, #4344, .F. ) ;
#5555 = VECTOR ( 'NONE', #1574, 1000.000000000000000 ) ;
#5556 = EDGE_CURVE ( 'NONE', #1759, #2289, #3065, .T. ) ;
#5557 = DIRECTION ( 'NONE',  ( -1.284980352575413100E-015, -1.000000000000000000, -0.0000000000000000000 ) ) ;
#5558 = VECTOR ( 'NONE', #3971, 1000.000000000000000 ) ;
#5559 = PLANE ( 'NONE',  #52 ) ;
#5560 = CARTESIAN_POINT ( 'NONE',  ( -3.250000000000001300, -7.507106781186548600, 0.2500000000000003300 ) ) ;
#5561 = DIRECTION ( 'NONE',  ( 1.000000000000000000, 0.0000000000000000000, 0.0000000000000000000 ) ) ;
#5562 = CARTESIAN_POINT ( 'NONE',  ( 6.950000000000000200, 4.099999999999999600, -0.1500000000000002400 ) ) ;
#5563 = VERTEX_POINT ( 'NONE', #62 ) ;
#5564 = CARTESIAN_POINT ( 'NONE',  ( -4.877389581993172700, -3.443412044416733300, 0.2462019382530505900 ) ) ;
#5565 = AXIS2_PLACEMENT_3D ( 'NONE', #3915, #961, #4418 ) ;
#5566 = VECTOR ( 'NONE', #1679, 1000.000000000000000 ) ;
#5567 = LINE ( 'NONE', #2403, #5649 ) ;
#5568 = ORIENTED_EDGE ( 'NONE', *, *, #3354, .T. ) ;
#5569 = CARTESIAN_POINT ( 'NONE',  ( 4.249999999999999100, -9.184850993605157100E-017, 1.699999999999999700 ) ) ;
#5570 = SURFACE_STYLE_FILL_AREA ( #139 ) ;
#5571 = AXIS2_PLACEMENT_3D ( 'NONE', #5956, #615, #4946 ) ;
#5572 = EDGE_CURVE ( 'NONE', #2585, #5206, #5176, .T. ) ;
#5573 = VERTEX_POINT ( 'NONE', #2952 ) ;
#5574 = CARTESIAN_POINT ( 'NONE',  ( 1.749999999999997100, 1.749999999999999800, -2.399999999999944800 ) ) ;
#5575 = CARTESIAN_POINT ( 'NONE',  ( 2.749999999999999100, 0.1999999999999999600, -0.2500000000000000600 ) ) ;
#5576 = ORIENTED_EDGE ( 'NONE', *, *, #4795, .T. ) ;
#5577 = FACE_OUTER_BOUND ( 'NONE', #1352, .T. ) ;
#5578 = EDGE_LOOP ( 'NONE', ( #4321, #5509, #3740, #36 ) ) ;
#5579 = CARTESIAN_POINT ( 'NONE',  ( 5.749999999999999100, -9.629649721936179300E-032, -2.799999999999999800 ) ) ;
#5580 = EDGE_CURVE ( 'NONE', #649, #4561, #5248, .T. ) ;
#5581 = DIRECTION ( 'NONE',  ( 1.112825628694216700E-015, 0.8660254037844578000, -0.4999999999999669700 ) ) ;
#5582 = ORIENTED_EDGE ( 'NONE', *, *, #5580, .F. ) ;
#5583 = CARTESIAN_POINT ( 'NONE',  ( -5.122610418006829900, 4.800000000000000700, -0.1226104180068291200 ) ) ;
#5584 = CARTESIAN_POINT ( 'NONE',  ( 6.950000000000000200, 1.399999999999999700, 0.0000000000000000000 ) ) ;
#5585 = ORIENTED_EDGE ( 'NONE', *, *, #1656, .F. ) ;
#5586 = EDGE_CURVE ( 'NONE', #4862, #3801, #229, .T. ) ;
#5587 = VECTOR ( 'NONE', #3115, 1000.000000000000000 ) ;
#5588 = DIRECTION ( 'NONE',  ( 1.020425574104003900E-016, 1.000000000000000000, 3.854941057726238600E-016 ) ) ;
#5589 = ADVANCED_FACE ( 'NONE', ( #2443 ), #1929, .F. ) ;
#5590 = EDGE_LOOP ( 'NONE', ( #5464, #4724, #3633, #2359 ) ) ;
#5591 = ORIENTED_EDGE ( 'NONE', *, *, #3371, .T. ) ;
#5592 = SURFACE_STYLE_FILL_AREA ( #5742 ) ;
#5593 = DIRECTION ( 'NONE',  ( 1.000000000000000000, 0.0000000000000000000, -0.0000000000000000000 ) ) ;
#5594 = ORIENTED_EDGE ( 'NONE', *, *, #101, .T. ) ;
#5595 = EDGE_CURVE ( 'NONE', #1551, #5563, #3757, .T. ) ;
#5596 = VERTEX_POINT ( 'NONE', #4359 ) ;
#5597 = FACE_OUTER_BOUND ( 'NONE', #3272, .T. ) ;
#5598 = DIRECTION ( 'NONE',  ( -1.000000000000000000, 0.0000000000000000000, -0.0000000000000000000 ) ) ;
#5599 = CARTESIAN_POINT ( 'NONE',  ( -1.250000000000001100, 0.1999999999999999600, 0.2500000000000003300 ) ) ;
#5600 = CARTESIAN_POINT ( 'NONE',  ( 4.750000000000000900, 4.800000000000000700, 0.2500000000000001100 ) ) ;
#5601 = ORIENTED_EDGE ( 'NONE', *, *, #2876, .F. ) ;
#5602 = ADVANCED_FACE ( 'NONE', ( #5847, #2764 ), #3879, .F. ) ;
#5603 = FACE_OUTER_BOUND ( 'NONE', #3296, .T. ) ;
#5604 = AXIS2_PLACEMENT_3D ( 'NONE', #1850, #2331, #3266 ) ;
#5605 = CARTESIAN_POINT ( 'NONE',  ( 6.299999999999999800, 4.000000000000001800, -2.399999999999942200 ) ) ;
#5606 = CARTESIAN_POINT ( 'NONE',  ( 6.950000000000000200, 4.099999999999999600, -0.5500000000000001600 ) ) ;
#5607 = CARTESIAN_POINT ( 'NONE',  ( -4.750000000000000900, 4.800000000000000700, -0.1226104180068291200 ) ) ;
#5608 = CARTESIAN_POINT ( 'NONE',  ( -0.2500000000000028300, 1.749999999999999800, -2.099999999999944600 ) ) ;
#5609 = ORIENTED_EDGE ( 'NONE', *, *, #5400, .F. ) ;
#5610 = CARTESIAN_POINT ( 'NONE',  ( -1.250000000000001100, -6.505213034913026600E-016, 0.2499999999999998900 ) ) ;
#5611 = VECTOR ( 'NONE', #5869, 1000.000000000000000 ) ;
#5612 =( LENGTH_UNIT ( ) NAMED_UNIT ( * ) SI_UNIT ( .MILLI., .METRE. ) );
#5613 = ORIENTED_EDGE ( 'NONE', *, *, #3735, .T. ) ;
#5614 = DIRECTION ( 'NONE',  ( 1.284980352575412900E-015, -1.000000000000000000, 0.0000000000000000000 ) ) ;
#5615 = CARTESIAN_POINT ( 'NONE',  ( 3.249999999999999600, -3.049999999999997200, -0.2500000000000001100 ) ) ;
#5616 = LINE ( 'NONE', #3162, #5163 ) ;
#5617 = ADVANCED_FACE ( 'NONE', ( #2210 ), #5485, .F. ) ;
#5618 = DIRECTION ( 'NONE',  ( 1.000000000000000000, 5.421010862427523400E-017, 1.469367938527860200E-032 ) ) ;
#5619 = ORIENTED_EDGE ( 'NONE', *, *, #2710, .F. ) ;
#5620 = PLANE ( 'NONE',  #574 ) ;
#5621 = CARTESIAN_POINT ( 'NONE',  ( 5.250000000000000900, -0.9370666808418981500, -0.1727116369391203400 ) ) ;
#5622 = ORIENTED_EDGE ( 'NONE', *, *, #1819, .T. ) ;
#5623 = EDGE_CURVE ( 'NONE', #508, #4249, #6128, .T. ) ;
#5624 = FACE_OUTER_BOUND ( 'NONE', #4073, .T. ) ;
#5625 = EDGE_CURVE ( 'NONE', #1105, #1309, #1029, .T. ) ;
#5626 = ORIENTED_EDGE ( 'NONE', *, *, #2006, .F. ) ;
#5627 = LINE ( 'NONE', #3014, #2440 ) ;
#5628 = ORIENTED_EDGE ( 'NONE', *, *, #1619, .T. ) ;
#5629 = DIRECTION ( 'NONE',  ( -5.421010862427523400E-017, 1.000000000000000000, 0.0000000000000000000 ) ) ;
#5630 = DIRECTION ( 'NONE',  ( -1.000000000000000000, -5.421010862427523400E-017, -0.0000000000000000000 ) ) ;
#5631 = DIRECTION ( 'NONE',  ( 0.0000000000000000000, 0.0000000000000000000, 1.000000000000000000 ) ) ;
#5632 = DIRECTION ( 'NONE',  ( 0.0000000000000000000, 0.0000000000000000000, 1.000000000000000000 ) ) ;
#5633 = VECTOR ( 'NONE', #5212, 1000.000000000000000 ) ;
#5634 = VERTEX_POINT ( 'NONE', #1602 ) ;
#5635 = ORIENTED_EDGE ( 'NONE', *, *, #4384, .F. ) ;
#5636 = LINE ( 'NONE', #2073, #3760 ) ;
#5637 = DIRECTION ( 'NONE',  ( 0.0000000000000000000, 0.0000000000000000000, -1.000000000000000000 ) ) ;
#5638 = CARTESIAN_POINT ( 'NONE',  ( -4.250000000000001800, 2.580384757729328600, -2.099999999999944600 ) ) ;
#5639 = FACE_OUTER_BOUND ( 'NONE', #1095, .T. ) ;
#5640 = FACE_OUTER_BOUND ( 'NONE', #1025, .T. ) ;
#5641 = CARTESIAN_POINT ( 'NONE',  ( -4.750000000000000900, -9.629649721936179300E-032, 0.4999999999999997800 ) ) ;
#5642 = VECTOR ( 'NONE', #5476, 1000.000000000000000 ) ;
#5643 = EDGE_CURVE ( 'NONE', #4891, #2275, #2594, .T. ) ;
#5644 = ORIENTED_EDGE ( 'NONE', *, *, #2046, .T. ) ;
#5645 = VECTOR ( 'NONE', #3202, 1000.000000000000000 ) ;
#5646 = CARTESIAN_POINT ( 'NONE',  ( -1.109769791640811100, 4.835279330992293000, 0.1097697916408101600 ) ) ;
#5647 = CARTESIAN_POINT ( 'NONE',  ( -4.750000000000000900, 1.749999999999998900, -1.514441129821030200E-016 ) ) ;
#5648 = CARTESIAN_POINT ( 'NONE',  ( 4.750000000000000900, -9.629649721936179300E-032, -0.4999999999999997800 ) ) ;
#5649 = VECTOR ( 'NONE', #460, 1000.000000000000000 ) ;
#5650 = ADVANCED_FACE ( 'NONE', ( #1327 ), #3056, .F. ) ;
#5651 = VERTEX_POINT ( 'NONE', #514 ) ;
#5652 = CIRCLE ( 'NONE', #2969, 0.5000000000000000000 ) ;
#5653 = CARTESIAN_POINT ( 'NONE',  ( 6.300000000000000700, 1.749999999999998900, 1.100000000000056500 ) ) ;
#5654 = CARTESIAN_POINT ( 'NONE',  ( -5.250000000000000900, 4.449999999999997500, -0.2500000000000001700 ) ) ;
#5655 = VERTEX_POINT ( 'NONE', #4860 ) ;
#5656 = VERTEX_POINT ( 'NONE', #5392 ) ;
#5657 = AXIS2_PLACEMENT_3D ( 'NONE', #5945, #1230, #4127 ) ;
#5658 = LINE ( 'NONE', #461, #4241 ) ;
#5659 = EDGE_CURVE ( 'NONE', #5333, #3083, #5475, .T. ) ;
#5660 = CARTESIAN_POINT ( 'NONE',  ( 1.249999999999999300, 0.1999999999999999800, 0.2499999999999998900 ) ) ;
#5661 = VERTEX_POINT ( 'NONE', #5876 ) ;
#5662 = VERTEX_POINT ( 'NONE', #2582 ) ;
#5663 = ADVANCED_FACE ( 'NONE', ( #3211 ), #3668, .F. ) ;
#5664 = AXIS2_PLACEMENT_3D ( 'NONE', #55, #4793, #2857 ) ;
#5665 = ORIENTED_EDGE ( 'NONE', *, *, #4829, .T. ) ;
#5666 = DIRECTION ( 'NONE',  ( 0.0000000000000000000, 0.0000000000000000000, -1.000000000000000000 ) ) ;
#5667 = CARTESIAN_POINT ( 'NONE',  ( 5.249999999999999100, 1.749999999999998900, -0.2499999999999996700 ) ) ;
#5668 = PLANE ( 'NONE',  #6146 ) ;
#5669 = EDGE_CURVE ( 'NONE', #5756, #5160, #4879, .T. ) ;
#5670 = ORIENTED_EDGE ( 'NONE', *, *, #217, .T. ) ;
#5671 = VECTOR ( 'NONE', #2188, 1000.000000000000000 ) ;
#5672 = ORIENTED_EDGE ( 'NONE', *, *, #5107, .T. ) ;
#5673 = ORIENTED_EDGE ( 'NONE', *, *, #5156, .F. ) ;
#5674 = LINE ( 'NONE', #5889, #3333 ) ;
#5675 = AXIS2_PLACEMENT_3D ( 'NONE', #1608, #4472, #5469 ) ;
#5676 = ORIENTED_EDGE ( 'NONE', *, *, #2630, .T. ) ;
#5677 = EDGE_CURVE ( 'NONE', #6057, #3432, #4202, .T. ) ;
#5678 = ADVANCED_FACE ( 'NONE', ( #4956 ), #1576, .F. ) ;
#5679 = DIRECTION ( 'NONE',  ( 1.000000000000000000, 0.0000000000000000000, 0.0000000000000000000 ) ) ;
#5680 = PLANE ( 'NONE',  #2591 ) ;
#5681 = DIRECTION ( 'NONE',  ( 1.112825628694216700E-015, -0.8660254037844578000, 0.4999999999999669700 ) ) ;
#5682 = CIRCLE ( 'NONE', #733, 0.2500000000000000000 ) ;
#5683 = ORIENTED_EDGE ( 'NONE', *, *, #2044, .T. ) ;
#5684 = AXIS2_PLACEMENT_3D ( 'NONE', #4306, #5723, #3390 ) ;
#5685 = VECTOR ( 'NONE', #2921, 1000.000000000000000 ) ;
#5686 = CARTESIAN_POINT ( 'NONE',  ( 5.250000000000000900, -9.629649721936179300E-032, -0.4999999999999997800 ) ) ;
#5687 = PLANE ( 'NONE',  #4885 ) ;
#5688 = ORIENTED_EDGE ( 'NONE', *, *, #5735, .F. ) ;
#5689 = CIRCLE ( 'NONE', #802, 0.5000000000000000000 ) ;
#5690 = ADVANCED_FACE ( 'NONE', ( #4052 ), #2030, .F. ) ;
#5691 = ADVANCED_FACE ( 'NONE', ( #3751 ), #201, .F. ) ;
#5692 = EDGE_CURVE ( 'NONE', #4018, #1827, #6064, .T. ) ;
#5693 = ORIENTED_EDGE ( 'NONE', *, *, #168, .T. ) ;
#5694 = CARTESIAN_POINT ( 'NONE',  ( 6.299999999999999800, 4.000000000000001800, 1.100000000000057200 ) ) ;
#5695 = PLANE ( 'NONE',  #1513 ) ;
#5696 = VECTOR ( 'NONE', #3920, 1000.000000000000000 ) ;
#5697 = DIRECTION ( 'NONE',  ( -0.0000000000000000000, 1.000000000000000000, 2.478176394252581100E-016 ) ) ;
#5698 = ORIENTED_EDGE ( 'NONE', *, *, #3605, .T. ) ;
#5699 = AXIS2_PLACEMENT_3D ( 'NONE', #1081, #2029, #5934 ) ;
#5700 = FACE_OUTER_BOUND ( 'NONE', #4655, .T. ) ;
#5701 = EDGE_CURVE ( 'NONE', #3546, #4232, #4507, .T. ) ;
#5702 = LINE ( 'NONE', #187, #4812 ) ;
#5703 = CARTESIAN_POINT ( 'NONE',  ( 1.749999999999998900, -9.629649721936179300E-032, -2.799999999999999800 ) ) ;
#5704 = DIRECTION ( 'NONE',  ( 0.0000000000000000000, 1.000000000000000000, 0.0000000000000000000 ) ) ;
#5705 = ORIENTED_EDGE ( 'NONE', *, *, #3033, .T. ) ;
#5706 = DIRECTION ( 'NONE',  ( -1.000000000000000000, 0.0000000000000000000, -0.0000000000000000000 ) ) ;
#5707 = ADVANCED_FACE ( 'NONE', ( #1914 ), #5988, .T. ) ;
#5708 = LINE ( 'NONE', #2978, #3917 ) ;
#5709 = ORIENTED_EDGE ( 'NONE', *, *, #4960, .F. ) ;
#5710 = UNCERTAINTY_MEASURE_WITH_UNIT (LENGTH_MEASURE( 1.000000000000000100E-005 ), #5979, 'distance_accuracy_value', 'NONE');
#5711 = EDGE_CURVE ( 'NONE', #4496, #508, #5627, .T. ) ;
#5712 = CARTESIAN_POINT ( 'NONE',  ( -3.122610418006830800, 4.800000000000000700, 0.1226104180068297700 ) ) ;
#5713 = VECTOR ( 'NONE', #4454, 1000.000000000000000 ) ;
#5714 = ORIENTED_EDGE ( 'NONE', *, *, #2168, .F. ) ;
#5715 = CARTESIAN_POINT ( 'NONE',  ( -6.950000000000000200, 0.8000000000000001600, 1.927470528863117300E-016 ) ) ;
#5716 = DIRECTION ( 'NONE',  ( -1.000000000000000000, -0.0000000000000000000, -0.0000000000000000000 ) ) ;
#5717 = LINE ( 'NONE', #2953, #3777 ) ;
#5718 = EDGE_CURVE ( 'NONE', #4198, #2174, #3593, .T. ) ;
#5719 = LINE ( 'NONE', #5703, #4458 ) ;
#5720 = ADVANCED_FACE ( 'NONE', ( #2287 ), #4120, .F. ) ;
#5721 = ADVANCED_FACE ( 'NONE', ( #2901 ), #4595, .T. ) ;
#5722 = ORIENTED_EDGE ( 'NONE', *, *, #1144, .F. ) ;
#5723 = DIRECTION ( 'NONE',  ( 1.000000000000000000, 4.818676322157796400E-016, 0.0000000000000000000 ) ) ;
#5724 = DIRECTION ( 'NONE',  ( 0.0000000000000000000, 1.000000000000000000, 2.710505431213762100E-016 ) ) ;
#5725 = ORIENTED_EDGE ( 'NONE', *, *, #4960, .T. ) ;
#5726 = CARTESIAN_POINT ( 'NONE',  ( -5.122610418006829900, 4.800000000000000700, 0.2500000000000003300 ) ) ;
#5727 = DIRECTION ( 'NONE',  ( 0.0000000000000000000, -1.000000000000000000, -2.478176394252581100E-016 ) ) ;
#5728 = EDGE_LOOP ( 'NONE', ( #4650, #4370, #3040, #4841 ) ) ;
#5729 = ORIENTED_EDGE ( 'NONE', *, *, #393, .F. ) ;
#5730 = ORIENTED_EDGE ( 'NONE', *, *, #4591, .F. ) ;
#5731 = FACE_OUTER_BOUND ( 'NONE', #3565, .T. ) ;
#5732 = DIRECTION ( 'NONE',  ( -1.000000000000000000, 0.0000000000000000000, 0.0000000000000000000 ) ) ;
#5733 = CARTESIAN_POINT ( 'NONE',  ( 3.249999999999999600, -6.505213034913026600E-016, 0.2499999999999998900 ) ) ;
#5734 = VERTEX_POINT ( 'NONE', #2623 ) ;
#5735 = EDGE_CURVE ( 'NONE', #4166, #4018, #2133, .T. ) ;
#5736 = CLOSED_SHELL ( 'NONE', ( #6162, #3781, #1446, #2787, #4675, #435, #5161, #923, #4285, #4709, #2706, #5130, #4177, #3600 ) ) ;
#5737 = ADVANCED_FACE ( 'NONE', ( #3445 ), #237, .T. ) ;
#5738 = EDGE_CURVE ( 'NONE', #1499, #5448, #1482, .T. ) ;
#5739 = LINE ( 'NONE', #755, #1524 ) ;
#5740 = CARTESIAN_POINT ( 'NONE',  ( 5.250000000000000900, -0.9370666808418981500, 0.3272883630608796600 ) ) ;
#5741 = CARTESIAN_POINT ( 'NONE',  ( 6.950000000000000200, 5.999999999999999100, 0.2500000000000000000 ) ) ;
#5742 = FILL_AREA_STYLE ('',( #811 ) ) ;
#5743 = CARTESIAN_POINT ( 'NONE',  ( -1.749999999999995600, 2.580384757729333100, -2.099999999999962300 ) ) ;
#5744 = VERTEX_POINT ( 'NONE', #2645 ) ;
#5745 = VERTEX_POINT ( 'NONE', #1696 ) ;
#5746 = AXIS2_PLACEMENT_3D ( 'NONE', #3608, #5023, #3160 ) ;
#5747 = VECTOR ( 'NONE', #314, 1000.000000000000000 ) ;
#5748 = AXIS2_PLACEMENT_3D ( 'NONE', #2015, #3657, #2652 ) ;
#5749 = CARTESIAN_POINT ( 'NONE',  ( -4.750000000000000900, -3.421291075649866900, 0.1207476902531909600 ) ) ;
#5750 = CARTESIAN_POINT ( 'NONE',  ( -6.299999999999999800, 1.749999999999998900, 1.100000000000056300 ) ) ;
#5751 = DIRECTION ( 'NONE',  ( 1.000000000000000000, 5.421010862427523400E-017, 1.469367938527860200E-032 ) ) ;
#5752 = EDGE_CURVE ( 'NONE', #5275, #3451, #1173, .T. ) ;
#5753 = VERTEX_POINT ( 'NONE', #6000 ) ;
#5754 = LINE ( 'NONE', #432, #4489 ) ;
#5755 = ADVANCED_FACE ( 'NONE', ( #4723 ), #5559, .F. ) ;
#5756 = VERTEX_POINT ( 'NONE', #2689 ) ;
#5757 = DIRECTION ( 'NONE',  ( 0.0000000000000000000, -1.000000000000000000, -7.228014483236695600E-016 ) ) ;
#5758 = DIRECTION ( 'NONE',  ( -1.000000000000000000, -0.0000000000000000000, -0.0000000000000000000 ) ) ;
#5759 = LINE ( 'NONE', #5908, #1466 ) ;
#5760 = EDGE_CURVE ( 'NONE', #1566, #5834, #1103, .T. ) ;
#5761 = ORIENTED_EDGE ( 'NONE', *, *, #4822, .T. ) ;
#5762 = SURFACE_SIDE_STYLE ('',( #5592 ) ) ;
#5763 = VECTOR ( 'NONE', #175, 999.9999999999998900 ) ;
#5764 = VERTEX_POINT ( 'NONE', #2152 ) ;
#5765 = CARTESIAN_POINT ( 'NONE',  ( -4.750000000000000900, -9.629649721936179300E-032, 0.4999999999999997800 ) ) ;
#5766 = DIRECTION ( 'NONE',  ( -0.0000000000000000000, -0.3420201433256668300, -0.9396926207859090900 ) ) ;
#5767 = VECTOR ( 'NONE', #2931, 1000.000000000000000 ) ;
#5768 = ADVANCED_FACE ( 'NONE', ( #3520 ), #4618, .F. ) ;
#5769 = ORIENTED_EDGE ( 'NONE', *, *, #20, .F. ) ;
#5770 = LINE ( 'NONE', #2193, #4357 ) ;
#5771 = ORIENTED_EDGE ( 'NONE', *, *, #5995, .F. ) ;
#5772 = LINE ( 'NONE', #267, #2062 ) ;
#5773 = ORIENTED_EDGE ( 'NONE', *, *, #2826, .F. ) ;
#5774 = AXIS2_PLACEMENT_3D ( 'NONE', #5825, #972, #2936 ) ;
#5775 = DIRECTION ( 'NONE',  ( -1.000000000000000000, -0.0000000000000000000, -0.0000000000000000000 ) ) ;
#5776 = CARTESIAN_POINT ( 'NONE',  ( -2.890230208359190600, 4.835279330992293000, -0.1097697916408099700 ) ) ;
#5777 = EDGE_CURVE ( 'NONE', #5828, #4696, #5918, .T. ) ;
#5778 = VECTOR ( 'NONE', #727, 1000.000000000000000 ) ;
#5779 = ORIENTED_EDGE ( 'NONE', *, *, #1387, .T. ) ;
#5780 = VERTEX_POINT ( 'NONE', #6036 ) ;
#5781 = VECTOR ( 'NONE', #2714, 1000.000000000000000 ) ;
#5782 = ORIENTED_EDGE ( 'NONE', *, *, #1472, .T. ) ;
#5783 = CARTESIAN_POINT ( 'NONE',  ( -4.750000000000000900, -0.9370666808418981500, -0.3272883630608796600 ) ) ;
#5784 = DIRECTION ( 'NONE',  ( 0.0000000000000000000, -0.3420201433256669400, 0.9396926207859090900 ) ) ;
#5785 = PLANE ( 'NONE',  #1443 ) ;
#5786 = ORIENTED_EDGE ( 'NONE', *, *, #2006, .T. ) ;
#5787 = AXIS2_PLACEMENT_3D ( 'NONE', #676, #1241, #5021 ) ;
#5788 = VECTOR ( 'NONE', #1423, 1000.000000000000000 ) ;
#5789 = ADVANCED_FACE ( 'NONE', ( #962 ), #3183, .F. ) ;
#5790 = EDGE_CURVE ( 'NONE', #948, #5927, #3357, .T. ) ;
#5791 = EDGE_LOOP ( 'NONE', ( #2881, #6014, #3026, #1994, #1334, #3953, #3100, #3866, #4515, #122 ) ) ;
#5792 = DIRECTION ( 'NONE',  ( 1.000000000000000000, 5.421010862427523400E-017, 1.343422115225471600E-032 ) ) ;
#5793 = CARTESIAN_POINT ( 'NONE',  ( 2.250000000000001300, 1.749999999999999800, -2.099999999999944600 ) ) ;
#5794 = LINE ( 'NONE', #2526, #5642 ) ;
#5795 = CARTESIAN_POINT ( 'NONE',  ( 2.749999999999999100, -7.507106781186548600, -0.2500000000000001100 ) ) ;
#5796 = VERTEX_POINT ( 'NONE', #4164 ) ;
#5797 = DIRECTION ( 'NONE',  ( 0.0000000000000000000, -0.1736481776669314700, -0.9848077530122079100 ) ) ;
#5798 = LINE ( 'NONE', #4875, #4529 ) ;
#5799 = CARTESIAN_POINT ( 'NONE',  ( 5.249999999999999100, 1.749999999999998900, -1.514441129821030200E-016 ) ) ;
#5800 = EDGE_CURVE ( 'NONE', #5745, #2941, #5770, .T. ) ;
#5801 = VERTEX_POINT ( 'NONE', #340 ) ;
#5802 = VECTOR ( 'NONE', #4258, 1000.000000000000000 ) ;
#5803 = ADVANCED_FACE ( 'NONE', ( #2058 ), #3260, .F. ) ;
#5804 = DIRECTION ( 'NONE',  ( -1.000000000000000000, 0.0000000000000000000, 0.0000000000000000000 ) ) ;
#5805 = ORIENTED_EDGE ( 'NONE', *, *, #2932, .F. ) ;
#5806 = ORIENTED_EDGE ( 'NONE', *, *, #1421, .F. ) ;
#5807 = LINE ( 'NONE', #1884, #5432 ) ;
#5808 = EDGE_LOOP ( 'NONE', ( #5043, #4908, #3091, #5628 ) ) ;
#5809 = CARTESIAN_POINT ( 'NONE',  ( 5.749999999999999100, -9.629649721936179300E-032, -2.799999999999999800 ) ) ;
#5810 = ORIENTED_EDGE ( 'NONE', *, *, #4319, .T. ) ;
#5811 = DIRECTION ( 'NONE',  ( -1.000000000000000000, -0.0000000000000000000, -0.0000000000000000000 ) ) ;
#5812 = ORIENTED_EDGE ( 'NONE', *, *, #957, .F. ) ;
#5813 = ORIENTED_EDGE ( 'NONE', *, *, #5029, .F. ) ;
#5814 = ORIENTED_EDGE ( 'NONE', *, *, #4887, .F. ) ;
#5815 = ADVANCED_FACE ( 'NONE', ( #2821 ), #5120, .F. ) ;
#5816 = ORIENTED_EDGE ( 'NONE', *, *, #5179, .F. ) ;
#5817 = DIRECTION ( 'NONE',  ( -5.714657166936236400E-015, -0.4999999999999669700, -0.8660254037844578000 ) ) ;
#5818 = LINE ( 'NONE', #4556, #5444 ) ;
#5819 = EDGE_CURVE ( 'NONE', #3265, #3068, #5839, .T. ) ;
#5820 = VERTEX_POINT ( 'NONE', #5203 ) ;
#5821 = PLANE ( 'NONE',  #2334 ) ;
#5822 = EDGE_CURVE ( 'NONE', #2861, #2432, #1479, .T. ) ;
#5823 = ORIENTED_EDGE ( 'NONE', *, *, #1163, .T. ) ;
#5824 = LINE ( 'NONE', #1913, #2271 ) ;
#5825 = CARTESIAN_POINT ( 'NONE',  ( 2.749999999999999100, -6.505213034913026600E-016, -0.2500000000000001100 ) ) ;
#5826 = ORIENTED_EDGE ( 'NONE', *, *, #1068, .F. ) ;
#5827 = AXIS2_PLACEMENT_3D ( 'NONE', #300, #1717, #4576 ) ;
#5828 = VERTEX_POINT ( 'NONE', #4250 ) ;
#5829 = LINE ( 'NONE', #5660, #2039 ) ;
#5830 = DIRECTION ( 'NONE',  ( -0.0000000000000000000, 0.0000000000000000000, 1.000000000000000000 ) ) ;
#5831 = DIRECTION ( 'NONE',  ( 1.000000000000000000, -0.0000000000000000000, 0.0000000000000000000 ) ) ;
#5832 =( LENGTH_UNIT ( ) NAMED_UNIT ( * ) SI_UNIT ( .MILLI., .METRE. ) );
#5833 = PLANE ( 'NONE',  #547 ) ;
#5834 = VERTEX_POINT ( 'NONE', #2215 ) ;
#5835 = FACE_OUTER_BOUND ( 'NONE', #1274, .T. ) ;
#5836 = CARTESIAN_POINT ( 'NONE',  ( 3.749999999999997300, 1.749999999999999800, -2.099999999999944600 ) ) ;
#5837 = CARTESIAN_POINT ( 'NONE',  ( -4.250000000000002700, 1.749999999999999800, -2.099999999999944600 ) ) ;
#5838 = EDGE_LOOP ( 'NONE', ( #5155, #5384, #3446, #4362 ) ) ;
#5839 = LINE ( 'NONE', #820, #1542 ) ;
#5840 = CARTESIAN_POINT ( 'NONE',  ( -2.250000000000002700, 1.749999999999999800, -2.099999999999944600 ) ) ;
#5841 = EDGE_CURVE ( 'NONE', #3546, #2141, #4050, .T. ) ;
#5842 = CARTESIAN_POINT ( 'NONE',  ( 2.151803857088467900, -0.5723142658723154900, -1.151803857088474300 ) ) ;
#5843 = PLANE ( 'NONE',  #5675 ) ;
#5844 = ORIENTED_EDGE ( 'NONE', *, *, #445, .F. ) ;
#5845 = DIRECTION ( 'NONE',  ( 1.000000000000000000, 0.0000000000000000000, -0.0000000000000000000 ) ) ;
#5846 = ORIENTED_EDGE ( 'NONE', *, *, #3858, .T. ) ;
#5847 = FACE_BOUND ( 'NONE', #1987, .T. ) ;
#5848 = CARTESIAN_POINT ( 'NONE',  ( 4.750000000000000900, 4.449999999999997500, -0.2500000000000002800 ) ) ;
#5849 = DIRECTION ( 'NONE',  ( 0.0000000000000000000, 0.0000000000000000000, -1.000000000000000000 ) ) ;
#5850 = ORIENTED_EDGE ( 'NONE', *, *, #5502, .F. ) ;
#5851 = CARTESIAN_POINT ( 'NONE',  ( -4.877389581993171900, 4.800000000000000700, 0.1226104180068292900 ) ) ;
#5852 = DIRECTION ( 'NONE',  ( -1.000000000000000000, 0.0000000000000000000, -0.0000000000000000000 ) ) ;
#5853 = FACE_OUTER_BOUND ( 'NONE', #43, .T. ) ;
#5854 = ORIENTED_EDGE ( 'NONE', *, *, #355, .F. ) ;
#5855 = AXIS2_PLACEMENT_3D ( 'NONE', #5437, #5462, #4022 ) ;
#5856 = LINE ( 'NONE', #4616, #4581 ) ;
#5857 = PLANE ( 'NONE',  #774 ) ;
#5858 = EDGE_CURVE ( 'NONE', #1030, #3355, #288, .T. ) ;
#5859 = LINE ( 'NONE', #5138, #4221 ) ;
#5860 = CARTESIAN_POINT ( 'NONE',  ( -4.750000000000000900, -0.9370666808418981500, -0.3272883630608796600 ) ) ;
#5861 = CARTESIAN_POINT ( 'NONE',  ( -4.750000000000000900, -3.011905242028990200, -0.1854250760696250800 ) ) ;
#5862 = VERTEX_POINT ( 'NONE', #2780 ) ;
#5863 = DIRECTION ( 'NONE',  ( 1.000000000000000000, 0.0000000000000000000, 0.0000000000000000000 ) ) ;
#5864 = LINE ( 'NONE', #3058, #3230 ) ;
#5865 = FACE_OUTER_BOUND ( 'NONE', #3383, .T. ) ;
#5866 = EDGE_CURVE ( 'NONE', #2713, #2671, #4721, .T. ) ;
#5867 = ORIENTED_EDGE ( 'NONE', *, *, #5677, .T. ) ;
#5868 = CARTESIAN_POINT ( 'NONE',  ( -4.750000000000000900, -6.505213034913026600E-016, 0.2499999999999998900 ) ) ;
#5869 = DIRECTION ( 'NONE',  ( -0.0000000000000000000, 1.000000000000000000, 3.854941057726238600E-016 ) ) ;
#5870 = DIRECTION ( 'NONE',  ( 0.0000000000000000000, -0.3420201433256669400, -0.9396926207859090900 ) ) ;
#5871 = VECTOR ( 'NONE', #4641, 1000.000000000000000 ) ;
#5872 = EDGE_LOOP ( 'NONE', ( #4419, #5729, #2386, #325 ) ) ;
#5873 = ORIENTED_EDGE ( 'NONE', *, *, #1508, .F. ) ;
#5874 = AXIS2_PLACEMENT_3D ( 'NONE', #1362, #4740, #1837 ) ;
#5875 = LINE ( 'NONE', #3686, #1436 ) ;
#5876 = CARTESIAN_POINT ( 'NONE',  ( -2.750000000000000900, 1.749999999999998900, 0.2500000000000003300 ) ) ;
#5877 = EDGE_CURVE ( 'NONE', #281, #1097, #4651, .T. ) ;
#5878 = CARTESIAN_POINT ( 'NONE',  ( 5.250000000000000900, 4.449999999999997500, -0.2500000000000002800 ) ) ;
#5879 = VERTEX_POINT ( 'NONE', #2261 ) ;
#5880 = CARTESIAN_POINT ( 'NONE',  ( 2.749999999999999100, 4.449999999999999300, -0.2500000000000001100 ) ) ;
#5881 = DIRECTION ( 'NONE',  ( 0.0000000000000000000, 1.000000000000000000, 2.710505431213762100E-016 ) ) ;
#5882 = VECTOR ( 'NONE', #5525, 1000.000000000000000 ) ;
#5883 = CARTESIAN_POINT ( 'NONE',  ( 1.249999999999999300, -3.049999999999997200, -0.2500000000000001100 ) ) ;
#5884 = CARTESIAN_POINT ( 'NONE',  ( -2.250000000000001300, -9.629649721936179300E-032, 1.699999999999999700 ) ) ;
#5885 = ORIENTED_EDGE ( 'NONE', *, *, #1934, .F. ) ;
#5886 = LINE ( 'NONE', #4785, #5364 ) ;
#5887 = CARTESIAN_POINT ( 'NONE',  ( -0.2500000000000028300, 1.749999999999999300, -2.099999999999944600 ) ) ;
#5888 = SURFACE_STYLE_USAGE ( .BOTH. , #3027 ) ;
#5889 = CARTESIAN_POINT ( 'NONE',  ( -6.299999999999999800, 1.749999999999999800, -2.399999999999944000 ) ) ;
#5890 = EDGE_LOOP ( 'NONE', ( #5644, #4026, #1343, #2342 ) ) ;
#5891 = ORIENTED_EDGE ( 'NONE', *, *, #6061, .T. ) ;
#5892 = EDGE_CURVE ( 'NONE', #518, #5656, #519, .T. ) ;
#5893 = VECTOR ( 'NONE', #3647, 1000.000000000000100 ) ;
#5894 = VERTEX_POINT ( 'NONE', #5606 ) ;
#5895 = CARTESIAN_POINT ( 'NONE',  ( 5.299999999999999800, 4.000000000000000900, 1.499999999999999800 ) ) ;
#5896 = VECTOR ( 'NONE', #5716, 1000.000000000000000 ) ;
#5897 = PRESENTATION_LAYER_ASSIGNMENT (  '', '', ( #1064 ) ) ;
#5898 = CARTESIAN_POINT ( 'NONE',  ( 6.950000000000000200, -9.629649721936179300E-032, 1.699999999999999700 ) ) ;
#5899 = CARTESIAN_POINT ( 'NONE',  ( -3.109769791640811100, 4.835279330992293000, 0.1097697916408101600 ) ) ;
#5900 = EDGE_CURVE ( 'NONE', #6114, #1759, #434, .T. ) ;
#5901 = ORIENTED_EDGE ( 'NONE', *, *, #5295, .T. ) ;
#5902 = UNCERTAINTY_MEASURE_WITH_UNIT (LENGTH_MEASURE( 1.000000000000000100E-005 ), #876, 'distance_accuracy_value', 'NONE');
#5903 = DIRECTION ( 'NONE',  ( 0.0000000000000000000, 0.1736481776669313600, -0.9848077530122079100 ) ) ;
#5904 = CARTESIAN_POINT ( 'NONE',  ( 6.300000000000000700, 1.749999999999999800, -2.399999999999944000 ) ) ;
#5905 = LINE ( 'NONE', #484, #1977 ) ;
#5906 = VERTEX_POINT ( 'NONE', #4227 ) ;
#5907 = PLANE ( 'NONE',  #109 ) ;
#5908 = CARTESIAN_POINT ( 'NONE',  ( -6.299999999999999800, 1.749999999999998900, 1.100000000000056300 ) ) ;
#5909 = LINE ( 'NONE', #509, #1762 ) ;
#5910 = EDGE_CURVE ( 'NONE', #2941, #861, #76, .T. ) ;
#5911 = ORIENTED_EDGE ( 'NONE', *, *, #5336, .F. ) ;
#5912 = DIRECTION ( 'NONE',  ( -1.000000000000000000, -0.0000000000000000000, -0.0000000000000000000 ) ) ;
#5913 = ORIENTED_EDGE ( 'NONE', *, *, #4446, .T. ) ;
#5914 = DIRECTION ( 'NONE',  ( 1.000000000000000000, -0.0000000000000000000, 0.0000000000000000000 ) ) ;
#5915 = DIRECTION ( 'NONE',  ( 0.3236155771181831700, 0.8891264907159895900, 0.3236155771181831700 ) ) ;
#5916 = DIRECTION ( 'NONE',  ( 0.3236155771181850000, -0.8891264907159889300, -0.3236155771181828400 ) ) ;
#5917 = DIRECTION ( 'NONE',  ( -0.0000000000000000000, 1.000000000000000000, 2.478176394252581100E-016 ) ) ;
#5918 = LINE ( 'NONE', #5098, #4654 ) ;
#5919 = EDGE_LOOP ( 'NONE', ( #5501, #1365, #252, #5806 ) ) ;
#5920 = AXIS2_PLACEMENT_3D ( 'NONE', #2367, #4821, #539 ) ;
#5921 = LINE ( 'NONE', #3683, #4510 ) ;
#5922 = DIRECTION ( 'NONE',  ( 0.0000000000000000000, 0.0000000000000000000, 1.000000000000000000 ) ) ;
#5923 = CARTESIAN_POINT ( 'NONE',  ( -0.8773895819931707400, -3.399999999999999900, 0.1226104180068293400 ) ) ;
#5924 = PLANE ( 'NONE',  #4874 ) ;
#5925 = CARTESIAN_POINT ( 'NONE',  ( 4.249999999999999100, 0.1999999999999999300, -2.799999999999999800 ) ) ;
#5926 = FACE_OUTER_BOUND ( 'NONE', #425, .T. ) ;
#5927 = VERTEX_POINT ( 'NONE', #1346 ) ;
#5928 = LINE ( 'NONE', #3012, #307 ) ;
#5929 = DIRECTION ( 'NONE',  ( 1.000000000000000000, 0.0000000000000000000, 0.0000000000000000000 ) ) ;
#5930 = CARTESIAN_POINT ( 'NONE',  ( -3.250000000000001300, -6.505213034913026600E-016, 0.2499999999999998900 ) ) ;
#5931 = CIRCLE ( 'NONE', #2521, 1.000000000000000400 ) ;
#5932 = ORIENTED_EDGE ( 'NONE', *, *, #6099, .F. ) ;
#5933 = DIRECTION ( 'NONE',  ( 0.0000000000000000000, -0.0000000000000000000, 1.000000000000000000 ) ) ;
#5934 = DIRECTION ( 'NONE',  ( 0.0000000000000000000, 0.0000000000000000000, -1.000000000000000000 ) ) ;
#5935 = EDGE_CURVE ( 'NONE', #3468, #2820, #5241, .T. ) ;
#5936 = LINE ( 'NONE', #3271, #682 ) ;
#5937 = DIRECTION ( 'NONE',  ( 1.000000000000000000, 0.0000000000000000000, 0.0000000000000000000 ) ) ;
#5938 = EDGE_CURVE ( 'NONE', #5449, #3621, #4878, .T. ) ;
#5939 = EDGE_LOOP ( 'NONE', ( #179, #1616, #849, #1812 ) ) ;
#5940 = VECTOR ( 'NONE', #21, 1000.000000000000000 ) ;
#5941 = LINE ( 'NONE', #577, #2388 ) ;
#5942 = DIRECTION ( 'NONE',  ( -1.000000000000000000, -5.421010862427523400E-017, -1.343422115225471600E-032 ) ) ;
#5943 = AXIS2_PLACEMENT_3D ( 'NONE', #4646, #4205, #6130 ) ;
#5944 = VERTEX_POINT ( 'NONE', #2300 ) ;
#5945 = CARTESIAN_POINT ( 'NONE',  ( 1.122610418006828800, 4.800000000000000700, 0.0000000000000000000 ) ) ;
#5946 = AXIS2_PLACEMENT_3D ( 'NONE', #4028, #704, #643 ) ;
#5947 = VECTOR ( 'NONE', #3193, 1000.000000000000000 ) ;
#5948 = VERTEX_POINT ( 'NONE', #3783 ) ;
#5949 = DIRECTION ( 'NONE',  ( -5.714657166936236400E-015, -0.4999999999999669700, -0.8660254037844578000 ) ) ;
#5950 = DIRECTION ( 'NONE',  ( 0.0000000000000000000, -0.0000000000000000000, 1.000000000000000000 ) ) ;
#5951 = ORIENTED_EDGE ( 'NONE', *, *, #5019, .T. ) ;
#5952 = ORIENTED_EDGE ( 'NONE', *, *, #5254, .T. ) ;
#5953 = LINE ( 'NONE', #244, #2401 ) ;
#5954 = ORIENTED_EDGE ( 'NONE', *, *, #5376, .F. ) ;
#5955 = PLANE ( 'NONE',  #5699 ) ;
#5956 = CARTESIAN_POINT ( 'NONE',  ( -3.800000000000000300, 6.000000000000000900, -2.399999999999942200 ) ) ;
#5957 = PLANE ( 'NONE',  #293 ) ;
#5958 = EDGE_CURVE ( 'NONE', #1890, #4092, #2755, .T. ) ;
#5959 =( NAMED_UNIT ( * ) PLANE_ANGLE_UNIT ( ) SI_UNIT ( $, .RADIAN. ) );
#5960 = VERTEX_POINT ( 'NONE', #897 ) ;
#5961 = LINE ( 'NONE', #5607, #6169 ) ;
#5962 = ORIENTED_EDGE ( 'NONE', *, *, #2873, .T. ) ;
#5963 = PLANE ( 'NONE',  #3462 ) ;
#5964 = CARTESIAN_POINT ( 'NONE',  ( -4.750000000000000900, 4.449999999999997500, 0.2500000000000002800 ) ) ;
#5965 = EDGE_LOOP ( 'NONE', ( #4989, #263, #4069, #5474 ) ) ;
#5966 = ORIENTED_EDGE ( 'NONE', *, *, #6038, .F. ) ;
#5967 = LINE ( 'NONE', #5199, #4477 ) ;
#5968 = DIRECTION ( 'NONE',  ( -5.421010862427523400E-017, 1.000000000000000000, 0.0000000000000000000 ) ) ;
#5969 = DIRECTION ( 'NONE',  ( -0.0000000000000000000, 1.000000000000000000, 3.854941057726238600E-016 ) ) ;
#5970 = VERTEX_POINT ( 'NONE', #5323 ) ;
#5971 = ORIENTED_EDGE ( 'NONE', *, *, #1930, .T. ) ;
#5972 = VECTOR ( 'NONE', #2870, 1000.000000000000000 ) ;
#5973 = ORIENTED_EDGE ( 'NONE', *, *, #3033, .F. ) ;
#5974 = EDGE_CURVE ( 'NONE', #4034, #701, #5987, .T. ) ;
#5975 = ORIENTED_EDGE ( 'NONE', *, *, #562, .T. ) ;
#5976 = VECTOR ( 'NONE', #3555, 1000.000000000000100 ) ;
#5977 = CARTESIAN_POINT ( 'NONE',  ( 4.750000000000000900, -0.5622400085051390000, -0.003626982163471926000 ) ) ;
#5978 = DIRECTION ( 'NONE',  ( 0.0000000000000000000, -1.000000000000000000, 0.0000000000000000000 ) ) ;
#5979 =( LENGTH_UNIT ( ) NAMED_UNIT ( * ) SI_UNIT ( .MILLI., .METRE. ) );
#5980 = ORIENTED_EDGE ( 'NONE', *, *, #2084, .T. ) ;
#5981 = PRESENTATION_LAYER_ASSIGNMENT (  '', '', ( #5343 ) ) ;
#5982 = FACE_OUTER_BOUND ( 'NONE', #3213, .T. ) ;
#5983 = CARTESIAN_POINT ( 'NONE',  ( 0.7499999999999988900, -7.507106781186548600, -0.2500000000000001100 ) ) ;
#5984 = EDGE_CURVE ( 'NONE', #2211, #3480, #4276, .T. ) ;
#5985 = ORIENTED_EDGE ( 'NONE', *, *, #3944, .F. ) ;
#5986 = DIRECTION ( 'NONE',  ( -0.0000000000000000000, -0.0000000000000000000, 1.000000000000000000 ) ) ;
#5987 = LINE ( 'NONE', #1543, #1026 ) ;
#5988 = CYLINDRICAL_SURFACE ( 'NONE', #3526, 0.7500000000000004400 ) ;
#5989 = ADVANCED_FACE ( 'NONE', ( #5315 ), #2439, .T. ) ;
#5990 = CARTESIAN_POINT ( 'NONE',  ( -6.950000000000000200, 4.099999999999999600, 0.2499999999999997200 ) ) ;
#5991 = VERTEX_POINT ( 'NONE', #5338 ) ;
#5992 = CARTESIAN_POINT ( 'NONE',  ( -5.122610418006829900, 4.800000000000000700, 0.1226104180068292900 ) ) ;
#5993 = CARTESIAN_POINT ( 'NONE',  ( -5.250000000000000900, -1.023890769675363900, 0.1651155134452243500 ) ) ;
#5994 = AXIS2_PLACEMENT_3D ( 'NONE', #5387, #1141, #4520 ) ;
#5995 = EDGE_CURVE ( 'NONE', #3569, #4552, #3443, .T. ) ;
#5996 = VECTOR ( 'NONE', #2786, 1000.000000000000000 ) ;
#5997 = ORIENTED_EDGE ( 'NONE', *, *, #1839, .F. ) ;
#5998 = PLANE ( 'NONE',  #121 ) ;
#5999 = LINE ( 'NONE', #5842, #1488 ) ;
#6000 = CARTESIAN_POINT ( 'NONE',  ( -3.750000000000000900, -9.184850993605157100E-017, 1.699999999999999700 ) ) ;
#6001 = CARTESIAN_POINT ( 'NONE',  ( 3.749999999999997300, 1.749999999999999800, -2.099999999999944600 ) ) ;
#6002 = LINE ( 'NONE', #3659, #4735 ) ;
#6003 = DIRECTION ( 'NONE',  ( 0.0000000000000000000, 0.0000000000000000000, 1.000000000000000000 ) ) ;
#6004 = CARTESIAN_POINT ( 'NONE',  ( -5.750000000000000900, 0.1999999999999999300, -2.799999999999999800 ) ) ;
#6005 = DIRECTION ( 'NONE',  ( 1.000000000000000000, -0.0000000000000000000, 0.0000000000000000000 ) ) ;
#6006 = CARTESIAN_POINT ( 'NONE',  ( -4.750000000000000900, -3.011905242028990200, -0.1854250760696250800 ) ) ;
#6007 = LINE ( 'NONE', #1159, #3075 ) ;
#6008 = ORIENTED_EDGE ( 'NONE', *, *, #3709, .F. ) ;
#6009 = EDGE_CURVE ( 'NONE', #5070, #1546, #2129, .T. ) ;
#6010 = DIRECTION ( 'NONE',  ( -1.000000000000000000, -0.0000000000000000000, -0.0000000000000000000 ) ) ;
#6011 = PLANE ( 'NONE',  #1311 ) ;
#6012 = VECTOR ( 'NONE', #4124, 1000.000000000000000 ) ;
#6013 = LINE ( 'NONE', #4770, #1940 ) ;
#6014 = ORIENTED_EDGE ( 'NONE', *, *, #4420, .F. ) ;
#6015 = DIRECTION ( 'NONE',  ( 0.0000000000000000000, 0.0000000000000000000, -1.000000000000000000 ) ) ;
#6016 = EDGE_CURVE ( 'NONE', #5596, #5753, #4504, .T. ) ;
#6017 = CARTESIAN_POINT ( 'NONE',  ( -2.750000000000000900, -3.049999999999997200, -0.2500000000000001100 ) ) ;
#6018 = CARTESIAN_POINT ( 'NONE',  ( 0.7499999999999988900, -6.505213034913026600E-016, 0.2499999999999998900 ) ) ;
#6019 = CARTESIAN_POINT ( 'NONE',  ( -4.750000000000000900, 4.800000000000000700, 0.1226104180068292900 ) ) ;
#6020 = FACE_BOUND ( 'NONE', #3945, .T. ) ;
#6021 = EDGE_CURVE ( 'NONE', #3835, #3546, #5388, .T. ) ;
#6022 = VERTEX_POINT ( 'NONE', #541 ) ;
#6023 = ORIENTED_EDGE ( 'NONE', *, *, #3371, .F. ) ;
#6024 = LINE ( 'NONE', #898, #6100 ) ;
#6025 = CARTESIAN_POINT ( 'NONE',  ( -3.250000000000001300, 0.1999999999999999600, -0.2500000000000000600 ) ) ;
#6026 = AXIS2_PLACEMENT_3D ( 'NONE', #5478, #2575, #5950 ) ;
#6027 = VERTEX_POINT ( 'NONE', #563 ) ;
#6028 = LINE ( 'NONE', #3571, #479 ) ;
#6029 = EDGE_CURVE ( 'NONE', #3166, #3074, #4119, .T. ) ;
#6030 = CARTESIAN_POINT ( 'NONE',  ( 4.750000000000000900, -0.9370666808418981500, -0.6727116369391208400 ) ) ;
#6031 = VERTEX_POINT ( 'NONE', #2957 ) ;
#6032 = LINE ( 'NONE', #5079, #4254 ) ;
#6033 = AXIS2_PLACEMENT_3D ( 'NONE', #5274, #2866, #81 ) ;
#6034 = CARTESIAN_POINT ( 'NONE',  ( 1.249999999999999300, -3.049999999999997200, 0.2500000000000003300 ) ) ;
#6035 = ORIENTED_EDGE ( 'NONE', *, *, #5291, .F. ) ;
#6036 = CARTESIAN_POINT ( 'NONE',  ( 4.750000000000000900, -1.023890769675363900, -0.1651155134452243500 ) ) ;
#6037 = PLANE ( 'NONE',  #3612 ) ;
#6038 = EDGE_CURVE ( 'NONE', #2735, #4249, #3588, .T. ) ;
#6039 = EDGE_LOOP ( 'NONE', ( #2464, #707, #1375, #77 ) ) ;
#6040 = VECTOR ( 'NONE', #1214, 1000.000000000000000 ) ;
#6041 = ORIENTED_EDGE ( 'NONE', *, *, #3322, .F. ) ;
#6042 = PLANE ( 'NONE',  #945 ) ;
#6043 = VECTOR ( 'NONE', #5053, 1000.000000000000000 ) ;
#6044 = ORIENTED_EDGE ( 'NONE', *, *, #4466, .T. ) ;
#6045 = CARTESIAN_POINT ( 'NONE',  ( 1.249999999999999300, -7.507106781186548600, -0.2500000000000001100 ) ) ;
#6046 = DIRECTION ( 'NONE',  ( 0.0000000000000000000, 0.0000000000000000000, -1.000000000000000000 ) ) ;
#6047 = VECTOR ( 'NONE', #1392, 1000.000000000000000 ) ;
#6048 = EDGE_CURVE ( 'NONE', #4642, #3435, #2899, .T. ) ;
#6049 = EDGE_CURVE ( 'NONE', #6104, #1802, #4566, .T. ) ;
#6050 = ORIENTED_EDGE ( 'NONE', *, *, #311, .T. ) ;
#6051 = CARTESIAN_POINT ( 'NONE',  ( -5.250000000000000900, -0.9370666808418981500, -0.3272883630608796600 ) ) ;
#6052 = LINE ( 'NONE', #3508, #1906 ) ;
#6053 = DIRECTION ( 'NONE',  ( -1.000000000000000000, -0.0000000000000000000, -0.0000000000000000000 ) ) ;
#6054 = PLANE ( 'NONE',  #4145 ) ;
#6055 = DIRECTION ( 'NONE',  ( 0.0000000000000000000, -0.3420201433256668300, 0.9396926207859090900 ) ) ;
#6056 = AXIS2_PLACEMENT_3D ( 'NONE', #1107, #226, #3080 ) ;
#6057 = VERTEX_POINT ( 'NONE', #1008 ) ;
#6058 = AXIS2_PLACEMENT_3D ( 'NONE', #2042, #2533, #1244 ) ;
#6059 = ORIENTED_EDGE ( 'NONE', *, *, #3198, .T. ) ;
#6060 = DIRECTION ( 'NONE',  ( -0.0000000000000000000, -1.000000000000000000, 1.355252715606880500E-016 ) ) ;
#6061 = EDGE_CURVE ( 'NONE', #861, #5141, #1984, .T. ) ;
#6062 = CARTESIAN_POINT ( 'NONE',  ( 0.0000000000000000000, 4.800000000000000700, -0.1226104180068295500 ) ) ;
#6063 = ADVANCED_FACE ( 'NONE', ( #5624 ), #4387, .T. ) ;
#6064 = LINE ( 'NONE', #5895, #3060 ) ;
#6065 = DIRECTION ( 'NONE',  ( 1.000000000000000000, 0.0000000000000000000, 0.0000000000000000000 ) ) ;
#6066 = ORIENTED_EDGE ( 'NONE', *, *, #1526, .T. ) ;
#6067 = FACE_OUTER_BOUND ( 'NONE', #6115, .T. ) ;
#6068 = EDGE_LOOP ( 'NONE', ( #5112, #399, #2937, #1233 ) ) ;
#6069 = LINE ( 'NONE', #3459, #4578 ) ;
#6070 = ORIENTED_EDGE ( 'NONE', *, *, #5355, .F. ) ;
#6071 = AXIS2_PLACEMENT_3D ( 'NONE', #3147, #4583, #5593 ) ;
#6072 = EDGE_CURVE ( 'NONE', #3480, #6092, #366, .T. ) ;
#6073 = DIRECTION ( 'NONE',  ( -1.000000000000000000, -0.0000000000000000000, -0.0000000000000000000 ) ) ;
#6074 = VECTOR ( 'NONE', #5382, 1000.000000000000000 ) ;
#6075 = DIRECTION ( 'NONE',  ( 0.3236155771181831700, 0.8891264907159895900, -0.3236155771181831700 ) ) ;
#6076 = SURFACE_SIDE_STYLE ('',( #1069 ) ) ;
#6077 = PLANE ( 'NONE',  #4910 ) ;
#6078 = DIRECTION ( 'NONE',  ( 0.0000000000000000000, 0.0000000000000000000, 1.000000000000000000 ) ) ;
#6079 = FACE_OUTER_BOUND ( 'NONE', #1590, .T. ) ;
#6080 = DIRECTION ( 'NONE',  ( -1.000000000000000000, 0.0000000000000000000, -0.0000000000000000000 ) ) ;
#6081 = AXIS2_PLACEMENT_3D ( 'NONE', #5368, #5766, #2880 ) ;
#6082 = CARTESIAN_POINT ( 'NONE',  ( 0.0000000000000000000, 0.0000000000000000000, 0.0000000000000000000 ) ) ;
#6083 = FACE_OUTER_BOUND ( 'NONE', #3574, .T. ) ;
#6084 = ORIENTED_EDGE ( 'NONE', *, *, #3719, .T. ) ;
#6085 = ORIENTED_EDGE ( 'NONE', *, *, #354, .T. ) ;
#6086 = CARTESIAN_POINT ( 'NONE',  ( 6.950000000000000200, 0.0000000000000000000, -2.799999999999999400 ) ) ;
#6087 = COLOUR_RGB ( '',0.7921568627450980000, 0.8196078431372548800, 0.9333333333333333500 ) ;
#6088 = VECTOR ( 'NONE', #2324, 1000.000000000000000 ) ;
#6089 = ORIENTED_EDGE ( 'NONE', *, *, #3474, .T. ) ;
#6090 = DIRECTION ( 'NONE',  ( 0.0000000000000000000, 0.0000000000000000000, 1.000000000000000000 ) ) ;
#6091 = VECTOR ( 'NONE', #5194, 1000.000000000000000 ) ;
#6092 = VERTEX_POINT ( 'NONE', #2911 ) ;
#6093 = DIRECTION ( 'NONE',  ( -0.0000000000000000000, -0.0000000000000000000, 1.000000000000000000 ) ) ;
#6094 = CLOSED_SHELL ( 'NONE', ( #767, #3831, #5721, #2424, #3411, #1021, #3908, #520, #3862, #5049, #1919, #978, #3373, #1738 ) ) ;
#6095 = DIRECTION ( 'NONE',  ( -1.000000000000000000, -0.0000000000000000000, -0.0000000000000000000 ) ) ;
#6096 = VERTEX_POINT ( 'NONE', #4445 ) ;
#6097 = CARTESIAN_POINT ( 'NONE',  ( 4.151803857088467900, -0.5723142658723154900, -1.151803857088474300 ) ) ;
#6098 = DIRECTION ( 'NONE',  ( -1.000000000000000000, -0.0000000000000000000, -0.0000000000000000000 ) ) ;
#6099 = EDGE_CURVE ( 'NONE', #5780, #5634, #5689, .T. ) ;
#6100 = VECTOR ( 'NONE', #13, 999.9999999999998900 ) ;
#6101 = ORIENTED_EDGE ( 'NONE', *, *, #379, .F. ) ;
#6102 = VECTOR ( 'NONE', #3763, 1000.000000000000000 ) ;
#6103 = CARTESIAN_POINT ( 'NONE',  ( 2.949202849842329400E-014, 2.580384757729283300, -2.099999999999944600 ) ) ;
#6104 = VERTEX_POINT ( 'NONE', #5880 ) ;
#6105 = EDGE_CURVE ( 'NONE', #4944, #2938, #4355, .T. ) ;
#6106 = VECTOR ( 'NONE', #3176, 1000.000000000000000 ) ;
#6107 = CARTESIAN_POINT ( 'NONE',  ( -4.750000000000000900, -0.1874133361683795700, 0.3345423273878239700 ) ) ;
#6108 = DIRECTION ( 'NONE',  ( 0.0000000000000000000, 0.9848077530122076900, -0.1736481776669322700 ) ) ;
#6109 = ORIENTED_EDGE ( 'NONE', *, *, #5468, .T. ) ;
#6110 = VERTEX_POINT ( 'NONE', #2418 ) ;
#6111 = VECTOR ( 'NONE', #3477, 1000.000000000000000 ) ;
#6112 = DIRECTION ( 'NONE',  ( 1.020425574104003900E-016, -1.000000000000000000, -3.854941057726238600E-016 ) ) ;
#6113 = PLANE ( 'NONE',  #5281 ) ;
#6114 = VERTEX_POINT ( 'NONE', #158 ) ;
#6115 = EDGE_LOOP ( 'NONE', ( #1792, #1154, #5980, #4182 ) ) ;
#6116 = FACE_OUTER_BOUND ( 'NONE', #2815, .T. ) ;
#6117 = ORIENTED_EDGE ( 'NONE', *, *, #5711, .F. ) ;
#6118 = DIRECTION ( 'NONE',  ( 1.000000000000000000, 0.0000000000000000000, 0.0000000000000000000 ) ) ;
#6119 = ADVANCED_FACE ( 'NONE', ( #1838 ), #4469, .T. ) ;
#6120 = PLANE ( 'NONE',  #5604 ) ;
#6121 = FACE_OUTER_BOUND ( 'NONE', #3847, .T. ) ;
#6122 = ORIENTED_EDGE ( 'NONE', *, *, #3141, .F. ) ;
#6123 = CARTESIAN_POINT ( 'NONE',  ( -3.800000000000000300, 6.000000000000000900, 1.700000000000000000 ) ) ;
#6124 = DIRECTION ( 'NONE',  ( 0.3236155771181831700, -0.8891264907159895900, 0.3236155771181831700 ) ) ;
#6125 = EDGE_CURVE ( 'NONE', #5499, #865, #3128, .T. ) ;
#6126 = VECTOR ( 'NONE', #400, 1000.000000000000000 ) ;
#6127 = EDGE_CURVE ( 'NONE', #212, #5062, #219, .T. ) ;
#6128 = LINE ( 'NONE', #3549, #369 ) ;
#6129 = EDGE_LOOP ( 'NONE', ( #5033, #5601, #9, #3395 ) ) ;
#6130 = DIRECTION ( 'NONE',  ( 0.0000000000000000000, 3.854941057726237100E-016, -1.000000000000000000 ) ) ;
#6131 = CARTESIAN_POINT ( 'NONE',  ( -6.950000000000000200, 5.999999999999999100, -3.589083053745118500E-015 ) ) ;
#6132 = CARTESIAN_POINT ( 'NONE',  ( -2.250000000000001300, -9.629649721936179300E-032, -2.799999999999999800 ) ) ;
#6133 = STYLED_ITEM ( 'NONE', ( #2363 ), #1350 ) ;
#6134 = ADVANCED_FACE ( 'NONE', ( #5168 ), #4006, .F. ) ;
#6135 = VECTOR ( 'NONE', #3209, 1000.000000000000000 ) ;
#6136 = ORIENTED_EDGE ( 'NONE', *, *, #2034, .F. ) ;
#6137 = ORIENTED_EDGE ( 'NONE', *, *, #4404, .T. ) ;
#6138 = LINE ( 'NONE', #3556, #231 ) ;
#6139 = CARTESIAN_POINT ( 'NONE',  ( 4.249999999999999100, 0.1999999999999999300, -2.799999999999999800 ) ) ;
#6140 = DIRECTION ( 'NONE',  ( 0.3236155771181826700, -0.8891264907159897000, -0.3236155771181827800 ) ) ;
#6141 = VECTOR ( 'NONE', #5471, 1000.000000000000000 ) ;
#6142 = ORIENTED_EDGE ( 'NONE', *, *, #5424, .T. ) ;
#6143 = VECTOR ( 'NONE', #278, 1000.000000000000000 ) ;
#6144 = CARTESIAN_POINT ( 'NONE',  ( 1.109769791640809800, -3.435279330992292700, 0.1097697916408097600 ) ) ;
#6145 = CARTESIAN_POINT ( 'NONE',  ( 5.749999999999999100, 0.2000000000000000100, -2.799999999999999800 ) ) ;
#6146 = AXIS2_PLACEMENT_3D ( 'NONE', #3765, #4291, #5706 ) ;
#6147 = VECTOR ( 'NONE', #3129, 1000.000000000000000 ) ;
#6148 = EDGE_CURVE ( 'NONE', #5879, #286, #3055, .T. ) ;
#6149 = ADVANCED_FACE ( 'NONE', ( #1324 ), #662, .F. ) ;
#6150 = VERTEX_POINT ( 'NONE', #1560 ) ;
#6151 = VECTOR ( 'NONE', #4188, 1000.000000000000000 ) ;
#6152 = DIRECTION ( 'NONE',  ( 0.9396926207859098700, -0.3420201433256647700, 0.0000000000000000000 ) ) ;
#6153 = VECTOR ( 'NONE', #6171, 1000.000000000000000 ) ;
#6154 = DIRECTION ( 'NONE',  ( 0.0000000000000000000, 0.0000000000000000000, -1.000000000000000000 ) ) ;
#6155 = ORIENTED_EDGE ( 'NONE', *, *, #1797, .F. ) ;
#6156 = VECTOR ( 'NONE', #4746, 1000.000000000000000 ) ;
#6157 = DIRECTION ( 'NONE',  ( -1.000000000000000000, -0.0000000000000000000, -0.0000000000000000000 ) ) ;
#6158 = DIRECTION ( 'NONE',  ( 0.0000000000000000000, -0.0000000000000000000, 1.000000000000000000 ) ) ;
#6159 = EDGE_LOOP ( 'NONE', ( #2102, #903, #524, #2741 ) ) ;
#6160 = ORIENTED_EDGE ( 'NONE', *, *, #3925, .T. ) ;
#6161 = FACE_OUTER_BOUND ( 'NONE', #2556, .T. ) ;
#6162 = ADVANCED_FACE ( 'NONE', ( #874 ), #5963, .T. ) ;
#6163 = EDGE_CURVE ( 'NONE', #3569, #4408, #2968, .T. ) ;
#6164 = DIRECTION ( 'NONE',  ( 0.0000000000000000000, -0.0000000000000000000, 1.000000000000000000 ) ) ;
#6165 = DIRECTION ( 'NONE',  ( 0.0000000000000000000, -0.0000000000000000000, 1.000000000000000000 ) ) ;
#6166 = ORIENTED_EDGE ( 'NONE', *, *, #4189, .T. ) ;
#6167 = VERTEX_POINT ( 'NONE', #1646 ) ;
#6168 = ORIENTED_EDGE ( 'NONE', *, *, #1839, .T. ) ;
#6169 = VECTOR ( 'NONE', #3722, 1000.000000000000000 ) ;
#6170 = VERTEX_POINT ( 'NONE', #4969 ) ;
#6171 = DIRECTION ( 'NONE',  ( -1.000000000000000000, 0.0000000000000000000, 0.0000000000000000000 ) ) ;
#6172 = CARTESIAN_POINT ( 'NONE',  ( -4.750000000000000900, 4.449999999999997500, -0.2500000000000001700 ) ) ;
#6173 = DIRECTION ( 'NONE',  ( 0.0000000000000000000, 0.0000000000000000000, 1.000000000000000000 ) ) ;
#6174 = ORIENTED_EDGE ( 'NONE', *, *, #2954, .T. ) ;
#6175 = PLANE ( 'NONE',  #1407 ) ;
#6176 = EDGE_CURVE ( 'NONE', #5948, #3396, #723, .T. ) ;
#6177 = VECTOR ( 'NONE', #1780, 1000.000000000000000 ) ;
#6178 = EDGE_LOOP ( 'NONE', ( #3106, #1223, #2477, #2243 ) ) ;
#6179 = ADVANCED_FACE ( 'NONE', ( #277 ), #5216, .F. ) ;
#6180 = VERTEX_POINT ( 'NONE', #683 ) ;
#6181 = DIRECTION ( 'NONE',  ( -1.000000000000000000, -0.0000000000000000000, -0.0000000000000000000 ) ) ;
#6182 = ADVANCED_FACE ( 'NONE', ( #4774 ), #2542, .F. ) ;
#6183 = CARTESIAN_POINT ( 'NONE',  ( -2.750000000000000900, 1.749999999999998900, -0.2499999999999996700 ) ) ;
#6184 = LINE ( 'NONE', #2775, #1892 ) ;
#6185 = ORIENTED_EDGE ( 'NONE', *, *, #4621, .T. ) ;
#6186 = EDGE_CURVE ( 'NONE', #2735, #1030, #5953, .T. ) ;
#6187 = CARTESIAN_POINT ( 'NONE',  ( 4.877389581993172700, -3.443412044416733300, -0.2462019382530505900 ) ) ;
#6188 = DIRECTION ( 'NONE',  ( 1.000000000000000000, 0.0000000000000000000, 0.0000000000000000000 ) ) ;
#6189 = ORIENTED_EDGE ( 'NONE', *, *, #3281, .F. ) ;
#6190 = CARTESIAN_POINT ( 'NONE',  ( 0.0000000000000000000, 0.0000000000000000000, -2.099999999999944600 ) ) ;
#6191 = VECTOR ( 'NONE', #712, 1000.000000000000000 ) ;
#6192 = EDGE_LOOP ( 'NONE', ( #481, #1493, #2179, #3320 ) ) ;
#6193 = AXIS2_PLACEMENT_3D ( 'NONE', #4648, #1573, #4042 ) ;
#6194 = ORIENTED_EDGE ( 'NONE', *, *, #2213, .T. ) ;
#6195 = LINE ( 'NONE', #5520, #5383 ) ;
#6196 = CARTESIAN_POINT ( 'NONE',  ( -6.299999999999999800, 1.749999999999999800, -2.399999999999944000 ) ) ;
#6197 = DIRECTION ( 'NONE',  ( -1.000000000000000000, -0.0000000000000000000, 0.0000000000000000000 ) ) ;
#6198 = DIRECTION ( 'NONE',  ( 0.0000000000000000000, 2.478176394252581100E-016, -1.000000000000000000 ) ) ;
#6199 = DIRECTION ( 'NONE',  ( 0.3236155771181831700, 0.8891264907159895900, -0.3236155771181831700 ) ) ;
#6200 = ADVANCED_FACE ( 'NONE', ( #1666 ), #2033, .F. ) ;
#6201 = ORIENTED_EDGE ( 'NONE', *, *, #3281, .T. ) ;
#6202 = FACE_OUTER_BOUND ( 'NONE', #2551, .T. ) ;
#6203 = DIRECTION ( 'NONE',  ( 1.000000000000000000, 0.0000000000000000000, 0.0000000000000000000 ) ) ;
#6204 = DIRECTION ( 'NONE',  ( 0.3236155771181831700, -0.8891264907159895900, -0.3236155771181831700 ) ) ;
#6205 = ORIENTED_EDGE ( 'NONE', *, *, #1549, .T. ) ;
#6206 = NEXT_ASSEMBLY_USAGE_OCCURRENCE ( 'NAUO1', ' ', ' ', #5187, #3909, $ ) ;
ENDSEC;
END-ISO-10303-21;
